model,seed,epoch,optimizer_updates,train_weighted_normalized_mse,validation_equal_study_mse
token_cnn,1103,1,21,1.0185857516885803,0.08007385581731796
token_cnn,1103,2,42,0.900616351194447,0.09519883990287781
token_cnn,1103,3,63,0.7763430451220986,0.08320670574903488
token_cnn,1103,4,84,0.7278667682922259,0.08903205394744873
token_cnn,1103,5,105,0.6750834879762602,0.12056589871644974
token_cnn,1103,6,126,0.6554266947512398,0.09034217894077301
token_cnn,1103,7,147,0.611490499492102,0.08934269100427628
token_cnn,1103,8,168,0.6071838621682822,0.10097452253103256
token_cnn,1103,9,189,0.5821581875560671,0.08943440020084381
token_cnn,1103,10,210,0.5658135440907038,0.07821274548768997
token_cnn,1103,11,231,0.553563709873692,0.07371784746646881
token_cnn,1103,12,252,0.5202539109221326,0.08023203164339066
token_cnn,1103,13,273,0.5117175486690655,0.07978374511003494
token_cnn,1103,14,294,0.48136717689373254,0.07355348020792007
token_cnn,1103,15,315,0.4903728744952804,0.08200487494468689
token_cnn,1103,16,336,0.4772785428999402,0.09402205049991608
token_cnn,1103,17,357,0.47704417314678316,0.06860881298780441
token_cnn,1103,18,378,0.47990013258382735,0.07257324457168579
token_cnn,1103,19,399,0.46526318961032365,0.10432100296020508
token_cnn,1103,20,420,0.4442756209360763,0.08166224509477615
token_cnn,1103,21,441,0.434640228067385,0.08779802173376083
token_cnn,1103,22,462,0.40803322970004635,0.10090486705303192
token_cnn,1103,23,483,0.3959113569406726,0.07840331643819809
token_cnn,1103,24,504,0.4066258432841537,0.0809653028845787
token_cnn,1103,25,525,0.4087388601724373,0.08529160916805267
token_cnn,1103,26,546,0.39900449131702703,0.08439965546131134
token_cnn,1103,27,567,0.3804585099992004,0.08013245463371277
token_cnn,1103,28,588,0.37644659928120644,0.09008660167455673
token_cnn,1103,29,609,0.36796595586317693,0.091889888048172
token_cnn,1103,30,630,0.3448614204828737,0.08095274865627289
token_cnn,1103,31,651,0.3944527861823222,0.0681125819683075
token_cnn,1103,32,672,0.35881716207021624,0.09975290298461914
token_cnn,1103,33,693,0.3651936395946388,0.0927475169301033
token_cnn,1103,34,714,0.3421772778351981,0.10973849147558212
token_cnn,1103,35,735,0.34704859862323945,0.10695715993642807
token_cnn,1103,36,756,0.32897446412942105,0.11268788576126099
token_cnn,1103,37,777,0.3592625792504991,0.09495110809803009
token_cnn,1103,38,798,0.31897505206500676,0.09917354583740234
token_cnn,1103,39,819,0.33025640771303666,0.09592445939779282
token_cnn,1103,40,840,0.33181638099814953,0.09139397740364075
token_cnn,1103,41,861,0.32815953292468986,0.07963374257087708
token_cnn,1103,42,882,0.31409416309723126,0.09214166551828384
token_cnn,1103,43,903,0.3075448268257019,0.10498983412981033
token_cnn,1103,44,924,0.30826399092309276,0.11122053861618042
token_cnn,1103,45,945,0.3339657093322377,0.1083773598074913
token_cnn,1103,46,966,0.3046630467972679,0.09996717423200607
token_cnn,2207,1,21,0.9883452051483033,0.08143109083175659
token_cnn,2207,2,42,0.876159036785977,0.08531788736581802
token_cnn,2207,3,63,0.756700027742553,0.12069026380777359
token_cnn,2207,4,84,0.6655487823105004,0.13509738445281982
token_cnn,2207,5,105,0.673136543337843,0.12322182208299637
token_cnn,2207,6,126,0.6457791158649999,0.12743647396564484
token_cnn,2207,7,147,0.6010123684673208,0.0842519998550415
token_cnn,2207,8,168,0.5936938197396678,0.12500791251659393
token_cnn,2207,9,189,0.5822829028530513,0.10265717655420303
token_cnn,2207,10,210,0.5420499192742292,0.10111799091100693
token_cnn,2207,11,231,0.5285493985715025,0.08553896844387054
token_cnn,2207,12,252,0.48620724569089707,0.08222565054893494
token_cnn,2207,13,273,0.48958016640342833,0.090690478682518
token_cnn,2207,14,294,0.4457966172776872,0.09085913002490997
token_cnn,2207,15,315,0.45136060741051226,0.11637777090072632
token_cnn,2207,16,336,0.5450156240951716,0.0955539345741272
token_cnn,3301,1,21,0.9944969150553381,0.08261549472808838
token_cnn,3301,2,42,0.88242281672615,0.09157086908817291
token_cnn,3301,3,63,0.7977132507162247,0.07241683453321457
token_cnn,3301,4,84,0.7433231811621492,0.0897662416100502
token_cnn,3301,5,105,0.7063548474119351,0.08374897390604019
token_cnn,3301,6,126,0.681650696414532,0.09020572900772095
token_cnn,3301,7,147,0.6358269949224462,0.0761243999004364
token_cnn,3301,8,168,0.6332716251817806,0.06478652358055115
token_cnn,3301,9,189,0.6131906803563998,0.08141792565584183
token_cnn,3301,10,210,0.5681779230494401,0.08018757402896881
token_cnn,3301,11,231,0.5505137309171004,0.0875805988907814
token_cnn,3301,12,252,0.5404791284951198,0.0760272890329361
token_cnn,3301,13,273,0.5285267646496112,0.06229768693447113
token_cnn,3301,14,294,0.5378275296203253,0.07929488271474838
token_cnn,3301,15,315,0.48441165939869996,0.09723707288503647
token_cnn,3301,16,336,0.4731165555625677,0.0821400135755539
token_cnn,3301,17,357,0.46176536793211265,0.09590860456228256
token_cnn,3301,18,378,0.4545077064612941,0.1025889441370964
token_cnn,3301,19,399,0.4570478960383692,0.08154800534248352
token_cnn,3301,20,420,0.4436305815358245,0.07071936130523682
token_cnn,3301,21,441,0.43103440240967483,0.07045243680477142
token_cnn,3301,22,462,0.4262790672441339,0.08209864050149918
token_cnn,3301,23,483,0.4240470381633798,0.08628926426172256
token_cnn,3301,24,504,0.40180779708675635,0.09115896373987198
token_cnn,3301,25,525,0.3993836808141097,0.09300915151834488
token_cnn,3301,26,546,0.39724896349983185,0.0905010774731636
token_cnn,3301,27,567,0.37433621804857653,0.09781385958194733
token_cnn,3301,28,588,0.37929522785764563,0.08970841020345688
nongraph,1103,1,21,1.3349940930716608,0.06268208473920822
nongraph,1103,2,42,0.8134776924914834,0.08555058389902115
nongraph,1103,3,63,0.7048469939852887,0.06521549075841904
nongraph,1103,4,84,0.6484721672961663,0.09601052850484848
nongraph,1103,5,105,0.6110625958406372,0.08777383714914322
nongraph,1103,6,126,0.5664842245420788,0.08098021894693375
nongraph,1103,7,147,0.544322915233371,0.09066150337457657
nongraph,1103,8,168,0.5120589281889835,0.1049295961856842
nongraph,1103,9,189,0.5133720644539036,0.11535543203353882
nongraph,1103,10,210,0.5071701189986823,0.08009177446365356
nongraph,1103,11,231,0.45642188432011455,0.07086419314146042
nongraph,1103,12,252,0.4619630969215329,0.08468762040138245
nongraph,1103,13,273,0.44894316579127985,0.08512377738952637
nongraph,1103,14,294,0.4690353097755856,0.08192520588636398
nongraph,1103,15,315,0.42381446405121687,0.09315723180770874
nongraph,1103,16,336,0.41819181881691786,0.09153514355421066
nongraph,2207,1,21,0.9180923872382606,0.09932995587587357
nongraph,2207,2,42,0.7909494044212376,0.06984986364841461
nongraph,2207,3,63,0.6788571297623053,0.10893861949443817
nongraph,2207,4,84,0.6106744926573208,0.14961102604866028
nongraph,2207,5,105,0.6261709809575658,0.08608375489711761
nongraph,2207,6,126,0.5746634466813343,0.10356980562210083
nongraph,2207,7,147,0.5850452152446128,0.1208764985203743
nongraph,2207,8,168,0.581535719681222,0.10315363109111786
nongraph,2207,9,189,0.5240256352362883,0.07806122303009033
nongraph,2207,10,210,0.46913960823464373,0.06980672478675842
nongraph,2207,11,231,0.4922801396225757,0.09940167516469955
nongraph,2207,12,252,0.45375045434900213,0.09603538364171982
nongraph,2207,13,273,0.45629322326827937,0.07925976067781448
nongraph,2207,14,294,0.4394780867034392,0.08916687220335007
nongraph,2207,15,315,0.43352741062051,0.10350470244884491
nongraph,2207,16,336,0.43616424327303416,0.08563216775655746
nongraph,2207,17,357,0.40835001417815187,0.09150996804237366
nongraph,2207,18,378,0.42661349957713807,0.10129489004611969
nongraph,2207,19,399,0.39930919157759615,0.08138789236545563
nongraph,2207,20,420,0.3906962564222157,0.09327782690525055
nongraph,2207,21,441,0.4203432563689494,0.0833214521408081
nongraph,2207,22,462,0.38733957832720295,0.09810414165258408
nongraph,2207,23,483,0.3856433878304481,0.08022410422563553
nongraph,2207,24,504,0.37111901323348623,0.09471400827169418
nongraph,2207,25,525,0.37093090427711733,0.07841284573078156
nongraph,3301,1,21,1.0901529669126118,0.09800057113170624
nongraph,3301,2,42,0.8688343585400026,0.09692035615444183
nongraph,3301,3,63,0.7038659748464527,0.12726902961730957
nongraph,3301,4,84,0.6696458254619491,0.07441749423742294
nongraph,3301,5,105,0.625319279838135,0.12347060441970825
nongraph,3301,6,126,0.5915833975146585,0.0964435562491417
nongraph,3301,7,147,0.5545730657098136,0.11574352532625198
nongraph,3301,8,168,0.5262433020149763,0.09840397536754608
nongraph,3301,9,189,0.5305690131655924,0.08816461265087128
nongraph,3301,10,210,0.5284360784296761,0.0941159799695015
nongraph,3301,11,231,0.4921823584751963,0.07954533398151398
nongraph,3301,12,252,0.4780931232634702,0.07048729807138443
nongraph,3301,13,273,0.4714796495001823,0.07057659327983856
nongraph,3301,14,294,0.4582082995547653,0.12471402436494827
nongraph,3301,15,315,0.505835416338776,0.10169073194265366
nongraph,3301,16,336,0.4784092235819402,0.06413383036851883
nongraph,3301,17,357,0.4674612678649856,0.12219265848398209
nongraph,3301,18,378,0.408003895339944,0.10514385998249054
nongraph,3301,19,399,0.4299048078668453,0.079771988093853
nongraph,3301,20,420,0.40222064278004105,0.10164869576692581
nongraph,3301,21,441,0.3914797658785917,0.08378978073596954
nongraph,3301,22,462,0.38033085252298077,0.09136029332876205
nongraph,3301,23,483,0.4368048465079419,0.0895393118262291
nongraph,3301,24,504,0.3674967349574299,0.10318087041378021
nongraph,3301,25,525,0.35806169179860453,0.10701039433479309
nongraph,3301,26,546,0.3971126121323434,0.09063239395618439
nongraph,3301,27,567,0.3887961924711621,0.10388506203889847
nongraph,3301,28,588,0.3506341902177387,0.08530072867870331
nongraph,3301,29,609,0.41154718026802545,0.09206186234951019
nongraph,3301,30,630,0.35142507166328635,0.10949471592903137
nongraph,3301,31,651,0.3639441766951344,0.10675983130931854
gnn,1103,1,21,1.9215357243016034,0.048655614256858826
gnn,1103,2,42,0.8974191139240076,0.06659991294145584
gnn,1103,3,63,0.7366826242830403,0.07779759168624878
gnn,1103,4,84,0.7047788342581572,0.07930168509483337
gnn,1103,5,105,0.6267770499286085,0.10633116960525513
gnn,1103,6,126,0.6043074054747071,0.07178030163049698
gnn,1103,7,147,0.6000504104671638,0.10179053246974945
gnn,1103,8,168,0.5630328259391814,0.08066146075725555
gnn,1103,9,189,0.5307558634221236,0.1019003763794899
gnn,1103,10,210,0.5332490774119799,0.08753040432929993
gnn,1103,11,231,0.5438018345415183,0.07753181457519531
gnn,1103,12,252,0.5073742450690869,0.09681808948516846
gnn,1103,13,273,0.46912265224531235,0.09638197720050812
gnn,1103,14,294,0.47848640083812705,0.08363937586545944
gnn,1103,15,315,0.4824707785001349,0.08927427232265472
gnn,1103,16,336,0.45789521483183815,0.09884576499462128
gnn,2207,1,21,1.2060442707371548,0.09429922699928284
gnn,2207,2,42,0.7865653893281191,0.10979406535625458
gnn,2207,3,63,0.7375325063032134,0.09101662039756775
gnn,2207,4,84,0.6410152146540248,0.14018140733242035
gnn,2207,5,105,0.6021878683013219,0.09482790529727936
gnn,2207,6,126,0.5567947283829793,0.10310251265764236
gnn,2207,7,147,0.5169220299595472,0.08629443496465683
gnn,2207,8,168,0.5112001431051866,0.1031952053308487
gnn,2207,9,189,0.4845256193484955,0.08593504875898361
gnn,2207,10,210,0.48062951489431843,0.08864005655050278
gnn,2207,11,231,0.47670045127327537,0.09482308477163315
gnn,2207,12,252,0.43366899457671493,0.07477318495512009
gnn,2207,13,273,0.43054181105838146,0.07014821469783783
gnn,2207,14,294,0.4265822600247019,0.08697287738323212
gnn,2207,15,315,0.415770716777941,0.08940564841032028
gnn,2207,16,336,0.4180924725369107,0.07291032373905182
gnn,2207,17,357,0.3966151375127765,0.09278278052806854
gnn,2207,18,378,0.3674354517359999,0.09068939834833145
gnn,2207,19,399,0.35696428932493546,0.07324110716581345
gnn,2207,20,420,0.3662219470634954,0.09181440621614456
gnn,2207,21,441,0.3825957651866454,0.06985180079936981
gnn,2207,22,462,0.3370444962339191,0.08950451016426086
gnn,2207,23,483,0.3476471723896442,0.08412521332502365
gnn,2207,24,504,0.3299981803893589,0.09004344791173935
gnn,2207,25,525,0.32433595965131945,0.07563497871160507
gnn,2207,26,546,0.37629780627259385,0.07856020331382751
gnn,2207,27,567,0.3324310467475621,0.09032493829727173
gnn,2207,28,588,0.36702190585837324,0.07511121779680252
gnn,2207,29,609,0.335787784186194,0.08137168735265732
gnn,2207,30,630,0.2944119886607953,0.08654031157493591
gnn,2207,31,651,0.3053870428657132,0.09182888269424438
gnn,2207,32,672,0.3015806239498361,0.07696675509214401
gnn,2207,33,693,0.3231805482168554,0.06717661768198013
gnn,2207,34,714,0.3105576915406854,0.09015896171331406
gnn,2207,35,735,0.30769768402672687,0.0841500461101532
gnn,2207,36,756,0.3037405159077568,0.08108879625797272
gnn,2207,37,777,0.3236269897980628,0.07473644614219666
gnn,2207,38,798,0.29765875554684,0.07687075436115265
gnn,2207,39,819,0.31578564201251114,0.10611889511346817
gnn,2207,40,840,0.2981954363812405,0.08535442501306534
gnn,2207,41,861,0.2932049797596772,0.0802125409245491
gnn,2207,42,882,0.27858719029956797,0.08560149371623993
gnn,2207,43,903,0.29987630489802236,0.08033959567546844
gnn,2207,44,924,0.29250446095869725,0.08801671117544174
gnn,2207,45,945,0.2746646526834934,0.07728703320026398
gnn,2207,46,966,0.2715784753449346,0.09246820211410522
gnn,2207,47,987,0.27055096367525855,0.08372601866722107
gnn,2207,48,1008,0.2747286597078117,0.08245139569044113
gnn,3301,1,21,1.7555261369615862,0.07218948006629944
gnn,3301,2,42,0.9039084263094853,0.0676710233092308
gnn,3301,3,63,0.8000041210551527,0.11153926700353622
gnn,3301,4,84,0.7265236883878889,0.07635486871004105
gnn,3301,5,105,0.6418584645112234,0.13916879892349243
gnn,3301,6,126,0.5967461458958475,0.10096471756696701
gnn,3301,7,147,0.5676323375171681,0.11064183712005615
gnn,3301,8,168,0.5227921381536006,0.10999853163957596
gnn,3301,9,189,0.5101087394100241,0.08391866087913513
gnn,3301,10,210,0.5170720291110458,0.10334466397762299
gnn,3301,11,231,0.49922353669331443,0.08424638211727142
gnn,3301,12,252,0.46167920168946014,0.08514105528593063
gnn,3301,13,273,0.43581245477564534,0.07347489148378372
gnn,3301,14,294,0.45726641013889213,0.13932211697101593
gnn,3301,15,315,0.49117275146428446,0.10685426741838455
gnn,3301,16,336,0.4654675941837715,0.07392846047878265
gnn,3301,17,357,0.43420403673734176,0.12024824321269989
gnn_no_chemistry,1103,1,21,1.8257859845880506,0.09355415403842926
gnn_no_chemistry,1103,2,42,0.9181781769343578,0.07466679811477661
gnn_no_chemistry,1103,3,63,0.8529253810394473,0.06033866107463837
gnn_no_chemistry,1103,4,84,0.8274502721526472,0.06922086328268051
gnn_no_chemistry,1103,5,105,0.8227809747029876,0.07598812133073807
gnn_no_chemistry,1103,6,126,0.8218329968746618,0.057267218828201294
gnn_no_chemistry,1103,7,147,0.7833449102410449,0.052295584231615067
gnn_no_chemistry,1103,8,168,0.8329662314282059,0.08228541910648346
gnn_no_chemistry,1103,9,189,0.7914971534477693,0.060431670397520065
gnn_no_chemistry,1103,10,210,0.778919130359455,0.05625347048044205
gnn_no_chemistry,1103,11,231,0.7648095611343834,0.05033252760767937
gnn_no_chemistry,1103,12,252,0.7665299305639827,0.06588954478502274
gnn_no_chemistry,1103,13,273,0.739862096373216,0.05385780707001686
gnn_no_chemistry,1103,14,294,0.7317214150149134,0.05717725679278374
gnn_no_chemistry,1103,15,315,0.7297585311048556,0.063158318400383
gnn_no_chemistry,1103,16,336,0.7276328010406552,0.06120793893933296
gnn_no_chemistry,1103,17,357,0.734412390633748,0.060970403254032135
gnn_no_chemistry,1103,18,378,0.7304661830508428,0.060284312814474106
gnn_no_chemistry,1103,19,399,0.7413834921295009,0.06695879995822906
gnn_no_chemistry,1103,20,420,0.7482483261701086,0.06087624654173851
gnn_no_chemistry,1103,21,441,0.7305533459008603,0.06265614181756973
gnn_no_chemistry,1103,22,462,0.7434631308479701,0.06811653822660446
gnn_no_chemistry,1103,23,483,0.7300185584331957,0.06161206588149071
gnn_no_chemistry,1103,24,504,0.7232596294987047,0.06173548847436905
gnn_no_chemistry,1103,25,525,0.7219633584429268,0.06614314019680023
gnn_no_chemistry,1103,26,546,0.7216052026214803,0.060040898621082306
gnn_no_chemistry,2207,1,21,1.2589038225502251,0.0727737620472908
gnn_no_chemistry,2207,2,42,0.99577520239562,0.07896389812231064
gnn_no_chemistry,2207,3,63,0.8138327229504175,0.07267934828996658
gnn_no_chemistry,2207,4,84,0.8132550506671693,0.07844269275665283
gnn_no_chemistry,2207,5,105,0.8523557391315585,0.06625019758939743
gnn_no_chemistry,2207,6,126,0.7729776979673026,0.05911770835518837
gnn_no_chemistry,2207,7,147,0.7571680553978123,0.05316616967320442
gnn_no_chemistry,2207,8,168,0.7609836930821892,0.07650026679039001
gnn_no_chemistry,2207,9,189,0.7581702005472786,0.06138692423701286
gnn_no_chemistry,2207,10,210,0.7435107211392977,0.06260035187005997
gnn_no_chemistry,2207,11,231,0.7408199882516403,0.07359714806079865
gnn_no_chemistry,2207,12,252,0.7424829876885919,0.06472983211278915
gnn_no_chemistry,2207,13,273,0.7263830600807164,0.06833777576684952
gnn_no_chemistry,2207,14,294,0.7286449796083948,0.06883496791124344
gnn_no_chemistry,2207,15,315,0.744821916440018,0.07704944908618927
gnn_no_chemistry,2207,16,336,0.7332440001630456,0.05818748101592064
gnn_no_chemistry,2207,17,357,0.7331578072390299,0.06541215628385544
gnn_no_chemistry,2207,18,378,0.7303017418255628,0.06260281056165695
gnn_no_chemistry,2207,19,399,0.726440108285455,0.07253849506378174
gnn_no_chemistry,2207,20,420,0.729186114789145,0.06517170369625092
gnn_no_chemistry,2207,21,441,0.722482595385619,0.06485504657030106
gnn_no_chemistry,2207,22,462,0.7246319601668353,0.07393956929445267
gnn_no_chemistry,3301,1,21,2.669999653772825,0.07569947838783264
gnn_no_chemistry,3301,2,42,0.879600823243338,0.07754449546337128
gnn_no_chemistry,3301,3,63,0.8557464196676529,0.07481784373521805
gnn_no_chemistry,3301,4,84,0.8301701035920845,0.06389307230710983
gnn_no_chemistry,3301,5,105,0.8472112565211276,0.07126346975564957
gnn_no_chemistry,3301,6,126,0.8175369126825776,0.07277598977088928
gnn_no_chemistry,3301,7,147,0.7871753276075376,0.054835639894008636
gnn_no_chemistry,3301,8,168,0.7782302691749462,0.06303180009126663
gnn_no_chemistry,3301,9,189,0.7465888151937283,0.06152678653597832
gnn_no_chemistry,3301,10,210,0.7551047591335067,0.054158445447683334
gnn_no_chemistry,3301,11,231,0.7591077396185091,0.05824097618460655
gnn_no_chemistry,3301,12,252,0.73230001305408,0.058014869689941406
gnn_no_chemistry,3301,13,273,0.7408346942791209,0.06207532808184624
gnn_no_chemistry,3301,14,294,0.7433099990025424,0.059911519289016724
gnn_no_chemistry,3301,15,315,0.7310727169199563,0.06453801691532135
gnn_no_chemistry,3301,16,336,0.7336526619779727,0.06747256964445114
gnn_no_chemistry,3301,17,357,0.7330031965129356,0.06434401869773865
gnn_no_chemistry,3301,18,378,0.7286888042298874,0.07275091856718063
gnn_no_chemistry,3301,19,399,0.722523738115867,0.06412595510482788
gnn_no_chemistry,3301,20,420,0.7165764216830144,0.06863410025835037
gnn_no_chemistry,3301,21,441,0.7261800000164587,0.06263859570026398
gnn_no_chemistry,3301,22,462,0.7282906059808433,0.06738534569740295
gnn_no_chemistry,3301,23,483,0.7068742301658375,0.0643225908279419
gnn_no_chemistry,3301,24,504,0.6974253471308053,0.06614850461483002
gnn_no_chemistry,3301,25,525,0.7123145633132423,0.06666896492242813
