stratum,arm,total_budget_s,amortization_instances,offline_charge_s,n,decision_coverage,mean_gap_at_total_budget,gap_unavailable_n,unresolved_n,mean_unresolved_gap_when_available,unresolved_gap_available_n,online_timeouts,online_wall_p90_s,numerical_status,capability_gate_passed
original_family,combined,0.01,1,0.0,12,0.0,,12,12,,0,12,0.010102009610272944,float_unverified,False
original_family,fixed_conditional,0.01,1,0.0,12,0.0,,12,12,,0,12,0.010094741103239357,float_unverified,False
original_family,deterministic_selective,0.01,1,0.0,12,0.0,,12,12,,0,12,0.010095123969949781,float_unverified,False
original_family,learned_selective,0.01,1,0.9790859699714929,12,0.0,,12,12,,0,12,0.010094374185428023,float_unverified,False
original_family,exhaustive,0.01,1,0.0,12,0.0,,12,12,,0,12,0.010094596934504808,float_unverified,False
original_family,combined,0.01,100,0.0,12,0.0,,12,12,,0,12,0.010102009610272944,float_unverified,False
original_family,fixed_conditional,0.01,100,0.0,12,0.0,,12,12,,0,12,0.010094741103239357,float_unverified,False
original_family,deterministic_selective,0.01,100,0.0,12,0.0,,12,12,,0,12,0.010095123969949781,float_unverified,False
original_family,learned_selective,0.01,100,0.009790859699714929,12,0.0,,12,12,,0,12,0.010094374185428023,float_unverified,False
original_family,exhaustive,0.01,100,0.0,12,0.0,,12,12,,0,12,0.010094596934504808,float_unverified,False
original_family,combined,0.01,1000,0.0,12,0.0,,12,12,,0,12,0.010102009610272944,float_unverified,False
original_family,fixed_conditional,0.01,1000,0.0,12,0.0,,12,12,,0,12,0.010094741103239357,float_unverified,False
original_family,deterministic_selective,0.01,1000,0.0,12,0.0,,12,12,,0,12,0.010095123969949781,float_unverified,False
original_family,learned_selective,0.01,1000,0.0009790859699714929,12,0.0,,12,12,,0,12,0.010094374185428023,float_unverified,False
original_family,exhaustive,0.01,1000,0.0,12,0.0,,12,12,,0,12,0.010094596934504808,float_unverified,False
original_family,combined,0.05,1,0.0,12,1.0,0.019417303281828655,0,0,,0,0,0.014340425515547395,float_unverified,False
original_family,fixed_conditional,0.05,1,0.0,12,1.0,0.019417303281828655,0,0,,0,0,0.014122295193374157,float_unverified,False
original_family,deterministic_selective,0.05,1,0.0,12,1.0,0.019417303281828655,0,0,,0,0,0.014475620142184198,float_unverified,False
original_family,learned_selective,0.05,1,0.9790859699714929,12,0.0,,12,12,,0,0,0.014242480602115392,float_unverified,False
original_family,exhaustive,0.05,1,0.0,12,1.0,0.019417303281828655,0,0,,0,0,0.014311686321161688,float_unverified,False
original_family,combined,0.05,100,0.0,12,1.0,0.019417303281828655,0,0,,0,0,0.014340425515547395,float_unverified,False
original_family,fixed_conditional,0.05,100,0.0,12,1.0,0.019417303281828655,0,0,,0,0,0.014122295193374157,float_unverified,False
original_family,deterministic_selective,0.05,100,0.0,12,1.0,0.019417303281828655,0,0,,0,0,0.014475620142184198,float_unverified,False
original_family,learned_selective,0.05,100,0.009790859699714929,12,1.0,0.019417303281828655,0,0,,0,0,0.014242480602115392,float_unverified,False
original_family,exhaustive,0.05,100,0.0,12,1.0,0.019417303281828655,0,0,,0,0,0.014311686321161688,float_unverified,False
original_family,combined,0.05,1000,0.0,12,1.0,0.019417303281828655,0,0,,0,0,0.014340425515547395,float_unverified,False
original_family,fixed_conditional,0.05,1000,0.0,12,1.0,0.019417303281828655,0,0,,0,0,0.014122295193374157,float_unverified,False
original_family,deterministic_selective,0.05,1000,0.0,12,1.0,0.019417303281828655,0,0,,0,0,0.014475620142184198,float_unverified,False
original_family,learned_selective,0.05,1000,0.0009790859699714929,12,1.0,0.019417303281828655,0,0,,0,0,0.014242480602115392,float_unverified,False
original_family,exhaustive,0.05,1000,0.0,12,1.0,0.019417303281828655,0,0,,0,0,0.014311686321161688,float_unverified,False
original_family,combined,0.2,1,0.0,12,1.0,0.019417303281828655,0,0,,0,0,0.014308280707336963,float_unverified,False
original_family,fixed_conditional,0.2,1,0.0,12,1.0,0.019417303281828655,0,0,,0,0,0.014091958967037499,float_unverified,False
original_family,deterministic_selective,0.2,1,0.0,12,1.0,0.019417303281828655,0,0,,0,0,0.0142813436454162,float_unverified,False
original_family,learned_selective,0.2,1,0.9790859699714929,12,0.0,,12,12,,0,0,0.014047893066890537,float_unverified,False
original_family,exhaustive,0.2,1,0.0,12,1.0,0.019417303281828655,0,0,,0,0,0.014063836890272796,float_unverified,False
original_family,combined,0.2,100,0.0,12,1.0,0.019417303281828655,0,0,,0,0,0.014308280707336963,float_unverified,False
original_family,fixed_conditional,0.2,100,0.0,12,1.0,0.019417303281828655,0,0,,0,0,0.014091958967037499,float_unverified,False
original_family,deterministic_selective,0.2,100,0.0,12,1.0,0.019417303281828655,0,0,,0,0,0.0142813436454162,float_unverified,False
original_family,learned_selective,0.2,100,0.009790859699714929,12,1.0,0.019417303281828655,0,0,,0,0,0.014047893066890537,float_unverified,False
original_family,exhaustive,0.2,100,0.0,12,1.0,0.019417303281828655,0,0,,0,0,0.014063836890272796,float_unverified,False
original_family,combined,0.2,1000,0.0,12,1.0,0.019417303281828655,0,0,,0,0,0.014308280707336963,float_unverified,False
original_family,fixed_conditional,0.2,1000,0.0,12,1.0,0.019417303281828655,0,0,,0,0,0.014091958967037499,float_unverified,False
original_family,deterministic_selective,0.2,1000,0.0,12,1.0,0.019417303281828655,0,0,,0,0,0.0142813436454162,float_unverified,False
original_family,learned_selective,0.2,1000,0.0009790859699714929,12,1.0,0.019417303281828655,0,0,,0,0,0.014047893066890537,float_unverified,False
original_family,exhaustive,0.2,1000,0.0,12,1.0,0.019417303281828655,0,0,,0,0,0.014063836890272796,float_unverified,False
wider_family,combined,0.01,1,0.0,12,0.0,,12,12,,0,12,0.010106958402320742,float_unverified,False
wider_family,fixed_conditional,0.01,1,0.0,12,0.0,,12,12,,0,12,0.010115717491135,float_unverified,False
wider_family,deterministic_selective,0.01,1,0.0,12,0.0,,12,12,,0,12,0.010103459935635328,float_unverified,False
wider_family,learned_selective,0.01,1,0.9790859699714929,12,0.0,,12,12,,0,12,0.010099093616008758,float_unverified,False
wider_family,exhaustive,0.01,1,0.0,12,0.0,,12,12,,0,12,0.01009858602192253,float_unverified,False
wider_family,combined,0.01,100,0.0,12,0.0,,12,12,,0,12,0.010106958402320742,float_unverified,False
wider_family,fixed_conditional,0.01,100,0.0,12,0.0,,12,12,,0,12,0.010115717491135,float_unverified,False
wider_family,deterministic_selective,0.01,100,0.0,12,0.0,,12,12,,0,12,0.010103459935635328,float_unverified,False
wider_family,learned_selective,0.01,100,0.009790859699714929,12,0.0,,12,12,,0,12,0.010099093616008758,float_unverified,False
wider_family,exhaustive,0.01,100,0.0,12,0.0,,12,12,,0,12,0.01009858602192253,float_unverified,False
wider_family,combined,0.01,1000,0.0,12,0.0,,12,12,,0,12,0.010106958402320742,float_unverified,False
wider_family,fixed_conditional,0.01,1000,0.0,12,0.0,,12,12,,0,12,0.010115717491135,float_unverified,False
wider_family,deterministic_selective,0.01,1000,0.0,12,0.0,,12,12,,0,12,0.010103459935635328,float_unverified,False
wider_family,learned_selective,0.01,1000,0.0009790859699714929,12,0.0,,12,12,,0,12,0.010099093616008758,float_unverified,False
wider_family,exhaustive,0.01,1000,0.0,12,0.0,,12,12,,0,12,0.01009858602192253,float_unverified,False
wider_family,combined,0.05,1,0.0,12,0.75,0.10568881286472258,0,3,0.1065057364399914,3,0,0.01919991828035563,float_unverified,False
wider_family,fixed_conditional,0.05,1,0.0,12,0.75,0.10568881286472258,0,3,0.1065057364399914,3,3,0.050107015087269245,float_unverified,False
wider_family,deterministic_selective,0.05,1,0.0,12,0.75,0.10568881286472258,0,3,0.1065057364399914,3,3,0.05010616201907396,float_unverified,False
wider_family,learned_selective,0.05,1,0.9790859699714929,12,0.0,,12,12,,0,0,0.019037191453389824,float_unverified,False
wider_family,exhaustive,0.05,1,0.0,12,1.0,0.0790623787547247,0,0,,0,0,0.035973974084481594,float_unverified,False
wider_family,combined,0.05,100,0.0,12,0.75,0.10568881286472258,0,3,0.1065057364399914,3,0,0.01919991828035563,float_unverified,False
wider_family,fixed_conditional,0.05,100,0.0,12,0.75,0.10568881286472258,0,3,0.1065057364399914,3,3,0.050107015087269245,float_unverified,False
wider_family,deterministic_selective,0.05,100,0.0,12,0.75,0.10568881286472258,0,3,0.1065057364399914,3,3,0.05010616201907396,float_unverified,False
wider_family,learned_selective,0.05,100,0.009790859699714929,12,0.75,0.10568881286472258,0,3,0.1065057364399914,3,0,0.019037191453389824,float_unverified,False
wider_family,exhaustive,0.05,100,0.0,12,1.0,0.0790623787547247,0,0,,0,0,0.035973974084481594,float_unverified,False
wider_family,combined,0.05,1000,0.0,12,0.75,0.10568881286472258,0,3,0.1065057364399914,3,0,0.01919991828035563,float_unverified,False
wider_family,fixed_conditional,0.05,1000,0.0,12,0.75,0.10568881286472258,0,3,0.1065057364399914,3,3,0.050107015087269245,float_unverified,False
wider_family,deterministic_selective,0.05,1000,0.0,12,0.75,0.10568881286472258,0,3,0.1065057364399914,3,3,0.05010616201907396,float_unverified,False
wider_family,learned_selective,0.05,1000,0.0009790859699714929,12,0.75,0.10568881286472258,0,3,0.1065057364399914,3,0,0.019037191453389824,float_unverified,False
wider_family,exhaustive,0.05,1000,0.0,12,1.0,0.0790623787547247,0,0,,0,0,0.035973974084481594,float_unverified,False
wider_family,combined,0.2,1,0.0,12,0.75,0.10568881286472258,0,3,0.1065057364399914,3,0,0.019183335173875094,float_unverified,False
wider_family,fixed_conditional,0.2,1,0.0,12,0.75,0.10568881286472258,0,3,0.1065057364399914,3,3,0.20036619803868233,float_unverified,False
wider_family,deterministic_selective,0.2,1,0.0,12,0.75,0.10568881286472258,0,3,0.1065057364399914,3,3,0.2003389582503587,float_unverified,False
wider_family,learned_selective,0.2,1,0.9790859699714929,12,0.0,,12,12,,0,0,0.01925647328607738,float_unverified,False
wider_family,exhaustive,0.2,1,0.0,12,1.0,0.0790623787547247,0,0,,0,0,0.036115065682679415,float_unverified,False
wider_family,combined,0.2,100,0.0,12,0.75,0.10568881286472258,0,3,0.1065057364399914,3,0,0.019183335173875094,float_unverified,False
wider_family,fixed_conditional,0.2,100,0.0,12,0.75,0.10568881286472258,0,3,0.1065057364399914,3,3,0.20036619803868233,float_unverified,False
wider_family,deterministic_selective,0.2,100,0.0,12,0.75,0.10568881286472258,0,3,0.1065057364399914,3,3,0.2003389582503587,float_unverified,False
wider_family,learned_selective,0.2,100,0.009790859699714929,12,0.75,0.10568881286472258,0,3,0.1065057364399914,3,0,0.01925647328607738,float_unverified,False
wider_family,exhaustive,0.2,100,0.0,12,1.0,0.0790623787547247,0,0,,0,0,0.036115065682679415,float_unverified,False
wider_family,combined,0.2,1000,0.0,12,0.75,0.10568881286472258,0,3,0.1065057364399914,3,0,0.019183335173875094,float_unverified,False
wider_family,fixed_conditional,0.2,1000,0.0,12,0.75,0.10568881286472258,0,3,0.1065057364399914,3,3,0.20036619803868233,float_unverified,False
wider_family,deterministic_selective,0.2,1000,0.0,12,0.75,0.10568881286472258,0,3,0.1065057364399914,3,3,0.2003389582503587,float_unverified,False
wider_family,learned_selective,0.2,1000,0.0009790859699714929,12,0.75,0.10568881286472258,0,3,0.1065057364399914,3,0,0.01925647328607738,float_unverified,False
wider_family,exhaustive,0.2,1000,0.0,12,1.0,0.0790623787547247,0,0,,0,0,0.036115065682679415,float_unverified,False
