row_id,gene,target_pool_n,global_group,measured_activity_unclipped,prediction,reference_prediction,rank,reference_rank,selected_top5,context_status,isoform_class,prior_T_0.5_prediction,prior_T_0.5_rank,prior_T_1.0_prediction,prior_T_1.0_rank,prior_T_2.0_prediction,prior_T_2.0_rank,alternative_isoform_prediction,alternative_isoform_rank,independent_64_draw_prediction,independent_64_draw_rank,draw_16_prediction,draw_16_rank,uncertainty_contract
dsir:68,CDC34,21,3,0.737,0.8306283852992797,0.808431143240797,12,2,False,inferred_contiguous_native_insert,identical_local_windows,0.37571948213611994,15,0.8306283852992797,12,1.0578035132666943,9,0.8306283852992798,11,0.8306112038662717,12,0.830552712996533,12,prior/isoform sensitivity and independent Monte Carlo draws; not a biological confidence interval
dsir:69,CDC34,21,3,0.59,0.06403475193058683,0.6658066348541317,20,9,False,inferred_contiguous_native_insert,identical_local_windows,-0.36672962205469045,20,0.06403475193058683,20,0.2775515571931187,20,0.06403475193058683,20,0.06391087907842778,20,0.06377484025917517,20,prior/isoform sensitivity and independent Monte Carlo draws; not a biological confidence interval
dsir:70,CDC34,21,3,0.652,0.7493135137687496,0.7440160339627191,16,4,False,inferred_contiguous_native_insert,identical_local_windows,0.5509881245415867,10,0.7493135137687496,16,0.8490391298746256,16,0.7493135137687496,16,0.7492599766050221,16,0.7492921890124453,16,prior/isoform sensitivity and independent Monte Carlo draws; not a biological confidence interval
dsir:71,CDC34,21,6,0.534,0.8283497934303826,0.6453081340190394,13,12,False,inferred_contiguous_native_insert,different_local_windows,0.3451192662355856,16,0.8283497934303826,13,1.0695729507348524,8,0.8154669583115906,12,0.8283535885116765,13,0.8283245406190785,13,prior/isoform sensitivity and independent Monte Carlo draws; not a biological confidence interval
dsir:75,CDC34,21,10,0.743,1.6107909000616074,0.7048462105879335,3,7,True,inferred_contiguous_native_insert,different_local_windows,1.308473232467889,3,1.6107909000616074,3,1.765093727705539,3,1.081790831874705,3,1.6107618356790456,3,1.610812096301029,3,prior/isoform sensitivity and independent Monte Carlo draws; not a biological confidence interval
dsir:76,CDC34,21,10,0.565,0.9160388083319922,0.6397405709814777,9,13,False,inferred_contiguous_native_insert,different_local_windows,0.7051321056974209,8,0.9160388083319922,9,1.024229822505629,12,0.7940623034890179,14,0.9154380179894386,9,0.9169985662610353,9,prior/isoform sensitivity and independent Monte Carlo draws; not a biological confidence interval
dsir:77,CDC34,21,10,0.412,0.9693147296052504,0.4876841752364595,8,21,False,inferred_contiguous_native_insert,identical_local_windows,0.8285438926963576,4,0.9693147296052504,8,1.0430191576746068,11,0.9693147296052504,8,0.9697942201389899,8,0.9695815951769,8,prior/isoform sensitivity and independent Monte Carlo draws; not a biological confidence interval
dsir:83,CDC34,21,18,0.682,0.8051761155487107,0.6303484133546184,14,15,False,inferred_contiguous_native_insert,identical_local_windows,0.3940552351224451,14,0.8051761155487107,14,1.0105707022289634,13,0.8051761155487107,13,0.8055141880874938,14,0.8053239192279513,14,prior/isoform sensitivity and independent Monte Carlo draws; not a biological confidence interval
dsir:84,CDC34,21,18,0.7,2.816458495561263,0.7682940461993317,1,3,True,inferred_contiguous_native_insert,identical_local_windows,2.4545093964085227,1,2.816458495561263,1,2.9981021781169823,1,2.816458495561263,1,2.816495540624485,1,2.8163796701021213,1,prior/isoform sensitivity and independent Monte Carlo draws; not a biological confidence interval
dsir:85,CDC34,21,18,0.232,0.9730208889864594,0.5568377396076685,6,18,False,inferred_contiguous_native_insert,identical_local_windows,0.7112353503286207,7,0.9730208889864594,6,1.1013959912123623,6,0.9730208889864594,6,0.9730036748749074,6,0.973106214670473,6,prior/isoform sensitivity and independent Monte Carlo draws; not a biological confidence interval
dsir:86,CDC34,21,18,0.584,0.8564349509884386,0.6333124128136514,11,14,False,inferred_contiguous_native_insert,identical_local_windows,0.5555023806987287,9,0.8564349509884386,11,1.0038201016330643,14,0.8564349509884386,10,0.8564507492694204,11,0.8565254797461705,11,prior/isoform sensitivity and independent Monte Carlo draws; not a biological confidence interval
dsir:87,CDC34,21,18,0.423,0.971261794726304,0.48989852824264385,7,20,False,inferred_contiguous_native_insert,identical_local_windows,0.7385991556107011,6,0.971261794726304,7,1.0874037660061906,7,0.971261794726304,7,0.9713338587098937,7,0.9714169525630055,7,prior/isoform sensitivity and independent Monte Carlo draws; not a biological confidence interval
dsir:88,CDC34,21,18,0.813,0.4258575266189289,0.6718952440358079,17,8,False,inferred_contiguous_native_insert,identical_local_windows,0.033935761447038845,17,0.4258575266189289,17,0.6161509027586398,18,0.4258575266189289,17,0.42588827058661105,17,0.42579256150342426,17,prior/isoform sensitivity and independent Monte Carlo draws; not a biological confidence interval
dsir:89,CDC34,21,18,0.449,-0.2707757685869149,0.6576365924411742,21,11,False,inferred_contiguous_native_insert,identical_local_windows,-0.7080021422499131,21,-0.2707757685869149,21,-0.05746052342661589,21,-0.2707757685869149,21,-0.27088823330367023,21,-0.2707647213662614,21,prior/isoform sensitivity and independent Monte Carlo draws; not a biological confidence interval
dsir:90,CDC34,21,18,0.721,0.8855682977182624,0.7317181350174302,10,6,False,inferred_contiguous_native_insert,identical_local_windows,0.5420811559951166,11,0.8855682977182624,10,1.0566573016698009,10,0.8855682977182624,9,0.8856054840867784,10,0.8856388177531385,10,prior/isoform sensitivity and independent Monte Carlo draws; not a biological confidence interval
dsir:91,CDC34,21,18,0.722,0.7518049342617108,0.7361531354917175,15,5,False,inferred_contiguous_native_insert,identical_local_windows,0.5122312892381887,12,0.7518049342617108,15,0.8703398482966301,15,0.7518049342617108,15,0.7522295439939023,15,0.7512833079152959,15,prior/isoform sensitivity and independent Monte Carlo draws; not a biological confidence interval
dsir:97,CDC34,21,32,0.251,0.30599498368225075,0.510831462761399,19,19,False,inferred_contiguous_native_insert,identical_local_windows,-0.03097051672262075,18,0.30599498368225075,19,0.4743260487896292,19,0.30599498368225075,19,0.30602520106089875,19,0.30601208945922204,19,prior/isoform sensitivity and independent Monte Carlo draws; not a biological confidence interval
dsir:98,CDC34,21,32,0.367,0.4125038787367528,0.8164394345270038,18,1,False,inferred_contiguous_native_insert,identical_local_windows,-0.16789778628348428,19,0.4125038787367528,18,0.6969350600954194,17,0.4125038787367528,18,0.4124065817665951,18,0.41278972234340333,18,prior/isoform sensitivity and independent Monte Carlo draws; not a biological confidence interval
dsir:99,CDC34,21,34,0.659,1.7131346650230774,0.6241949593578762,2,16,True,inferred_contiguous_native_insert,identical_local_windows,1.3670405284724596,2,1.7131346650230774,2,1.8904748995794927,2,1.7131346650230774,2,1.7131155117988826,2,1.713271476623047,2,prior/isoform sensitivity and independent Monte Carlo draws; not a biological confidence interval
dsir:100,CDC34,21,34,0.449,1.0326205562794961,0.6029880787691909,4,17,True,inferred_contiguous_native_insert,identical_local_windows,0.8006423058540393,5,1.0326205562794961,4,1.1512836229506136,5,1.0326205562794961,4,1.0325414135241187,4,1.032653720661477,4,prior/isoform sensitivity and independent Monte Carlo draws; not a biological confidence interval
dsir:2190,CDC34,21,3,0.524,0.9880121224879258,0.6598289670950014,5,10,True,inferred_contiguous_native_insert,identical_local_windows,0.48048977597848347,13,0.9880121224879258,5,1.2438128703755118,4,0.9880121224879258,5,0.9879852870607326,5,0.9880406791277887,5,prior/isoform sensitivity and independent Monte Carlo draws; not a biological confidence interval
dsir:1994,NOG,16,849,1.02,0.9950109013076402,0.8482767652076859,3,2,True,inferred_contiguous_native_insert,identical_local_windows,0.6483768735165361,3,0.9950109013076402,3,1.1670523636270178,3,0.9950109013076402,3,0.994999331269444,3,0.9950244781797798,3,prior/isoform sensitivity and independent Monte Carlo draws; not a biological confidence interval
dsir:1995,NOG,16,849,0.977,0.8375668040330344,0.6542803381895008,6,7,False,inferred_contiguous_native_insert,identical_local_windows,0.5930203078078462,4,0.8375668040330344,6,0.9623905417237842,7,0.8375668040330344,6,0.837848278588104,6,0.837467433774918,6,prior/isoform sensitivity and independent Monte Carlo draws; not a biological confidence interval
dsir:1996,NOG,16,849,0.626,0.4938103861299752,0.5459158564739295,11,13,False,inferred_contiguous_native_insert,identical_local_windows,0.20323044639542293,10,0.4938103861299752,11,0.6395455995149851,11,0.4938103861299752,11,0.4937266066144169,11,0.4937839797118176,11,prior/isoform sensitivity and independent Monte Carlo draws; not a biological confidence interval
dsir:1997,NOG,16,849,0.913,1.0248478501066285,0.828775664691829,2,3,True,inferred_contiguous_native_insert,identical_local_windows,0.652931926298602,2,1.0248478501066285,2,1.210407051889946,1,1.0248478501066285,2,1.0247760585996137,2,1.0248827572512746,2,prior/isoform sensitivity and independent Monte Carlo draws; not a biological confidence interval
dsir:1998,NOG,16,849,0.933,0.8650663206695388,0.8770157440458761,5,1,True,inferred_contiguous_native_insert,identical_local_windows,0.42386742348865336,6,0.8650663206695388,5,1.0840344301392206,5,0.8650663206695388,5,0.8651371143509018,5,0.8651218002751891,5,prior/isoform sensitivity and independent Monte Carlo draws; not a biological confidence interval
dsir:1999,NOG,16,849,0.411,-0.08257868421968743,0.40176132844705525,16,16,False,inferred_contiguous_native_insert,identical_local_windows,-0.34825218169950395,14,-0.08257868421968743,16,0.050591460486064097,16,-0.08257868421968743,16,-0.08259077675462151,16,-0.08248233918324778,16,prior/isoform sensitivity and independent Monte Carlo draws; not a biological confidence interval
dsir:2001,NOG,16,856,0.967,1.0305579408265064,0.7615613502971547,1,6,True,inferred_contiguous_native_insert,identical_local_windows,0.7500694849746735,1,1.0305579408265064,1,1.1699967441129495,2,1.0305579408265064,1,1.0305961392135832,1,1.030595266867743,1,prior/isoform sensitivity and independent Monte Carlo draws; not a biological confidence interval
dsir:2003,NOG,16,858,0.783,0.5265410694900476,0.5934950096215281,10,10,False,inferred_contiguous_native_insert,identical_local_windows,0.16861057077982936,11,0.5265410694900476,10,0.7010047365885066,10,0.5265410694900476,10,0.5264898115780974,10,0.5264320221495793,10,prior/isoform sensitivity and independent Monte Carlo draws; not a biological confidence interval
dsir:2004,NOG,16,858,0.552,0.09936121744097985,0.4217202842370937,15,15,False,inferred_contiguous_native_insert,identical_local_windows,-0.55165350783789,16,0.09936121744097985,15,0.40898627367635904,14,0.09936121744097985,15,0.09939938305542677,15,0.09961370116542892,15,prior/isoform sensitivity and independent Monte Carlo draws; not a biological confidence interval
dsir:2005,NOG,16,858,0.718,0.19009588046799322,0.6173334553909899,13,9,False,inferred_contiguous_native_insert,identical_local_windows,-0.528042780995827,15,0.19009588046799322,13,0.538426621885626,12,0.19009588046799322,13,0.1900105151834902,13,0.19003931301801943,13,prior/isoform sensitivity and independent Monte Carlo draws; not a biological confidence interval
dsir:2006,NOG,16,858,0.587,0.2851208011506548,0.5401737193253444,12,14,False,inferred_contiguous_native_insert,identical_local_windows,-0.030583475800920232,12,0.2851208011506548,12,0.4397801813105205,13,0.2851208011506548,12,0.28511172040754634,12,0.2851441705619191,12,prior/isoform sensitivity and independent Monte Carlo draws; not a biological confidence interval
dsir:2007,NOG,16,862,0.646,0.7401055922650741,0.6299393943065261,9,8,False,inferred_contiguous_native_insert,identical_local_windows,0.41459417044392055,7,0.7401055922650741,9,0.9026549524438626,8,0.7401055922650741,9,0.7402914138795352,9,0.7395381347410446,9,prior/isoform sensitivity and independent Monte Carlo draws; not a biological confidence interval
dsir:2008,NOG,16,862,0.826,0.867725871823585,0.7880508502995918,4,4,True,inferred_contiguous_native_insert,identical_local_windows,0.2971329796799059,9,0.867725871823585,4,1.1463838009152987,4,0.867725871823585,4,0.8676739458450364,4,0.8674863095790588,4,prior/isoform sensitivity and independent Monte Carlo draws; not a biological confidence interval
dsir:2412,NOG,16,849,0.857,0.7786700660992996,0.5818799332340419,8,11,False,inferred_contiguous_native_insert,identical_local_windows,0.574348710113419,5,0.7786700660992996,8,0.8820275262648842,9,0.7786700660992996,8,0.779107223160387,8,0.7783648896958811,8,prior/isoform sensitivity and independent Monte Carlo draws; not a biological confidence interval
dsir:2413,NOG,16,849,0.83,0.7996729697928758,0.7765935392738463,7,5,False,inferred_contiguous_native_insert,identical_local_windows,0.400100506888858,8,0.7996729697928758,7,1.0009337342056648,6,0.7996729697928758,7,0.7994497733918289,7,0.7991650698967822,7,prior/isoform sensitivity and independent Monte Carlo draws; not a biological confidence interval
dsir:2414,NOG,16,856,0.783,0.10406116061110851,0.5642287287288714,14,12,False,inferred_contiguous_native_insert,identical_local_windows,-0.34116415318322546,13,0.10406116061110851,14,0.3238200584935088,15,0.10406116061110851,14,0.10390740664632904,14,0.10441492337362393,14,prior/isoform sensitivity and independent Monte Carlo draws; not a biological confidence interval
dsir:2097,P2RX3,42,932,0.844,0.812765322577852,0.8282053448759621,12,6,False,inferred_contiguous_native_insert,identical_local_windows,0.5308134755217031,7,0.812765322577852,12,0.949025075300777,12,0.812765322577852,12,0.8128709542641761,12,0.8125323880621873,12,prior/isoform sensitivity and independent Monte Carlo draws; not a biological confidence interval
dsir:2098,P2RX3,42,933,0.677,0.6290904076448945,0.5291486158506005,17,39,False,inferred_contiguous_native_insert,identical_local_windows,0.3463415367332106,16,0.6290904076448945,17,0.7693909034788937,21,0.6290904076448945,17,0.6290704306219732,17,0.6293739806735199,17,prior/isoform sensitivity and independent Monte Carlo draws; not a biological confidence interval
dsir:2101,P2RX3,42,936,0.941,0.10420260760543903,0.6317101445358397,40,24,False,inferred_contiguous_native_insert,identical_local_windows,-0.28732153827472323,39,0.10420260760543903,40,0.30386238010616334,40,0.10420260760543903,40,0.1042472417721147,40,0.10414654932892768,40,prior/isoform sensitivity and independent Monte Carlo draws; not a biological confidence interval
dsir:2102,P2RX3,42,936,0.802,0.8992740636216541,0.6876397332565316,7,17,False,inferred_contiguous_native_insert,identical_local_windows,0.5284749427764435,8,0.8992740636216541,7,1.0859671568276945,8,0.8992740636216541,7,0.8993458213876799,7,0.899409460041522,7,prior/isoform sensitivity and independent Monte Carlo draws; not a biological confidence interval
dsir:2106,P2RX3,42,941,0.706,0.8500905962239573,0.5641819349540884,11,34,False,inferred_contiguous_native_insert,identical_local_windows,0.5280481576745756,9,0.8500905962239573,11,1.010432111390918,10,0.8500905962239573,11,0.8501178325233045,11,0.8500639326963351,11,prior/isoform sensitivity and independent Monte Carlo draws; not a biological confidence interval
dsir:2107,P2RX3,42,942,0.929,0.6008890936394639,0.8772297160892248,19,3,False,inferred_contiguous_native_insert,identical_local_windows,0.12080802918630328,24,0.6008890936394639,19,0.827584796101106,18,0.6008890936394639,19,0.6007960866485974,19,0.6007624299646179,19,prior/isoform sensitivity and independent Monte Carlo draws; not a biological confidence interval
dsir:2117,P2RX3,42,952,0.792,0.3977094243330809,0.6302538098718868,33,25,False,inferred_contiguous_native_insert,identical_local_windows,-0.04310153634688719,35,0.3977094243330809,33,0.6126942918563595,30,0.3977094243330809,33,0.39777860760792266,33,0.3974052878727922,33,prior/isoform sensitivity and independent Monte Carlo draws; not a biological confidence interval
dsir:2118,P2RX3,42,952,0.989,0.6055817879648298,0.943999962885061,18,2,False,inferred_contiguous_native_insert,identical_local_windows,0.011146127710359312,31,0.6055817879648298,18,0.885265941869988,17,0.6055817879648299,18,0.6055977286354046,18,0.605368104737701,18,prior/isoform sensitivity and independent Monte Carlo draws; not a biological confidence interval
dsir:2119,P2RX3,42,954,0.859,0.7988491614865997,0.7906140004754836,13,10,False,inferred_contiguous_native_insert,identical_local_windows,0.4666848099965107,11,0.7988491614865997,13,0.9613467166461838,11,0.7988491614865997,13,0.7988924686790798,13,0.79927953850673,13,prior/isoform sensitivity and independent Monte Carlo draws; not a biological confidence interval
dsir:2121,P2RX3,42,956,0.431,0.16583524439875122,0.4854477544738127,39,40,False,inferred_contiguous_native_insert,identical_local_windows,-0.44298633943825394,40,0.16583524439875122,39,0.46509433344508844,35,0.16583524439875122,39,0.1654865136887373,39,0.16623073023708226,39,prior/isoform sensitivity and independent Monte Carlo draws; not a biological confidence interval
dsir:2122,P2RX3,42,956,0.339,0.5803843364819273,0.5408389295860904,22,37,False,inferred_contiguous_native_insert,identical_local_windows,0.4392879199673567,12,0.5803843364819273,22,0.6507427103266494,27,0.5803843364819273,22,0.5806343583703875,22,0.5805803628230308,22,prior/isoform sensitivity and independent Monte Carlo draws; not a biological confidence interval
dsir:2125,P2RX3,42,960,0.822,1.022441026943095,0.749843324095845,2,14,True,inferred_contiguous_native_insert,identical_local_windows,0.8551738430987071,2,1.022441026943095,2,1.1024016941594712,6,1.022441026943095,2,1.0225916225616132,2,1.0224977974704317,2,prior/isoform sensitivity and independent Monte Carlo draws; not a biological confidence interval
dsir:2126,P2RX3,42,961,0.468,0.4183054837294495,0.5651092447474464,31,32,False,inferred_contiguous_native_insert,identical_local_windows,-0.0747052849748148,36,0.4183054837294495,31,0.6564569438052232,26,0.4183054837294495,31,0.4181001191889335,31,0.41782699304511917,31,prior/isoform sensitivity and independent Monte Carlo draws; not a biological confidence interval
dsir:2127,P2RX3,42,961,0.747,0.3355747886277598,0.6119993683415896,35,28,False,inferred_contiguous_native_insert,identical_local_windows,0.08400092582065202,26,0.3355747886277598,35,0.45860798738624237,36,0.33557478862775986,35,0.33541150324515284,35,0.3354300062402744,35,prior/isoform sensitivity and independent Monte Carlo draws; not a biological confidence interval
dsir:2128,P2RX3,42,961,0.393,0.07735693815171912,0.6292594702064831,41,26,False,inferred_contiguous_native_insert,identical_local_windows,-0.49646753919382297,41,0.07735693815171912,41,0.3421561330688706,39,0.07735693815171912,41,0.0772839984773965,41,0.07731136976185961,41,prior/isoform sensitivity and independent Monte Carlo draws; not a biological confidence interval
dsir:2129,P2RX3,42,961,0.251,0.26804946416559705,0.4058401105096637,36,42,False,inferred_contiguous_native_insert,identical_local_windows,-0.08283262285504929,37,0.26804946416559705,36,0.4370604572690321,37,0.26804946416559705,36,0.2680941824690691,36,0.26800470137165877,36,prior/isoform sensitivity and independent Monte Carlo draws; not a biological confidence interval
dsir:2135,P2RX3,42,967,0.995,0.9912138754985264,0.7830046280458708,4,11,True,inferred_contiguous_native_insert,identical_local_windows,0.5886763948945103,6,0.9912138754985264,4,1.1952588230077472,4,0.9912138754985264,4,0.9911899297059108,4,0.991179417671823,4,prior/isoform sensitivity and independent Monte Carlo draws; not a biological confidence interval
dsir:2136,P2RX3,42,967,0.829,0.5243395026233947,0.8308295393020544,25,5,False,inferred_contiguous_native_insert,identical_local_windows,0.08142383822634233,27,0.5243395026233947,25,0.7467134909938946,23,0.5243395026233947,25,0.5242743624871298,25,0.5243377954996304,25,prior/isoform sensitivity and independent Monte Carlo draws; not a biological confidence interval
dsir:2137,P2RX3,42,967,0.68,-0.45711226961804985,0.5376815871119764,42,38,False,inferred_contiguous_native_insert,identical_local_windows,-0.8649986523681419,42,-0.45711226961804985,42,-0.24843901296667703,42,-0.45711226961804985,42,-0.45720530315329855,42,-0.45711567043311246,42,prior/isoform sensitivity and independent Monte Carlo draws; not a biological confidence interval
dsir:2139,P2RX3,42,933,0.802,0.6700596074291971,0.8221966821477296,15,7,False,inferred_contiguous_native_insert,identical_local_windows,0.20011329822655022,23,0.6700596074291971,15,0.9032876473040907,16,0.6700596074291971,15,0.6703688362120563,15,0.6701851583665914,15,prior/isoform sensitivity and independent Monte Carlo draws; not a biological confidence interval
dsir:2140,P2RX3,42,933,0.614,1.017910259626621,0.6318266390054496,3,23,True,inferred_contiguous_native_insert,identical_local_windows,0.6212154637195854,5,1.017910259626621,3,1.2151219328374716,2,1.017910259626621,3,1.017963239476796,3,1.0178202762674757,3,prior/isoform sensitivity and independent Monte Carlo draws; not a biological confidence interval
dsir:2143,P2RX3,42,975,0.683,0.5862993371934766,0.5433517236724352,20,35,False,inferred_contiguous_native_insert,identical_local_windows,0.20693146304444093,22,0.5862993371934766,20,0.7758417932028303,20,0.5862993371934766,20,0.5863338552659421,20,0.5862723305061447,20,prior/isoform sensitivity and independent Monte Carlo draws; not a biological confidence interval
dsir:2144,P2RX3,42,936,0.642,0.8650808564077102,0.618389705195443,8,27,False,inferred_contiguous_native_insert,identical_local_windows,0.714343232677559,3,0.8650808564077102,8,0.9394778518547396,13,0.8650808564077102,8,0.8651089161886845,8,0.8650081439649823,8,prior/isoform sensitivity and independent Monte Carlo draws; not a biological confidence interval
dsir:2145,P2RX3,42,936,0.86,0.7529424438261755,0.6935049792919431,14,16,False,inferred_contiguous_native_insert,identical_local_windows,0.42563469780934005,13,0.7529424438261755,14,0.9169954380796264,14,0.7529424438261755,14,0.7521972919837481,14,0.7519854240731672,14,prior/isoform sensitivity and independent Monte Carlo draws; not a biological confidence interval
dsir:2146,P2RX3,42,936,0.98,0.9764544551033757,0.7971676107759875,5,9,True,inferred_contiguous_native_insert,identical_local_windows,0.6688803072453289,4,0.9764544551033757,5,1.1331259694775393,5,0.9764544551033757,5,0.976494134485996,5,0.9763892894082098,5,prior/isoform sensitivity and independent Monte Carlo draws; not a biological confidence interval
dsir:2152,P2RX3,42,984,0.678,1.175098851819804,0.7511790329982437,1,13,True,inferred_contiguous_native_insert,identical_local_windows,0.9147701468116529,1,1.175098851819804,1,1.2974074586024862,1,1.175098851819804,1,1.1751251131699298,1,1.1749631233211961,1,prior/isoform sensitivity and independent Monte Carlo draws; not a biological confidence interval
dsir:2153,P2RX3,42,984,0.334,0.1990615456639645,0.4604200092581553,38,41,False,inferred_contiguous_native_insert,identical_local_windows,0.1174801978669896,25,0.1990615456639645,38,0.23730100886609168,41,0.1990615456639645,38,0.1989733607679555,38,0.19921249331710142,38,prior/isoform sensitivity and independent Monte Carlo draws; not a biological confidence interval
dsir:2158,P2RX3,42,990,0.781,0.533995387432467,0.6563801319343496,24,21,False,inferred_contiguous_native_insert,identical_local_windows,0.27410372871131017,17,0.533995387432467,24,0.662172609712706,25,0.533995387432467,24,0.5341320742008576,24,0.5340746014527591,24,prior/isoform sensitivity and independent Monte Carlo draws; not a biological confidence interval
dsir:2159,P2RX3,42,990,0.905,0.8641186379264493,0.8133156546747672,9,8,False,inferred_contiguous_native_insert,identical_local_windows,0.4859374082015265,10,0.8641186379264493,9,1.0546322157515415,9,0.8641186379264493,9,0.8641307507154393,9,0.8641472455349656,9,prior/isoform sensitivity and independent Monte Carlo draws; not a biological confidence interval
dsir:2160,P2RX3,42,990,0.334,0.5490719163502771,0.6094473298874572,23,29,False,inferred_contiguous_native_insert,identical_local_windows,0.010936090354695789,32,0.5490719163502771,23,0.8181769691472927,19,0.5490719163502771,23,0.5485007128791975,23,0.5492289672793621,23,prior/isoform sensitivity and independent Monte Carlo draws; not a biological confidence interval
dsir:2161,P2RX3,42,990,0.663,0.3377384053449421,0.6731389679648834,34,19,False,inferred_contiguous_native_insert,identical_local_windows,-0.16289228822378443,38,0.3377384053449421,34,0.5930857429362634,33,0.3377384053449421,34,0.33771674024284637,34,0.3377856962441159,34,prior/isoform sensitivity and independent Monte Carlo draws; not a biological confidence interval
dsir:2162,P2RX3,42,942,0.796,0.9270551155401734,0.9556791972527814,6,1,False,inferred_contiguous_native_insert,identical_local_windows,0.3723190948363757,14,0.9270551155401734,6,1.2009080809736599,3,0.9270551155401734,6,0.9270736917329916,6,0.926893824930147,6,prior/isoform sensitivity and independent Monte Carlo draws; not a biological confidence interval
dsir:2169,P2RX3,42,952,0.855,0.49108464992253575,0.5848768833354758,27,30,False,inferred_contiguous_native_insert,identical_local_windows,0.21184469722452604,21,0.49108464992253575,27,0.6284746908402117,28,0.49108464992253575,27,0.49111958371259623,27,0.49100411013302636,27,prior/isoform sensitivity and independent Monte Carlo draws; not a biological confidence interval
dsir:2170,P2RX3,42,952,0.541,0.4966615710721389,0.6399177007310218,26,22,False,inferred_contiguous_native_insert,identical_local_windows,0.2562693564475763,18,0.4966615710721389,26,0.6115282024565971,31,0.4966615710721389,26,0.49667411783170096,26,0.4968500800262337,26,prior/isoform sensitivity and independent Monte Carlo draws; not a biological confidence interval
dsir:2171,P2RX3,42,952,0.746,0.41468465801211024,0.7471073900128598,32,15,False,inferred_contiguous_native_insert,identical_local_windows,0.010449170476074604,33,0.41468465801211024,32,0.6100150359952564,32,0.41468465801211024,32,0.4141733556637035,32,0.4151281096164016,32,prior/isoform sensitivity and independent Monte Carlo draws; not a biological confidence interval
dsir:2172,P2RX3,42,954,0.728,0.85843399299555,0.7694576234861087,10,12,False,inferred_contiguous_native_insert,identical_local_windows,0.37197895296988975,15,0.85843399299555,10,1.0970895939094552,7,0.8584339929955501,10,0.858379114686976,10,0.8585190847963191,10,prior/isoform sensitivity and independent Monte Carlo draws; not a biological confidence interval
dsir:2174,P2RX3,42,956,0.5,0.4564502296364097,0.5424370310438071,29,36,False,inferred_contiguous_native_insert,identical_local_windows,0.21476010928943826,20,0.4564502296364097,29,0.5751992215496337,34,0.4564502296364097,29,0.4562369087125054,29,0.45646522549777563,29,prior/isoform sensitivity and independent Monte Carlo draws; not a biological confidence interval
dsir:2178,P2RX3,42,961,0.723,0.22660328880636849,0.6725426310227945,37,20,False,inferred_contiguous_native_insert,identical_local_windows,-0.030597380039233617,34,0.22660328880636849,37,0.34923924072664664,38,0.22660328880636849,37,0.2267901203122074,37,0.22643995964525687,37,prior/isoform sensitivity and independent Monte Carlo draws; not a biological confidence interval
dsir:2179,P2RX3,42,961,0.918,0.6311116299071221,0.8342572841534925,16,4,False,inferred_contiguous_native_insert,identical_local_windows,0.056719472290199996,29,0.6311116299071221,16,0.9136407991883708,15,0.6311116299071221,16,0.6309138470376453,16,0.6308794413704519,16,prior/isoform sensitivity and independent Monte Carlo draws; not a biological confidence interval
dsir:2180,P2RX3,42,961,0.62,0.44384834973505033,0.5644075078389412,30,33,False,inferred_contiguous_native_insert,identical_local_windows,0.07443174429884,28,0.44384834973505033,30,0.6253170910235923,29,0.44384834973505033,30,0.4439311613257356,30,0.44361603935915606,30,prior/isoform sensitivity and independent Monte Carlo draws; not a biological confidence interval
dsir:2181,P2RX3,42,961,0.607,0.5835779030323766,0.5758382153047263,21,31,False,inferred_contiguous_native_insert,identical_local_windows,0.22728463434720111,19,0.5835779030323766,21,0.759046087731994,22,0.5835779030323766,21,0.5835447751410607,21,0.5835305898493931,21,prior/isoform sensitivity and independent Monte Carlo draws; not a biological confidence interval
dsir:2430,P2RX3,42,960,0.894,0.4631805502061217,0.6853952961946503,28,18,False,inferred_contiguous_native_insert,identical_local_windows,0.04846536230425688,30,0.4631805502061217,28,0.6669769816768215,24,0.4631805502061217,28,0.46356289249450444,28,0.46265673664655027,28,prior/isoform sensitivity and independent Monte Carlo draws; not a biological confidence interval
dsir:1922,SOST,8,786,0.643,2.5812181303873345,0.5331302019612829,1,5,True,inferred_contiguous_native_insert,identical_local_windows,2.1193520299021458,1,2.5812181303873345,1,2.8080290844845948,1,2.5812181303873345,1,2.5811513216332855,1,2.5812504606726083,1,prior/isoform sensitivity and independent Monte Carlo draws; not a biological confidence interval
dsir:1923,SOST,8,786,0.646,0.7607838259075231,0.8004665877985241,2,2,True,inferred_contiguous_native_insert,identical_local_windows,0.40249759483760694,2,0.7607838259075231,2,0.9399331584353922,3,0.7607838259075231,2,0.7608215807929847,2,0.7607173031224702,2,prior/isoform sensitivity and independent Monte Carlo draws; not a biological confidence interval
dsir:1924,SOST,8,786,0.846,0.6235349461797662,0.9223412660979372,5,1,True,inferred_contiguous_native_insert,identical_local_windows,0.22129282523783583,5,0.6235349461797662,5,0.8205510956433606,5,0.6235349461797662,5,0.6234049117515492,5,0.6233607889595502,5,prior/isoform sensitivity and independent Monte Carlo draws; not a biological confidence interval
dsir:1925,SOST,8,786,0.521,0.3297507652005927,0.39813341103663075,8,8,False,inferred_contiguous_native_insert,identical_local_windows,-0.029569922737220315,8,0.3297507652005927,8,0.5061898056335521,8,0.3297507652005927,8,0.3297827463287098,8,0.3298658259245485,8,prior/isoform sensitivity and independent Monte Carlo draws; not a biological confidence interval
dsir:1926,SOST,8,790,0.53,0.443626099092991,0.41233134563731433,7,7,False,inferred_contiguous_native_insert,identical_local_windows,0.059395087056581516,7,0.443626099092991,7,0.6328035970130539,7,0.443626099092991,7,0.4436998233876417,7,0.4435447307995276,7,prior/isoform sensitivity and independent Monte Carlo draws; not a biological confidence interval
dsir:1955,SOST,8,819,0.509,0.5329600081754442,0.533174597807939,6,4,False,inferred_contiguous_native_insert,identical_local_windows,0.06852075232606938,6,0.5329600081754442,6,0.7604747122357901,6,0.5329600081754442,6,0.5325526472609452,6,0.5331322533931278,6,prior/isoform sensitivity and independent Monte Carlo draws; not a biological confidence interval
dsir:1956,SOST,8,819,0.498,0.6837171808568578,0.5606789077693783,4,3,True,inferred_contiguous_native_insert,identical_local_windows,0.3671580345693959,3,0.6837171808568578,4,0.8416555543871971,4,0.6837171808568578,4,0.6836812496880885,4,0.6836664511096994,4,prior/isoform sensitivity and independent Monte Carlo draws; not a biological confidence interval
dsir:2401,SOST,8,1103,0.808,0.7449702067171019,0.4738678041993511,3,6,True,inferred_contiguous_native_insert,identical_local_windows,0.28951848314072,4,0.7449702067171019,3,0.9653582383318035,2,0.7449702067171019,3,0.7456622603747964,3,0.7442574172348445,3,prior/isoform sensitivity and independent Monte Carlo draws; not a biological confidence interval
dsir:187,UBE2B,9,110,0.463,0.6543712942967821,0.6387708118818098,5,8,True,inferred_contiguous_native_insert,identical_local_windows,0.6155051039921041,1,0.6543712942967821,5,0.6733076828983396,7,0.6543712942967821,5,0.6544267638088163,5,0.6543223905061162,5,prior/isoform sensitivity and independent Monte Carlo draws; not a biological confidence interval
dsir:188,UBE2B,9,110,0.787,0.5913073973945535,0.7742343859018396,6,5,False,inferred_contiguous_native_insert,identical_local_windows,0.41905465174868667,5,0.5913073973945535,6,0.6765611971001788,6,0.5913073973945535,6,0.5912789679703921,6,0.5913878583185387,6,prior/isoform sensitivity and independent Monte Carlo draws; not a biological confidence interval
dsir:189,UBE2B,9,110,0.836,0.7059839422674704,0.7502245957441034,4,6,True,inferred_contiguous_native_insert,identical_local_windows,0.3520471153967907,6,0.7059839422674704,4,0.8850237235034457,4,0.7059839422674704,4,0.7063521223740312,4,0.7062003876128887,4,prior/isoform sensitivity and independent Monte Carlo draws; not a biological confidence interval
dsir:190,UBE2B,9,110,0.735,0.9021943645565152,0.8550611583423249,2,3,True,inferred_contiguous_native_insert,identical_local_windows,0.5982891050808308,2,0.9021943645565152,2,1.0517867628183224,2,0.9021943645565152,2,0.9022382451392259,2,0.9025272392959662,2,prior/isoform sensitivity and independent Monte Carlo draws; not a biological confidence interval
dsir:208,UBE2B,9,131,0.505,0.3376566488232076,0.6391160492512562,9,7,False,inferred_contiguous_native_insert,different_local_windows,-0.2509680253018174,9,0.3376566488232076,9,0.6281660927089951,8,0.24999466130662729,9,0.3381349617436932,9,0.33741208474478374,9,prior/isoform sensitivity and independent Monte Carlo draws; not a biological confidence interval
dsir:226,UBE2B,9,143,0.846,0.5831947931440344,0.9426130527760799,7,1,False,inferred_contiguous_native_insert,different_local_windows,0.15998374645508326,8,0.5831947931440344,7,0.7916031449832878,5,0.5831947931440344,7,0.5831914646285279,7,0.5830725607081365,7,prior/isoform sensitivity and independent Monte Carlo draws; not a biological confidence interval
dsir:227,UBE2B,9,143,0.482,0.46221362171608005,0.5163153064454978,8,9,False,inferred_contiguous_native_insert,different_local_windows,0.16697231589974904,7,0.46221362171608005,8,0.6113527331433816,9,0.46221362171608005,8,0.4625995576283878,8,0.46250207687975925,8,prior/isoform sensitivity and independent Monte Carlo draws; not a biological confidence interval
dsir:228,UBE2B,9,145,0.697,0.9383352572781719,0.8095496893592371,1,4,True,inferred_contiguous_native_insert,identical_local_windows,0.5915506815096023,3,0.9383352572781719,1,1.1122642147284212,1,0.9383352572781719,1,0.9384617558553131,1,0.9381274475802449,1,prior/isoform sensitivity and independent Monte Carlo draws; not a biological confidence interval
dsir:2202,UBE2B,9,110,0.842,0.8344206292346595,0.863722474340199,3,2,True,inferred_contiguous_native_insert,identical_local_windows,0.47726557779211576,4,0.8344206292346595,3,1.0108680234015266,3,0.8344206292346595,3,0.8341585246251252,3,0.8346687375887571,3,prior/isoform sensitivity and independent Monte Carlo draws; not a biological confidence interval
dsir:2042,UBE2C,17,18,0.797,-0.5941009726015634,0.7597022541671434,17,5,False,inferred_contiguous_native_insert,identical_local_windows,-1.1958364229260285,17,-0.5941009726015634,17,-0.29910815718411454,17,-0.5941009726015634,17,-0.5940291498319046,17,-0.5943145334225394,17,prior/isoform sensitivity and independent Monte Carlo draws; not a biological confidence interval
dsir:2043,UBE2C,17,18,0.454,0.6384629114638182,0.5424054909415379,10,14,False,inferred_contiguous_native_insert,identical_local_windows,0.47800355281739665,5,0.6384629114638182,10,0.7176095408902131,11,0.6384629114638182,10,0.6386594076310108,10,0.638373986823779,10,prior/isoform sensitivity and independent Monte Carlo draws; not a biological confidence interval
dsir:2044,UBE2C,17,18,0.565,0.8635017276614187,0.6580478989716667,5,8,True,inferred_contiguous_native_insert,identical_local_windows,0.5390682321803576,4,0.8635017276614187,5,1.01939571662613,7,0.8635017276614187,5,0.8628503430493936,5,0.8638707294770988,5,prior/isoform sensitivity and independent Monte Carlo draws; not a biological confidence interval
dsir:2045,UBE2C,17,18,0.488,0.43829796270826643,0.5188841505137056,14,16,False,inferred_contiguous_native_insert,identical_local_windows,-0.03088247225526204,15,0.43829796270826643,14,0.6697610768745859,13,0.43829796270826643,14,0.4381208597602694,14,0.4383090271614013,14,prior/isoform sensitivity and independent Monte Carlo draws; not a biological confidence interval
dsir:2046,UBE2C,17,18,0.42,0.5736840042615698,0.6534299664832826,11,9,False,inferred_contiguous_native_insert,identical_local_windows,0.15965318110869575,13,0.5736840042615698,11,0.7760262232942442,10,0.5736840042615698,11,0.5738930875458117,11,0.5733320496113529,11,prior/isoform sensitivity and independent Monte Carlo draws; not a biological confidence interval
dsir:2047,UBE2C,17,18,0.508,0.48845947106638105,0.6268675735563094,13,10,False,inferred_contiguous_native_insert,identical_local_windows,0.1643450351800998,12,0.48845947106638105,13,0.645846538375408,14,0.48845947106638105,13,0.48845244003542954,13,0.4884901574076791,13,prior/isoform sensitivity and independent Monte Carlo draws; not a biological confidence interval
dsir:2048,UBE2C,17,18,0.555,0.9305976156518396,0.6766595745768514,2,7,True,inferred_contiguous_native_insert,identical_local_windows,0.569650508065522,2,0.9305976156518396,2,1.1057374299228722,3,0.9305976156518397,2,0.9305309377417753,2,0.9306689948876311,2,prior/isoform sensitivity and independent Monte Carlo draws; not a biological confidence interval
dsir:2049,UBE2C,17,18,0.286,0.9162599765583987,0.7174230323921675,3,6,True,inferred_contiguous_native_insert,identical_local_windows,0.4554822207803771,7,0.9162599765583987,3,1.1369111538646681,2,0.9162599765583987,3,0.9162310845635236,3,0.9163212421398272,3,prior/isoform sensitivity and independent Monte Carlo draws; not a biological confidence interval
dsir:2050,UBE2C,17,18,0.611,0.8905548217863111,0.828627214250893,4,2,True,inferred_contiguous_native_insert,identical_local_windows,0.5655865893324505,3,0.8905548217863111,4,1.0481309645336903,5,0.8905548217863111,4,0.8904724190072931,4,0.8905115216202213,4,prior/isoform sensitivity and independent Monte Carlo draws; not a biological confidence interval
dsir:2051,UBE2C,17,18,0.633,0.7068939634415634,0.5672525448592536,9,13,False,inferred_contiguous_native_insert,identical_local_windows,0.3807945500401058,9,0.7068939634415634,9,0.8680820785871932,9,0.7068939634415634,9,0.7070033956054959,9,0.7066620073820059,9,prior/isoform sensitivity and independent Monte Carlo draws; not a biological confidence interval
dsir:2052,UBE2C,17,18,0.718,0.26026342351792014,0.602972467655411,15,11,False,inferred_contiguous_native_insert,identical_local_windows,-0.004830578584208135,14,0.26026342351792014,15,0.38858003289576126,15,0.26026342351792014,15,0.2602734374832188,15,0.26026969035750025,15,prior/isoform sensitivity and independent Monte Carlo draws; not a biological confidence interval
dsir:2053,UBE2C,17,18,0.462,0.5590329470022727,0.5845507736979277,12,12,False,inferred_contiguous_native_insert,identical_local_windows,0.2571050252008358,11,0.5590329470022727,12,0.7097559382725748,12,0.5590329470022727,12,0.5587532723848362,12,0.5590756969773685,12,prior/isoform sensitivity and independent Monte Carlo draws; not a biological confidence interval
dsir:2054,UBE2C,17,18,0.742,0.7896739669166918,0.8307122431341414,8,1,False,inferred_contiguous_native_insert,identical_local_windows,0.2959132113406768,10,0.7896739669166918,8,1.0296697491614102,6,0.7896739669166918,8,0.7896968228859409,8,0.7898319634721509,8,prior/isoform sensitivity and independent Monte Carlo draws; not a biological confidence interval
dsir:2055,UBE2C,17,18,0.858,4.191441829098868,0.8285712769612554,1,3,True,inferred_contiguous_native_insert,identical_local_windows,3.703017047397961,1,4.191441829098868,1,4.430933448752514,1,4.191441829098868,1,4.19142908049025,1,4.191424752842418,1,prior/isoform sensitivity and independent Monte Carlo draws; not a biological confidence interval
dsir:2056,UBE2C,17,18,0.492,0.8558467242700325,0.5215033024601654,6,15,False,inferred_contiguous_native_insert,identical_local_windows,0.4186333830191912,8,0.8558467242700325,6,1.0696663256807197,4,0.8558467242700325,6,0.8558790110641814,6,0.8557865245043118,6,prior/isoform sensitivity and independent Monte Carlo draws; not a biological confidence interval
dsir:2057,UBE2C,17,18,0.757,0.7977224586984232,0.7779790120638084,7,4,False,inferred_contiguous_native_insert,identical_local_windows,0.4635892997433808,6,0.7977224586984232,7,0.9632213147948323,8,0.7977224586984232,7,0.7976349348755873,7,0.7975830178538791,7,prior/isoform sensitivity and independent Monte Carlo draws; not a biological confidence interval
dsir:2421,UBE2C,17,18,0.321,0.08837964535493142,0.5079796651781425,16,17,False,inferred_contiguous_native_insert,identical_local_windows,-0.17949707921273014,16,0.08837964535493142,16,0.21887189627000034,16,0.08837964535493142,16,0.08842560199198568,16,0.08839228188119473,16,prior/isoform sensitivity and independent Monte Carlo draws; not a biological confidence interval
dsir:134,UBE2D3,2,64,0.556,0.18770130102058286,0.4006322395293761,2,2,,inferred_contiguous_native_insert,identical_local_windows,-0.08025689841965446,1,0.18770130102058286,2,0.3210439584368147,2,0.18770130102058286,2,0.18723811552131034,2,0.18703514774038799,2,prior/isoform sensitivity and independent Monte Carlo draws; not a biological confidence interval
dsir:135,UBE2D3,2,64,0.433,0.2705804138196856,0.46279097255988344,1,1,,inferred_contiguous_native_insert,identical_local_windows,-0.23637513724370346,2,0.2705804138196856,1,0.5180728252957287,1,0.2705804138196856,1,0.2707786116597022,1,0.2703122831574414,1,prior/isoform sensitivity and independent Monte Carlo draws; not a biological confidence interval
dsir:1429,UBE2E3,26,680,0.734,0.8867951959908202,0.6886001942404117,12,17,False,inferred_contiguous_native_insert,identical_local_windows,0.5946877909033014,13,0.8867951959908202,12,1.032882109673858,13,0.8867951959908202,12,0.8867908932963073,12,0.8868099915429266,12,prior/isoform sensitivity and independent Monte Carlo draws; not a biological confidence interval
dsir:1430,UBE2E3,26,680,0.425,1.839144470212273,0.5055586915715704,2,25,True,inferred_contiguous_native_insert,identical_local_windows,1.656977804421133,1,1.839144470212273,2,1.9303574644886765,2,1.839144470212273,2,1.8390604817151108,2,1.8392384138679942,2,prior/isoform sensitivity and independent Monte Carlo draws; not a biological confidence interval
dsir:1431,UBE2E3,26,680,0.492,0.6900908434407677,0.5201386031971265,16,24,False,inferred_contiguous_native_insert,identical_local_windows,0.42529257840205853,17,0.6900908434407677,16,0.8241151074270998,17,0.6900908434407677,16,0.6900834107585488,16,0.6902867743365821,16,prior/isoform sensitivity and independent Monte Carlo draws; not a biological confidence interval
dsir:1432,UBE2E3,26,680,0.914,1.3143821869266095,0.8741077467154841,7,4,False,inferred_contiguous_native_insert,identical_local_windows,0.8992323213697393,7,1.3143821869266095,7,1.5234729868021166,7,1.3143821869266095,7,1.3142805803737667,7,1.3144122652812413,7,prior/isoform sensitivity and independent Monte Carlo draws; not a biological confidence interval
dsir:1433,UBE2E3,26,680,0.507,1.2502357149861894,0.6913676932122009,8,16,False,inferred_contiguous_native_insert,identical_local_windows,0.8635260645789906,8,1.2502357149861894,8,1.4440264903852953,9,1.2502357149861894,8,1.2501321529606437,8,1.2503571130482984,8,prior/isoform sensitivity and independent Monte Carlo draws; not a biological confidence interval
dsir:1434,UBE2E3,26,680,0.588,0.11652550973016998,0.6068329707505228,26,20,False,inferred_contiguous_native_insert,identical_local_windows,-0.1126527981368764,25,0.11652550973016998,26,0.23043828677971048,26,0.11652550973016998,26,0.11656603771651351,26,0.11647914132605179,26,prior/isoform sensitivity and independent Monte Carlo draws; not a biological confidence interval
dsir:1435,UBE2E3,26,680,0.642,0.42728453759137064,0.730394096958645,22,11,False,inferred_contiguous_native_insert,identical_local_windows,-0.04342269997590814,24,0.42728453759137064,22,0.6666646012152615,22,0.42728453759137064,22,0.4272789107511652,22,0.4273141971782011,22,prior/isoform sensitivity and independent Monte Carlo draws; not a biological confidence interval
dsir:1436,UBE2E3,26,680,0.287,0.7554026126894415,0.6649759226144646,14,18,False,inferred_contiguous_native_insert,identical_local_windows,0.6566303604685645,12,0.7554026126894415,14,0.8058541859121627,18,0.7554026126894415,14,0.7553990249326451,14,0.7553982601217177,14,prior/isoform sensitivity and independent Monte Carlo draws; not a biological confidence interval
dsir:1437,UBE2E3,26,680,0.382,0.6554649468870797,0.7210367948510434,20,13,False,inferred_contiguous_native_insert,identical_local_windows,0.31145146468733503,19,0.6554649468870797,20,0.8284466631145352,16,0.6554649468870797,20,0.6554856384212115,20,0.6554535330000701,20,prior/isoform sensitivity and independent Monte Carlo draws; not a biological confidence interval
dsir:1438,UBE2E3,26,689,0.576,0.25689464045589044,0.6477645006106543,25,19,False,inferred_contiguous_native_insert,identical_local_windows,-0.4024623486467197,26,0.25689464045589044,25,0.5841649910083582,25,0.25689464045589044,25,0.25687980157686235,25,0.2569000863151324,25,prior/isoform sensitivity and independent Monte Carlo draws; not a biological confidence interval
dsir:1439,UBE2E3,26,689,0.688,0.6784193447993945,0.8142749984329313,19,8,False,inferred_contiguous_native_insert,identical_local_windows,0.2983629194647493,20,0.6784193447993945,19,0.8625916756579869,15,0.6784193447993945,19,0.6783842547725806,19,0.6784989174881372,19,prior/isoform sensitivity and independent Monte Carlo draws; not a biological confidence interval
dsir:1452,UBE2E3,26,703,0.805,1.0230353044278055,0.8163449728535852,11,7,False,inferred_contiguous_native_insert,identical_local_windows,0.7809067587365126,10,1.0230353044278055,11,1.1435536798353316,11,1.0230353044278055,11,1.0230716608485535,11,1.0233338707175397,11,prior/isoform sensitivity and independent Monte Carlo draws; not a biological confidence interval
dsir:1453,UBE2E3,26,703,0.885,0.40187699557161394,0.9470158213900424,24,1,False,inferred_contiguous_native_insert,identical_local_windows,-0.03792946976609524,22,0.40187699557161394,24,0.6195043652335986,24,0.40187699557161394,24,0.40197880526636254,24,0.4019755870261974,24,prior/isoform sensitivity and independent Monte Carlo draws; not a biological confidence interval
dsir:1454,UBE2E3,26,703,0.874,0.6798778068278603,0.779758930971618,18,10,False,inferred_contiguous_native_insert,identical_local_windows,0.5542200263356327,14,0.6798778068278603,18,0.7414940757953532,20,0.6798778068278603,18,0.6799374899094321,18,0.6799707036413617,18,prior/isoform sensitivity and independent Monte Carlo draws; not a biological confidence interval
dsir:1455,UBE2E3,26,703,0.423,0.7239346017129908,0.4931089703873181,15,26,False,inferred_contiguous_native_insert,identical_local_windows,0.3357322349609876,18,0.7239346017129908,15,0.9146849427760393,14,0.7239346017129908,15,0.7240539436771963,15,0.724294848405338,15,prior/isoform sensitivity and independent Monte Carlo draws; not a biological confidence interval
dsir:1456,UBE2E3,26,707,0.815,0.4062163987599092,0.8407698926545701,23,6,False,inferred_contiguous_native_insert,identical_local_windows,-0.04340022602566264,23,0.4062163987599092,23,0.6218375644443372,23,0.4062163987599092,23,0.40624753470473013,23,0.40619046774038514,23,prior/isoform sensitivity and independent Monte Carlo draws; not a biological confidence interval
dsir:1457,UBE2E3,26,708,0.828,0.6854476896889855,0.7248328889206834,17,12,False,inferred_contiguous_native_insert,identical_local_windows,0.4498394203305476,16,0.6854476896889855,17,0.8026491207181862,19,0.6854476896889855,17,0.6854574467530992,17,0.6854647115341553,17,prior/isoform sensitivity and independent Monte Carlo draws; not a biological confidence interval
dsir:1458,UBE2E3,26,709,0.359,1.4047641298430582,0.5321266336859083,6,23,False,inferred_contiguous_native_insert,identical_local_windows,0.9017733446351598,6,1.4047641298430582,6,1.6519827323046579,5,1.4047641298430582,6,1.4047520256340613,6,1.404758949560876,6,prior/isoform sensitivity and independent Monte Carlo draws; not a biological confidence interval
dsir:1459,UBE2E3,26,709,0.524,1.084470976220382,0.7081550667153221,10,14,False,inferred_contiguous_native_insert,identical_local_windows,0.704103281991222,11,1.084470976220382,10,1.2718028786842723,10,1.084470976220382,10,1.0844912118571548,10,1.0844222812952804,10,prior/isoform sensitivity and independent Monte Carlo draws; not a biological confidence interval
dsir:1460,UBE2E3,26,709,0.698,1.2427383656136273,0.7008912378250071,9,15,False,inferred_contiguous_native_insert,identical_local_windows,0.8341656328911989,9,1.2427383656136273,9,1.4466609906782781,8,1.2427383656136273,9,1.2425993562791549,9,1.2428089212838191,9,prior/isoform sensitivity and independent Monte Carlo draws; not a biological confidence interval
dsir:1461,UBE2E3,26,709,0.842,1.742822084917721,0.9021650325263517,3,3,True,inferred_contiguous_native_insert,identical_local_windows,1.3660825277884843,3,1.742822084917721,3,1.9301578067203966,3,1.742822084917721,3,1.742821019108175,3,1.7428689055960969,3,prior/isoform sensitivity and independent Monte Carlo draws; not a biological confidence interval
dsir:1462,UBE2E3,26,709,0.901,1.453157006252754,0.9221689773159523,5,2,True,inferred_contiguous_native_insert,identical_local_windows,1.0809642134779003,4,1.453157006252754,5,1.6395896353660449,6,1.453157006252754,5,1.4529583903511718,5,1.453040415073231,5,prior/isoform sensitivity and independent Monte Carlo draws; not a biological confidence interval
dsir:1466,UBE2E3,26,717,0.692,1.5582012094293223,0.813035483200822,4,9,True,inferred_contiguous_native_insert,identical_local_windows,1.046263199052542,5,1.5582012094293223,4,1.8088168199891204,4,1.5582012094293223,4,1.5581242633814354,4,1.5583194767571786,4,prior/isoform sensitivity and independent Monte Carlo draws; not a biological confidence interval
dsir:1467,UBE2E3,26,717,0.547,2.064914877190971,0.534359162786329,1,22,True,inferred_contiguous_native_insert,identical_local_windows,1.4215867152076689,2,2.064914877190971,1,2.3830004491392787,1,2.064914877190971,1,2.0647361794669816,1,2.0650646705393236,1,prior/isoform sensitivity and independent Monte Carlo draws; not a biological confidence interval
dsir:2344,UBE2E3,26,703,0.82,0.5773301887717802,0.860042111003405,21,5,False,inferred_contiguous_native_insert,identical_local_windows,0.29100312840793363,21,0.5773301887717802,21,0.7127131149569182,21,0.5773301887717802,21,0.5773580479655467,21,0.5774599534418923,21,prior/isoform sensitivity and independent Monte Carlo draws; not a biological confidence interval
dsir:2345,UBE2E3,26,703,0.712,0.8576921790241596,0.5978929408780693,13,21,False,inferred_contiguous_native_insert,identical_local_windows,0.4641085467788481,15,0.8576921790241596,13,1.0506979230372593,12,0.8576921790241596,13,0.8577071613704464,13,0.857420225646093,13,prior/isoform sensitivity and independent Monte Carlo draws; not a biological confidence interval
dsir:1333,UBE2G1,15,592,1.02,0.7214346846404219,0.808576462914739,5,2,True,inferred_contiguous_native_insert,different_local_windows,0.6081487708968144,3,0.7214346846404219,5,0.7811039162243317,8,0.7206465826063758,5,0.7214853037124478,5,0.7216804149668146,5,prior/isoform sensitivity and independent Monte Carlo draws; not a biological confidence interval
dsir:1344,UBE2G1,15,603,0.61,0.4550964064619208,0.5731030344442785,10,13,False,inferred_contiguous_native_insert,identical_local_windows,0.12948860763435172,10,0.4550964064619208,10,0.6158764679173386,10,0.4550964064619208,10,0.45511610531281843,10,0.4551143501333039,10,prior/isoform sensitivity and independent Monte Carlo draws; not a biological confidence interval
dsir:1345,UBE2G1,15,603,0.54,1.6999539043311982,0.6289740552303991,2,10,True,inferred_contiguous_native_insert,identical_local_windows,1.3679795220425783,2,1.6999539043311982,2,1.8643444416570565,2,1.6999539043311982,2,1.6997591780129182,2,1.6997500301671293,2,prior/isoform sensitivity and independent Monte Carlo draws; not a biological confidence interval
dsir:1346,UBE2G1,15,603,0.785,0.836833477631214,0.9324201242923948,3,1,True,inferred_contiguous_native_insert,identical_local_windows,0.5153408180377119,4,0.836833477631214,3,0.99761628037274,3,0.836833477631214,3,0.8368329739637492,3,0.8368441850745442,3,prior/isoform sensitivity and independent Monte Carlo draws; not a biological confidence interval
dsir:1347,UBE2G1,15,603,0.654,-0.003754452265790433,0.5878776057551847,15,12,False,inferred_contiguous_native_insert,identical_local_windows,-0.2294009377179003,13,-0.003754452265790433,15,0.10826314568365038,15,-0.003754452265790433,15,-0.003877148271053253,15,-0.0035380888583436097,15,prior/isoform sensitivity and independent Monte Carlo draws; not a biological confidence interval
dsir:1348,UBE2G1,15,603,0.669,0.7444298383129532,0.6745632794104461,4,6,True,inferred_contiguous_native_insert,identical_local_windows,0.33892580795280414,5,0.7444298383129532,4,0.9466134544555089,4,0.7444298383129532,4,0.7445368043181717,4,0.7445405972032724,4,prior/isoform sensitivity and independent Monte Carlo draws; not a biological confidence interval
dsir:1349,UBE2G1,15,603,0.544,0.4331558344189118,0.6906008358001087,11,5,False,inferred_contiguous_native_insert,identical_local_windows,0.32470446020744426,6,0.4331558344189118,11,0.48771465127327057,13,0.4331558344189118,11,0.4331285102751603,11,0.4331719493745017,11,prior/isoform sensitivity and independent Monte Carlo draws; not a biological confidence interval
dsir:1350,UBE2G1,15,603,0.893,0.6502314994500242,0.8085647419811509,7,3,False,inferred_contiguous_native_insert,identical_local_windows,0.18056242947952597,9,0.6502314994500242,7,0.8861900402094358,7,0.6502314994500242,7,0.6502718816828402,7,0.6505156343706999,7,prior/isoform sensitivity and independent Monte Carlo draws; not a biological confidence interval
dsir:1351,UBE2G1,15,603,0.861,0.33967684514187374,0.6468791685645965,12,9,False,inferred_contiguous_native_insert,identical_local_windows,0.027479849525909962,12,0.33967684514187374,12,0.4939796167108945,12,0.33967684514187374,12,0.3399944682142054,12,0.3395811220377042,12,prior/isoform sensitivity and independent Monte Carlo draws; not a biological confidence interval
dsir:1352,UBE2G1,15,603,0.853,0.2157208228343195,0.7180729651762227,13,4,False,inferred_contiguous_native_insert,identical_local_windows,-0.25530255768273796,14,0.2157208228343195,13,0.4465007755785005,14,0.2157208228343195,13,0.21593920959846039,13,0.2155492695137857,13,prior/isoform sensitivity and independent Monte Carlo draws; not a biological confidence interval
dsir:1353,UBE2G1,15,603,0.412,0.1984039439772633,0.5279659443676068,14,15,False,inferred_contiguous_native_insert,identical_local_windows,-0.4260320665815567,15,0.1984039439772633,14,0.5047143174069766,11,0.19840394397726327,14,0.19835193266984663,14,0.19840153116611497,14,prior/isoform sensitivity and independent Monte Carlo draws; not a biological confidence interval
dsir:1354,UBE2G1,15,603,0.621,0.6902971397865061,0.6695231570324665,6,7,False,inferred_contiguous_native_insert,identical_local_windows,0.23960375739789777,8,0.6902971397865061,6,0.9176875277928869,6,0.6902971397865061,6,0.6902899228878572,6,0.6902990259732357,6,prior/isoform sensitivity and independent Monte Carlo draws; not a biological confidence interval
dsir:1355,UBE2G1,15,603,0.629,1.8539432965222116,0.5636413431079373,1,14,True,inferred_contiguous_native_insert,identical_local_windows,1.6233927414376956,1,1.8539432965222116,1,1.9697086724766721,1,1.8539432965222116,1,1.8539485859365337,1,1.853983198943248,1,prior/isoform sensitivity and independent Monte Carlo draws; not a biological confidence interval
dsir:1356,UBE2G1,15,603,0.64,0.6403803015619722,0.658605653787977,8,8,False,inferred_contiguous_native_insert,identical_local_windows,0.0967147134749485,11,0.6403803015619722,8,0.9181346759004204,5,0.6403803015619722,8,0.6405223182425758,8,0.6405442598565937,8,prior/isoform sensitivity and independent Monte Carlo draws; not a biological confidence interval
dsir:2331,UBE2G1,15,603,0.476,0.5845501428138092,0.6119483164892234,9,11,False,inferred_contiguous_native_insert,identical_local_windows,0.266612294834631,7,0.5845501428138092,9,0.7423452162312202,9,0.5845501428138092,9,0.5845563791955039,9,0.5845315092363144,9,prior/isoform sensitivity and independent Monte Carlo draws; not a biological confidence interval
dsir:630,UBE2H,12,283,0.494,0.5987580881598353,0.6988196915064492,8,5,False,inferred_contiguous_native_insert,identical_local_windows,0.3061533738238576,7,0.5987580881598353,8,0.7408885922373604,7,0.5987580881598353,8,0.5987207919549298,8,0.5987568716628567,8,prior/isoform sensitivity and independent Monte Carlo draws; not a biological confidence interval
dsir:631,UBE2H,12,283,0.669,0.23224131360999192,0.4936581850729341,11,12,False,inferred_contiguous_native_insert,identical_local_windows,-0.2911515802108005,11,0.23224131360999192,11,0.48305012513059625,12,0.23224131360999192,11,0.23220863446612516,11,0.23231251849524556,11,prior/isoform sensitivity and independent Monte Carlo draws; not a biological confidence interval
dsir:632,UBE2H,12,283,0.502,0.1915915136261691,0.639362248775021,12,7,False,inferred_contiguous_native_insert,identical_local_windows,-0.5729189116002559,12,0.1915915136261691,12,0.5584170565223869,10,0.19159151362616914,12,0.19168125303888775,12,0.19167866220888435,12,prior/isoform sensitivity and independent Monte Carlo draws; not a biological confidence interval
dsir:633,UBE2H,12,283,0.362,0.9680260552219706,0.5093677111523124,3,11,True,inferred_contiguous_native_insert,identical_local_windows,0.5555307734407104,3,0.9680260552219706,3,1.1683127471951744,4,0.9680260552219706,2,0.9681008552751952,3,0.9679973004892731,3,prior/isoform sensitivity and independent Monte Carlo draws; not a biological confidence interval
dsir:634,UBE2H,12,283,0.666,1.114820361631797,0.7466717896644133,1,3,True,inferred_contiguous_native_insert,identical_local_windows,0.6517650114929728,1,1.114820361631797,1,1.3429059821797715,1,1.114820361631797,1,1.114844364766848,1,1.1148722376313431,1,prior/isoform sensitivity and independent Monte Carlo draws; not a biological confidence interval
dsir:655,UBE2H,12,308,0.779,0.3955721084891894,0.7088593696074124,10,4,False,inferred_contiguous_native_insert,identical_local_windows,0.1668546931907845,9,0.3955721084891894,10,0.5069222893632814,11,0.3955721084891894,10,0.3955677413695357,10,0.3955586653072492,10,prior/isoform sensitivity and independent Monte Carlo draws; not a biological confidence interval
dsir:656,UBE2H,12,308,1.084,0.9035192630295407,0.8967815230921292,4,1,True,inferred_contiguous_native_insert,identical_local_windows,0.3272877899371178,6,0.9035192630295407,4,1.1843953091644888,3,0.9035192630295407,4,0.9035583733292355,4,0.90353399058047,4,prior/isoform sensitivity and independent Monte Carlo draws; not a biological confidence interval
dsir:657,UBE2H,12,308,0.642,0.6117304165854754,0.6428249307670579,7,6,False,inferred_contiguous_native_insert,identical_local_windows,0.36405979515481596,5,0.6117304165854754,7,0.7328850327460522,8,0.6117304165854754,7,0.6117094261076672,7,0.6118190860249328,7,prior/isoform sensitivity and independent Monte Carlo draws; not a biological confidence interval
dsir:658,UBE2H,12,308,0.5,0.729293969501851,0.5330239402790098,6,10,False,inferred_contiguous_native_insert,identical_local_windows,0.3880500410875264,4,0.729293969501851,6,0.8965931867600999,6,0.7292939695018511,6,0.7294357551369485,6,0.7292055793194758,6,prior/isoform sensitivity and independent Monte Carlo draws; not a biological confidence interval
dsir:666,UBE2H,12,319,0.573,0.40097938360486396,0.6249920134144966,9,9,False,inferred_contiguous_native_insert,identical_local_windows,-0.09288073304194676,10,0.40097938360486396,9,0.6478581672976305,9,0.400979383604864,9,0.4010308107003811,9,0.40095513497653285,9,prior/isoform sensitivity and independent Monte Carlo draws; not a biological confidence interval
dsir:2257,UBE2H,12,308,0.836,0.9977418077677729,0.7722983911934987,2,2,True,inferred_contiguous_native_insert,different_local_windows,0.6226881464183442,2,0.9977418077677729,2,1.1863896131657024,2,0.9656454056908876,3,0.9976413201720802,2,0.9977105765624159,2,prior/isoform sensitivity and independent Monte Carlo draws; not a biological confidence interval
dsir:2260,UBE2H,12,319,0.841,0.8056145242875637,0.6344292088858271,5,8,True,inferred_contiguous_native_insert,identical_local_windows,0.2920654819976828,8,0.8056145242875637,5,1.0586906746676101,5,0.8056145242875637,5,0.805878400078488,5,0.8056206579230251,5,prior/isoform sensitivity and independent Monte Carlo draws; not a biological confidence interval
dsir:676,UBE2I,16,322,0.839,0.8869976902179126,0.7742601302008648,4,5,True,inferred_contiguous_native_insert,identical_local_windows,0.4897885677816963,7,0.8869976902179126,4,1.0843788795568714,4,0.8869976902179125,4,0.8869951062482375,4,0.8868545691331037,4,prior/isoform sensitivity and independent Monte Carlo draws; not a biological confidence interval
dsir:677,UBE2I,16,322,0.489,0.8338324824979952,0.5573661704249132,5,14,True,inferred_contiguous_native_insert,identical_local_windows,0.5241558370142773,5,0.8338324824979952,5,0.9904147593854581,5,0.8338324824979952,5,0.8336762567882963,5,0.833839440759655,5,prior/isoform sensitivity and independent Monte Carlo draws; not a biological confidence interval
dsir:682,UBE2I,16,328,0.601,0.6729124535037662,0.737565830264113,11,6,False,inferred_contiguous_native_insert,identical_local_windows,0.3364218134602457,11,0.6729124535037662,11,0.8371856833075407,10,0.6729124535037662,11,0.672971294435086,11,0.6727486752938059,11,prior/isoform sensitivity and independent Monte Carlo draws; not a biological confidence interval
dsir:698,UBE2I,16,344,0.59,0.7081989896968763,0.7232056942555605,9,7,False,inferred_contiguous_native_insert,different_local_windows,0.28717737358772366,12,0.7081989896968763,9,0.9116708701496394,8,0.7081989896968763,9,0.7081105515011938,9,0.7080033666089945,9,prior/isoform sensitivity and independent Monte Carlo draws; not a biological confidence interval
dsir:699,UBE2I,16,344,0.527,0.8163796015856754,0.8108727205539137,6,3,False,inferred_contiguous_native_insert,different_local_windows,0.4942623817181383,6,0.8163796015856754,6,0.973166329607145,7,0.8163796015856754,6,0.8164736090645331,6,0.8162923646324253,6,prior/isoform sensitivity and independent Monte Carlo draws; not a biological confidence interval
dsir:700,UBE2I,16,344,0.652,0.4271965074692304,0.6666232010277986,16,9,False,inferred_contiguous_native_insert,identical_local_windows,0.2670132610642192,13,0.4271965074692304,16,0.506305378932219,16,0.4271965074692304,16,0.42690830007448544,16,0.4271524090802825,16,prior/isoform sensitivity and independent Monte Carlo draws; not a biological confidence interval
dsir:716,UBE2I,16,362,0.722,0.7433220937150241,0.5622376926000183,7,13,False,inferred_contiguous_native_insert,identical_local_windows,0.2449796504356741,14,0.7433220937150241,7,0.9859289667955988,6,0.7433220937150241,7,0.7431883363195844,7,0.7430560985120412,7,prior/isoform sensitivity and independent Monte Carlo draws; not a biological confidence interval
dsir:717,UBE2I,16,362,0.588,0.7061074848148637,0.5428430772776169,10,15,False,inferred_contiguous_native_insert,identical_local_windows,0.4309524673884791,8,0.7061074848148637,10,0.8375971333990133,9,0.7061074848148633,10,0.7054873694145489,10,0.7066760504608793,10,prior/isoform sensitivity and independent Monte Carlo draws; not a biological confidence interval
dsir:718,UBE2I,16,362,0.782,1.6037732511607137,0.885053985047223,1,2,True,inferred_contiguous_native_insert,identical_local_windows,1.199266036253992,1,1.6037732511607137,1,1.8039467193217338,1,1.6037732511607137,1,1.603892530998897,1,1.603776664747665,1,prior/isoform sensitivity and independent Monte Carlo draws; not a biological confidence interval
dsir:719,UBE2I,16,362,0.844,1.326280153511554,0.8923027478242949,2,1,True,inferred_contiguous_native_insert,identical_local_windows,0.8175887974619358,2,1.326280153511554,2,1.5798809349673602,2,1.326280153511554,2,1.326475220633063,2,1.3258659762544078,2,prior/isoform sensitivity and independent Monte Carlo draws; not a biological confidence interval
dsir:720,UBE2I,16,362,0.818,1.0301931738532373,0.7128176171832675,3,8,True,inferred_contiguous_native_insert,identical_local_windows,0.6045227928371292,3,1.0301931738532373,3,1.2423500886105445,3,1.0301931738532364,3,1.0302321226721718,3,1.0302357315885786,3,prior/isoform sensitivity and independent Monte Carlo draws; not a biological confidence interval
dsir:721,UBE2I,16,362,0.55,0.6139902132601828,0.6214578324194766,12,11,False,inferred_contiguous_native_insert,identical_local_windows,0.394690617775002,9,0.6139902132601828,12,0.72202087425115,13,0.6139902132601825,12,0.6140161600483207,12,0.6141547577500898,12,prior/isoform sensitivity and independent Monte Carlo draws; not a biological confidence interval
dsir:722,UBE2I,16,362,0.488,0.5596547585031119,0.6183211279298992,14,12,False,inferred_contiguous_native_insert,identical_local_windows,0.16275317360631752,15,0.5596547585031119,14,0.7565478688453608,12,0.5596547585031119,14,0.5597041717092395,14,0.5597216051520291,14,prior/isoform sensitivity and independent Monte Carlo draws; not a biological confidence interval
dsir:2263,UBE2I,16,328,0.874,0.7301736839080242,0.7762028918675425,8,4,False,inferred_contiguous_native_insert,identical_local_windows,0.5269146537637609,4,0.7301736839080242,8,0.8313814433229613,11,0.7301736839080242,8,0.7302375401168127,8,0.7300442506847857,8,prior/isoform sensitivity and independent Monte Carlo draws; not a biological confidence interval
dsir:2264,UBE2I,16,328,0.56,0.569533606556275,0.6306673122850667,13,10,False,inferred_contiguous_native_insert,identical_local_windows,0.371920902774775,10,0.569533606556275,13,0.666181947629909,14,0.569533606556275,13,0.5695239938417044,13,0.5695702763671171,13,prior/isoform sensitivity and independent Monte Carlo draws; not a biological confidence interval
dsir:2269,UBE2I,16,362,0.345,0.43662447874072874,0.5034040222067658,15,16,False,inferred_contiguous_native_insert,identical_local_windows,-0.03475714119051464,16,0.43662447874072874,15,0.6628686864927515,15,0.43662447874072874,15,0.4366060569179843,15,0.4368028388784156,15,prior/isoform sensitivity and independent Monte Carlo draws; not a biological confidence interval
dsir:1075,UBE2J1,14,490,0.624,0.9221206894287418,0.561341169883941,5,13,True,inferred_contiguous_native_insert,identical_local_windows,0.4123688797835806,5,0.9221206894287418,5,1.1706468118500004,3,0.9221206894287418,5,0.9220970260989907,5,0.922126316360324,5,prior/isoform sensitivity and independent Monte Carlo draws; not a biological confidence interval
dsir:1078,UBE2J1,14,493,0.76,0.9571554371659916,0.7398353015602629,3,7,True,inferred_contiguous_native_insert,identical_local_windows,0.6592264066737256,3,0.9571554371659916,3,1.1088912867510599,4,0.9571554371659916,3,0.9569877570415989,3,0.9569784964007872,3,prior/isoform sensitivity and independent Monte Carlo draws; not a biological confidence interval
dsir:1080,UBE2J1,14,495,0.788,0.3957865332654514,0.7097756934904826,13,11,False,inferred_contiguous_native_insert,identical_local_windows,0.13521452456112346,12,0.3957865332654514,13,0.5271617555002572,13,0.3957865332654514,13,0.39593561363835444,13,0.3959559452555094,13,prior/isoform sensitivity and independent Monte Carlo draws; not a biological confidence interval
dsir:1081,UBE2J1,14,496,0.474,0.5842972035951173,0.650491126273461,11,12,False,inferred_contiguous_native_insert,identical_local_windows,0.13509135206207745,13,0.5842972035951173,11,0.8105638066634421,10,0.5842972035951173,11,0.584372917911184,11,0.5843960568926484,11,prior/isoform sensitivity and independent Monte Carlo draws; not a biological confidence interval
dsir:1082,UBE2J1,14,496,0.353,-0.06319232739686677,0.7285144042458953,14,9,False,inferred_contiguous_native_insert,identical_local_windows,-0.6789581488988379,14,-0.06319232739686677,14,0.24508656630650083,14,-0.06319232739686677,14,-0.06334441522985802,14,-0.06330831089414618,14,prior/isoform sensitivity and independent Monte Carlo draws; not a biological confidence interval
dsir:1089,UBE2J1,14,504,0.887,0.6584443234269126,0.8573574019597342,8,2,False,inferred_contiguous_native_insert,identical_local_windows,0.22071987874855195,11,0.6584443234269126,8,0.8771907893626331,8,0.6584443234269126,8,0.658372554462584,8,0.6584809081061632,8,prior/isoform sensitivity and independent Monte Carlo draws; not a biological confidence interval
dsir:1090,UBE2J1,14,505,0.753,1.1209260681896864,0.9867920309818,1,1,True,inferred_contiguous_native_insert,identical_local_windows,0.6072939068076652,4,1.1209260681896864,1,1.3737887697977065,1,1.1209260681896864,1,1.1209274778854152,1,1.1209232810380227,1,prior/isoform sensitivity and independent Monte Carlo draws; not a biological confidence interval
dsir:1091,UBE2J1,14,505,0.796,1.081684370597162,0.7922437973022093,2,5,True,inferred_contiguous_native_insert,identical_local_windows,0.8832849287485701,1,1.081684370597162,2,1.1766234364236265,2,1.081684370597162,2,1.0817066286133767,2,1.0815528716100031,2,prior/isoform sensitivity and independent Monte Carlo draws; not a biological confidence interval
dsir:1092,UBE2J1,14,505,0.605,0.5333788158129773,0.5576656091526497,12,14,False,inferred_contiguous_native_insert,identical_local_windows,0.26003156890535095,9,0.5333788158129773,12,0.6655049674849663,12,0.5333788158129773,12,0.5335442934964271,12,0.5333363559554246,12,prior/isoform sensitivity and independent Monte Carlo draws; not a biological confidence interval
dsir:1093,UBE2J1,14,505,0.544,0.7945965751950669,0.7389371355414178,6,8,False,inferred_contiguous_native_insert,identical_local_windows,0.3909134995289511,7,0.7945965751950669,6,0.9893221792866427,6,0.7945965751950669,6,0.7945369552961532,6,0.7943950410322255,6,prior/isoform sensitivity and independent Monte Carlo draws; not a biological confidence interval
dsir:1103,UBE2J1,14,518,0.547,0.9378702114493782,0.7455047700568591,4,6,True,inferred_contiguous_native_insert,identical_local_windows,0.6685388456475304,2,0.9378702114493782,4,1.0703807200398288,5,0.9378702114493782,4,0.937936592409649,4,0.937789103205097,4,prior/isoform sensitivity and independent Monte Carlo draws; not a biological confidence interval
dsir:1104,UBE2J1,14,518,0.748,0.638987796368286,0.8301534669392836,9,3,False,inferred_contiguous_native_insert,identical_local_windows,0.22942696786809497,10,0.638987796368286,9,0.8434034475687635,9,0.638987796368286,9,0.6389927776596769,9,0.6389887704969808,9,prior/isoform sensitivity and independent Monte Carlo draws; not a biological confidence interval
dsir:1105,UBE2J1,14,518,0.914,0.6118671253197673,0.8092202341863928,10,4,False,inferred_contiguous_native_insert,identical_local_windows,0.3417216837442811,8,0.6118671253197673,10,0.7471366604305293,11,0.6118671253197673,10,0.6117733851633851,10,0.6117801957426874,10,prior/isoform sensitivity and independent Monte Carlo draws; not a biological confidence interval
dsir:1115,UBE2J1,14,530,0.48,0.7568047647829184,0.7108685239880551,7,10,False,inferred_contiguous_native_insert,identical_local_windows,0.4104925281885861,6,0.7568047647829184,7,0.9272213633344436,7,0.7568047647829184,7,0.7568378361317467,7,0.7569257403639584,7,prior/isoform sensitivity and independent Monte Carlo draws; not a biological confidence interval
dsir:577,UBE2L3,15,236,0.614,0.7242651912607331,0.6490097561871717,11,9,False,inferred_contiguous_native_insert,identical_local_windows,0.4824120581834778,9,0.7242651912607331,11,0.846293461036451,12,0.7242651912607331,11,0.7245066050765102,11,0.7243633602839031,11,prior/isoform sensitivity and independent Monte Carlo draws; not a biological confidence interval
dsir:578,UBE2L3,15,236,0.873,1.4001273930435647,0.717950069706891,2,5,True,inferred_contiguous_native_insert,identical_local_windows,1.0214569936449305,2,1.4001273930435647,2,1.5945642743555415,2,1.4001273930435647,2,1.4001691750214782,2,1.400140375105178,2,prior/isoform sensitivity and independent Monte Carlo draws; not a biological confidence interval
dsir:579,UBE2L3,15,236,0.666,0.6778867162553603,0.644819074256407,13,10,False,inferred_contiguous_native_insert,identical_local_windows,0.42928514352107006,12,0.6778867162553603,13,0.805380096066199,13,0.6778867162553603,13,0.6779273015711129,13,0.677772693992903,13,prior/isoform sensitivity and independent Monte Carlo draws; not a biological confidence interval
dsir:580,UBE2L3,15,236,0.562,0.931881596275198,0.6276771210793519,8,12,False,inferred_contiguous_native_insert,identical_local_windows,0.6691544895670798,8,0.931881596275198,8,1.0681362789703814,8,0.931881596275198,8,0.9321163652321115,8,0.931998656529072,8,prior/isoform sensitivity and independent Monte Carlo draws; not a biological confidence interval
dsir:581,UBE2L3,15,236,0.87,1.2167311237483467,0.7327880290974096,3,3,True,inferred_contiguous_native_insert,identical_local_windows,0.9452231785171152,3,1.2167311237483467,3,1.3583920197478982,3,1.2167311237483467,3,1.2167307666952512,3,1.216732200258579,3,prior/isoform sensitivity and independent Monte Carlo draws; not a biological confidence interval
dsir:582,UBE2L3,15,236,0.6,1.0344877763883862,0.7130859832332723,6,6,False,inferred_contiguous_native_insert,different_local_windows,0.8261825941080988,5,1.0344877763883862,6,1.1426141879404426,7,1.0344877763883862,6,1.0345489304703954,6,1.0344399180084523,6,prior/isoform sensitivity and independent Monte Carlo draws; not a biological confidence interval
dsir:583,UBE2L3,15,236,0.417,0.7918478273384898,0.5625997143565549,10,14,False,inferred_contiguous_native_insert,different_local_windows,0.4674275522366007,11,0.7918478273384898,10,0.9515184736958824,10,0.7918478273384898,10,0.7918838399180694,10,0.7923784049208086,10,prior/isoform sensitivity and independent Monte Carlo draws; not a biological confidence interval
dsir:584,UBE2L3,15,236,0.73,1.5700257086358045,0.7252972967714708,1,4,True,inferred_contiguous_native_insert,different_local_windows,1.2587766049785107,1,1.5700257086358045,1,1.7283053994562392,1,1.5700257086358045,1,1.5699904788166914,1,1.570032531935865,1,prior/isoform sensitivity and independent Monte Carlo draws; not a biological confidence interval
dsir:585,UBE2L3,15,236,0.718,1.0150197909054375,0.7395783367878872,7,2,False,inferred_contiguous_native_insert,different_local_windows,0.6942173003315656,7,1.0150197909054375,7,1.176601020634067,6,1.0150197909054375,7,1.0150595287852293,7,1.014877859816439,7,prior/isoform sensitivity and independent Monte Carlo draws; not a biological confidence interval
dsir:605,UBE2L3,15,264,0.794,1.0775117319343002,0.6379959500821448,5,11,True,inferred_contiguous_native_insert,identical_local_windows,0.8003935665262366,6,1.0775117319343002,5,1.2108179286809808,5,1.0775117319343002,5,1.0776384387983362,5,1.0775067417864403,5,prior/isoform sensitivity and independent Monte Carlo draws; not a biological confidence interval
dsir:606,UBE2L3,15,264,0.587,0.34057688834028726,0.5366059877962441,14,15,False,inferred_contiguous_native_insert,identical_local_windows,0.08628531245616627,14,0.34057688834028726,14,0.4651493547809917,15,0.34057688834028726,14,0.34041432730473714,14,0.34065679878695115,14,prior/isoform sensitivity and independent Monte Carlo draws; not a biological confidence interval
dsir:607,UBE2L3,15,264,0.753,0.33624921741716307,0.5712535856664946,15,13,False,inferred_contiguous_native_insert,identical_local_windows,-0.10769515022439405,15,0.33624921741716307,15,0.5540199775367326,14,0.33624921741716307,15,0.3363056817931057,15,0.3363652727994842,15,prior/isoform sensitivity and independent Monte Carlo draws; not a biological confidence interval
dsir:608,UBE2L3,15,264,0.462,0.6873091391206306,0.6881612676951301,12,7,False,inferred_contiguous_native_insert,identical_local_windows,0.16610933122819305,13,0.6873091391206306,12,0.9415786506287409,11,0.6873091391206306,12,0.6873541787865487,12,0.687288703937273,12,prior/isoform sensitivity and independent Monte Carlo draws; not a biological confidence interval
dsir:2247,UBE2L3,15,236,0.846,1.1148664049990331,0.8404849888596628,4,1,True,inferred_contiguous_native_insert,identical_local_windows,0.8274986425629407,4,1.1148664049990331,4,1.2620390561980634,4,1.1148664049990331,4,1.1149498288398902,4,1.1151952648612637,4,prior/isoform sensitivity and independent Monte Carlo draws; not a biological confidence interval
dsir:2250,UBE2L3,15,264,0.619,0.8047642593047898,0.6837092385975376,9,8,False,inferred_contiguous_native_insert,identical_local_windows,0.4775628791589868,10,0.8047642593047898,9,0.9657833503992345,9,0.8047642593047898,9,0.8047235006734894,9,0.8047042604535463,9,prior/isoform sensitivity and independent Monte Carlo draws; not a biological confidence interval
dsir:803,UBE2L6,9,431,0.978,0.6181810008535276,0.7063046809078671,4,1,True,inferred_contiguous_native_insert,identical_local_windows,0.39210461923496354,3,0.6181810008535276,4,0.7298506510413476,6,0.6181810008535276,4,0.618133543088857,4,0.6182349906637631,4,prior/isoform sensitivity and independent Monte Carlo draws; not a biological confidence interval
dsir:804,UBE2L6,9,431,0.854,0.82695733279562,0.6286010946949778,1,6,True,inferred_contiguous_native_insert,identical_local_windows,0.4471101496433378,2,0.82695733279562,1,1.0183563859458271,1,0.82695733279562,1,0.8270676282397864,1,0.8268535166753742,1,prior/isoform sensitivity and independent Monte Carlo draws; not a biological confidence interval
dsir:805,UBE2L6,9,431,0.548,0.6030473670777751,0.49733474776712544,5,8,True,inferred_contiguous_native_insert,identical_local_windows,0.33269596261403866,4,0.6030473670777751,5,0.738388414925799,5,0.6030473670777751,5,0.6029898431870273,5,0.6027845778327615,5,prior/isoform sensitivity and independent Monte Carlo draws; not a biological confidence interval
dsir:806,UBE2L6,9,431,0.796,0.4386804000881425,0.4799065766344117,8,9,False,inferred_contiguous_native_insert,identical_local_windows,0.1904146944997228,6,0.4386804000881425,8,0.562653568812971,8,0.4386804000881425,8,0.43884330687423534,8,0.4376502284923779,8,prior/isoform sensitivity and independent Monte Carlo draws; not a biological confidence interval
dsir:824,UBE2L6,9,452,0.829,0.8032184100451891,0.6604650428069717,2,4,True,inferred_contiguous_native_insert,identical_local_windows,0.6121313733827759,1,0.8032184100451891,2,0.8969740624392608,2,0.8032184100451891,2,0.803198209380325,2,0.8032070427575335,2,prior/isoform sensitivity and independent Monte Carlo draws; not a biological confidence interval
dsir:825,UBE2L6,9,452,0.657,0.488245736091826,0.5697651448999881,7,7,False,inferred_contiguous_native_insert,identical_local_windows,0.0425179435485699,8,0.488245736091826,7,0.7054539745516609,7,0.488245736091826,7,0.48807630482200726,7,0.48856979771821896,7,prior/isoform sensitivity and independent Monte Carlo draws; not a biological confidence interval
dsir:826,UBE2L6,9,452,0.613,0.533131251612317,0.6557957473271878,6,5,False,inferred_contiguous_native_insert,identical_local_windows,0.07313826490669824,7,0.533131251612317,6,0.7578721149067722,4,0.533131251612317,6,0.5331238720290674,6,0.5332468746437454,6,prior/isoform sensitivity and independent Monte Carlo draws; not a biological confidence interval
dsir:827,UBE2L6,9,452,0.74,0.06783232609179318,0.6779512088864355,9,2,False,inferred_contiguous_native_insert,identical_local_windows,-0.29029243646948855,9,0.06783232609179318,9,0.24476838215620478,9,0.06783232609179318,9,0.06792069195520929,9,0.06805654203651398,9,prior/isoform sensitivity and independent Monte Carlo draws; not a biological confidence interval
dsir:2281,UBE2L6,9,452,0.749,0.6274661828345803,0.6720067278914059,3,3,True,inferred_contiguous_native_insert,identical_local_windows,0.2217508623411915,5,0.6274661828345803,3,0.8262469563362737,3,0.6274661828345803,3,0.6274527255762337,3,0.6275308342789065,3,prior/isoform sensitivity and independent Monte Carlo draws; not a biological confidence interval
dsir:304,UBE2M,11,216,0.656,0.44482742253705276,0.5893882742902914,9,8,False,inferred_contiguous_native_insert,identical_local_windows,-0.11315906107464416,9,0.44482742253705276,9,0.7253517173034737,9,0.44482742253705276,9,0.44481993139683146,9,0.44484312348141514,9,prior/isoform sensitivity and independent Monte Carlo draws; not a biological confidence interval
dsir:305,UBE2M,11,216,0.793,0.7704665303935266,0.6421653206585896,7,6,False,inferred_contiguous_native_insert,identical_local_windows,0.42972783106394746,7,0.7704665303935266,7,0.9438998325507821,7,0.7704665303935266,7,0.7706584488735708,7,0.7705342294099241,7,prior/isoform sensitivity and independent Monte Carlo draws; not a biological confidence interval
dsir:306,UBE2M,11,216,0.605,0.29607490283399285,0.5699134171733564,10,9,False,inferred_contiguous_native_insert,identical_local_windows,-0.3027210543020502,10,0.29607490283399285,10,0.5973541795611784,10,0.29607490283399285,10,0.29502161680459926,10,0.2958875230750496,10,prior/isoform sensitivity and independent Monte Carlo draws; not a biological confidence interval
dsir:307,UBE2M,11,216,0.703,0.8517321640639117,0.7510859884592834,6,3,False,inferred_contiguous_native_insert,identical_local_windows,0.5208350182648931,6,0.8517321640639117,6,1.0211373623815994,5,0.8517321640639117,6,0.851747645474222,6,0.8519305728572387,6,prior/isoform sensitivity and independent Monte Carlo draws; not a biological confidence interval
dsir:308,UBE2M,11,220,0.718,0.49056685415749435,0.7227219265324494,8,4,False,inferred_contiguous_native_insert,identical_local_windows,0.005215625647257702,8,0.49056685415749435,8,0.7331451425859541,8,0.49056685415749435,8,0.49009733682138285,8,0.4902147801249892,8,prior/isoform sensitivity and independent Monte Carlo draws; not a biological confidence interval
dsir:309,UBE2M,11,220,0.719,0.8594796242755647,0.780675988209194,5,2,True,inferred_contiguous_native_insert,identical_local_windows,0.6535714159074765,5,0.8594796242755647,5,0.9631751123277354,6,0.8594796242755647,5,0.8596142907351523,5,0.8596311304123798,5,prior/isoform sensitivity and independent Monte Carlo draws; not a biological confidence interval
dsir:311,UBE2M,11,223,0.699,1.0272551796817264,0.6729131577930039,4,5,True,inferred_contiguous_native_insert,identical_local_windows,0.8245898957118498,4,1.0272551796817264,4,1.1252172134274547,4,1.0272551796817264,4,1.0270374271658689,4,1.0271329342470426,4,prior/isoform sensitivity and independent Monte Carlo draws; not a biological confidence interval
dsir:312,UBE2M,11,223,0.517,-0.1687768063304769,0.6153211487545206,11,7,False,inferred_contiguous_native_insert,identical_local_windows,-0.34407184470763674,11,-0.1687768063304769,11,-0.0820040123247967,11,-0.1687768063304769,11,-0.16862370195881737,11,-0.1687848567011286,11,prior/isoform sensitivity and independent Monte Carlo draws; not a biological confidence interval
dsir:315,UBE2M,11,227,0.649,1.3980101693900777,0.5482773882817414,1,11,True,inferred_contiguous_native_insert,identical_local_windows,1.1078633319275477,1,1.3980101693900777,1,1.5470047037513235,1,1.3980101693900777,1,1.397882186780557,1,1.3979999046451541,1,prior/isoform sensitivity and independent Monte Carlo draws; not a biological confidence interval
dsir:2215,UBE2M,11,220,0.66,1.2129707536992511,0.7995296343537037,2,1,True,inferred_contiguous_native_insert,identical_local_windows,0.829040480387048,3,1.2129707536992511,2,1.4062981665138656,2,1.2129707536992511,2,1.2129526414039253,2,1.212976887020739,2,prior/isoform sensitivity and independent Monte Carlo draws; not a biological confidence interval
dsir:2216,UBE2M,11,223,0.717,1.148530806391549,0.5538241235225535,3,10,True,inferred_contiguous_native_insert,identical_local_windows,0.889354091893806,2,1.148530806391549,3,1.2739714854120154,3,1.148530806391549,3,1.1485402927706767,3,1.148535313370948,3,prior/isoform sensitivity and independent Monte Carlo draws; not a biological confidence interval
dsir:1301,UBE2N,10,569,0.64,0.9370701542281004,0.7919621318731602,1,4,True,inferred_contiguous_native_insert,different_local_windows,0.6147196162297021,1,0.9370701542281004,1,1.098897602751418,1,0.9370701542281004,1,0.9368888158682966,1,0.937106846625531,1,prior/isoform sensitivity and independent Monte Carlo draws; not a biological confidence interval
dsir:1302,UBE2N,10,569,0.447,0.2520180637282899,0.45357434056022644,8,10,False,inferred_contiguous_native_insert,different_local_windows,0.0013887925593823746,7,0.2520180637282899,8,0.3768268908489114,9,0.2520180637282899,8,0.2521044781739579,8,0.2517744674429874,8,prior/isoform sensitivity and independent Monte Carlo draws; not a biological confidence interval
dsir:1303,UBE2N,10,571,0.369,0.4475815983512819,0.49083307833977813,5,9,True,inferred_contiguous_native_insert,identical_local_windows,0.2161095118896941,3,0.4475815983512819,5,0.5638087848863829,6,0.4475815983512819,5,0.4475084692967888,5,0.44756984332491057,5,prior/isoform sensitivity and independent Monte Carlo draws; not a biological confidence interval
dsir:1304,UBE2N,10,571,0.83,0.2724989436466504,0.8022586788761354,7,3,False,inferred_contiguous_native_insert,identical_local_windows,-0.18332946869073952,8,0.2724989436466504,7,0.5011546609187847,7,0.2724989436466504,7,0.27224748267876847,7,0.27222905215840965,7,prior/isoform sensitivity and independent Monte Carlo draws; not a biological confidence interval
dsir:1305,UBE2N,10,571,0.848,0.5837845311003194,0.6882642470778457,4,6,True,inferred_contiguous_native_insert,identical_local_windows,0.098743752693804,5,0.5837845311003194,4,0.8281409652506474,4,0.5837845311003194,4,0.5838479951794046,4,0.5836793841126501,4,prior/isoform sensitivity and independent Monte Carlo draws; not a biological confidence interval
dsir:1306,UBE2N,10,571,0.961,0.8115992361647878,0.8185747753838091,2,1,True,inferred_contiguous_native_insert,identical_local_windows,0.46051532866117734,2,0.8115992361647878,2,0.9876645674353058,3,0.8115992361647878,2,0.8116286985337,2,0.8115937261701995,2,prior/isoform sensitivity and independent Monte Carlo draws; not a biological confidence interval
dsir:1307,UBE2N,10,571,0.436,0.4429679150791448,0.5975817102470202,6,7,False,inferred_contiguous_native_insert,identical_local_windows,0.06937887573593715,6,0.4429679150791448,6,0.6322982248478858,5,0.4429679150791448,6,0.44301022281760655,6,0.4430036637858454,6,prior/isoform sensitivity and independent Monte Carlo draws; not a biological confidence interval
dsir:1308,UBE2N,10,571,0.299,0.25028184807495263,0.5327312575233891,9,8,False,inferred_contiguous_native_insert,identical_local_windows,-0.20654701915854023,9,0.25028184807495263,9,0.47900845548053694,8,0.25028184807495263,9,0.25001554410398535,9,0.2506680330890203,9,prior/isoform sensitivity and independent Monte Carlo draws; not a biological confidence interval
dsir:1309,UBE2N,10,571,0.872,-0.0163479950557974,0.8039892086486891,10,2,False,inferred_contiguous_native_insert,identical_local_windows,-0.5424700063269173,10,-0.0163479950557974,10,0.24417718925771376,10,-0.0163479950557974,10,-0.016338799193488875,10,-0.01632802325901212,10,prior/isoform sensitivity and independent Monte Carlo draws; not a biological confidence interval
dsir:2326,UBE2N,10,571,0.875,0.710560045703652,0.6955436190750399,3,5,True,inferred_contiguous_native_insert,identical_local_windows,0.11707309863363471,4,0.710560045703652,3,1.0093269459564618,2,0.7105600457036529,3,0.7113147871623668,3,0.7109183250589611,3,prior/isoform sensitivity and independent Monte Carlo draws; not a biological confidence interval
dsir:749,UBE2S,17,385,0.443,0.5883204211497169,0.6222386636790758,12,11,False,inferred_contiguous_native_insert,identical_local_windows,0.1867863782237193,11,0.5883204211497169,12,0.780231905642836,12,0.5883204211497169,12,0.5884084911537998,12,0.5883161379776882,12,prior/isoform sensitivity and independent Monte Carlo draws; not a biological confidence interval
dsir:750,UBE2S,17,385,0.485,0.3539705097683033,0.5623322558661639,15,13,False,inferred_contiguous_native_insert,identical_local_windows,-0.2419635935010929,15,0.3539705097683033,15,0.6452779287974911,15,0.3539705097683033,15,0.3540115028453584,15,0.35394609967691526,15,prior/isoform sensitivity and independent Monte Carlo draws; not a biological confidence interval
dsir:751,UBE2S,17,385,0.715,0.7718843385767009,0.7188877188981047,9,5,False,inferred_contiguous_native_insert,identical_local_windows,0.267057751352168,10,0.7718843385767009,9,1.023490775090871,7,0.7718843385767009,9,0.7718937428799741,9,0.7718645740151331,9,prior/isoform sensitivity and independent Monte Carlo draws; not a biological confidence interval
dsir:752,UBE2S,17,385,0.395,0.29158958173233174,0.4651575691803635,17,16,False,inferred_contiguous_native_insert,identical_local_windows,-0.29180102611250386,17,0.29158958173233174,17,0.5794056943214243,16,0.29158958173233174,17,0.2916910432914989,17,0.29133880290848024,17,prior/isoform sensitivity and independent Monte Carlo draws; not a biological confidence interval
dsir:753,UBE2S,17,385,0.394,0.3035230413512902,0.4234127975117416,16,17,False,inferred_contiguous_native_insert,identical_local_windows,-0.10218446609530378,14,0.3035230413512902,16,0.5051036259136918,17,0.3035230413512902,16,0.30360265104476664,16,0.30330671302767426,16,prior/isoform sensitivity and independent Monte Carlo draws; not a biological confidence interval
dsir:754,UBE2S,17,390,0.557,0.9858347258104129,0.6398984043796242,4,8,True,inferred_contiguous_native_insert,different_local_windows,0.6135126495206026,3,0.9858347258104129,4,1.1709270027557628,4,0.9858347258104129,4,0.9858778643856542,4,0.9857484134634082,4,prior/isoform sensitivity and independent Monte Carlo draws; not a biological confidence interval
dsir:755,UBE2S,17,390,0.635,0.7831773022068806,0.6270891346492864,8,9,False,inferred_contiguous_native_insert,different_local_windows,0.4571590645689675,7,0.7831773022068806,8,0.9457647970889208,9,0.8418113485445301,6,0.7832808872185482,8,0.7832110700617609,8,prior/isoform sensitivity and independent Monte Carlo draws; not a biological confidence interval
dsir:758,UBE2S,17,394,0.523,0.7395237897214526,0.473004652385836,10,15,False,inferred_contiguous_native_insert,different_local_windows,0.5405226533613718,5,0.7395237897214526,10,0.8381422131916735,11,0.665543710340531,10,0.7394465254610859,10,0.7395716371674722,10,prior/isoform sensitivity and independent Monte Carlo draws; not a biological confidence interval
dsir:765,UBE2S,17,401,0.316,0.4783859043315121,0.5206950829831762,13,14,False,inferred_contiguous_native_insert,identical_local_windows,0.017038865855653063,13,0.4783859043315121,13,0.7111400734321279,13,0.4783859043315121,13,0.47837292769705203,13,0.4783176173194857,13,prior/isoform sensitivity and independent Monte Carlo draws; not a biological confidence interval
dsir:766,UBE2S,17,401,0.604,0.36525845756288533,0.6258518525449894,14,10,False,inferred_contiguous_native_insert,identical_local_windows,-0.25665333905988824,16,0.36525845756288533,14,0.6795311290932846,14,0.36525845756288533,14,0.36528288912605006,14,0.36522635906597883,14,prior/isoform sensitivity and independent Monte Carlo draws; not a biological confidence interval
dsir:767,UBE2S,17,403,0.917,1.3065019132573858,0.7845906868452202,2,2,True,inferred_contiguous_native_insert,different_local_windows,1.0010330555812441,2,1.3065019132573858,2,1.461871798630818,2,1.3065019132573858,2,1.3058861645944488,2,1.3068965241445778,2,prior/isoform sensitivity and independent Monte Carlo draws; not a biological confidence interval
dsir:768,UBE2S,17,403,0.815,1.3718339120810583,0.7360289158475928,1,4,True,inferred_contiguous_native_insert,identical_local_windows,1.156678359999051,1,1.3718339120810583,1,1.4803305725694749,1,1.3718339120810583,1,1.3718795816152616,1,1.3717397330981387,1,prior/isoform sensitivity and independent Monte Carlo draws; not a biological confidence interval
dsir:769,UBE2S,17,403,0.547,0.8345547542878412,0.6474218986354776,6,7,False,inferred_contiguous_native_insert,identical_local_windows,0.5300893834270047,6,0.8345547542878412,6,0.9882653498874315,8,0.8345547542878412,7,0.8345793047088877,6,0.8345587740276987,6,prior/isoform sensitivity and independent Monte Carlo draws; not a biological confidence interval
dsir:770,UBE2S,17,403,0.489,0.8519251087495777,0.5914636427511126,5,12,True,inferred_contiguous_native_insert,identical_local_windows,0.4456184970568647,8,0.8519251087495777,5,1.0594479439920421,5,0.8519251087495777,5,0.851920466528826,5,0.8519309408413804,5,prior/isoform sensitivity and independent Monte Carlo draws; not a biological confidence interval
dsir:771,UBE2S,17,403,0.463,1.0209400836333127,0.6775036291328754,3,6,True,inferred_contiguous_native_insert,identical_local_windows,0.5821494590481645,4,1.0209400836333127,3,1.2471509863028347,3,1.020940083633313,3,1.0207862669628371,3,1.0210213232331353,3,prior/isoform sensitivity and independent Monte Carlo draws; not a biological confidence interval
dsir:775,UBE2S,17,411,0.54,0.6117151662998086,0.8205277759437907,11,1,False,inferred_contiguous_native_insert,identical_local_windows,0.09685518400996333,12,0.6117151662998086,11,0.8656730383912593,10,0.6117151662998086,11,0.6119616370521604,11,0.6117594997649161,11,prior/isoform sensitivity and independent Monte Carlo draws; not a biological confidence interval
dsir:2277,UBE2S,17,385,0.706,0.799385489603015,0.7785938508423438,7,3,False,inferred_contiguous_native_insert,identical_local_windows,0.3404409507565021,9,0.799385489603015,7,1.0285922271821049,6,0.7993854896030151,8,0.7993734448248566,7,0.7995234052459798,7,prior/isoform sensitivity and independent Monte Carlo draws; not a biological confidence interval
dsir:1517,UBE2V1,2,765,0.523,0.6615553422242467,0.5340028036840038,2,2,,inferred_contiguous_native_insert,identical_local_windows,0.2815692095093073,2,0.6615553422242467,2,0.8512101077034038,2,0.6615553422242467,2,0.661657399906414,2,0.6617276874579979,2,prior/isoform sensitivity and independent Monte Carlo draws; not a biological confidence interval
dsir:1518,UBE2V1,2,765,0.953,1.0403410486237763,0.8098251742913167,1,1,,inferred_contiguous_native_insert,identical_local_windows,0.7309778253522717,1,1.0403410486237763,1,1.1940895491422399,1,1.0403410486237763,1,1.040395611305877,1,1.040372760521738,1,prior/isoform sensitivity and independent Monte Carlo draws; not a biological confidence interval
