gene,n,prevalence_at_0_70,ndcg_at_5,reference_ndcg_at_5,selected_activity,reference_selected_activity,precision_at_5,selection_regret,different_window_rows,context_status
CDC34,21,0.2857142857142857,0.8081532994072356,0.7429416270656508,0.615,0.6355999999999999,0.4,0.1322000000000001,3,inferred_contiguous_native_insert
NOG,16,0.6875,0.9511932929495653,0.9240150710166829,0.9318,0.9044000000000001,1.0,0.030200000000000116,0,inferred_contiguous_native_insert
P2RX3,42,0.5714285714285714,0.7565485042178064,0.8758283813298343,0.8178000000000001,0.8922000000000001,0.6,0.1489999999999998,0,inferred_contiguous_native_insert
SOST,8,0.25,0.9045300006030349,0.8943914287201996,0.6882000000000001,0.6284000000000001,0.4,0.00639999999999985,0,inferred_contiguous_native_insert
UBE2B,9,0.5555555555555556,0.8502060418025293,0.9638605259706886,0.7146,0.7814,0.6,0.09460000000000002,3,inferred_contiguous_native_insert
UBE2C,17,0.29411764705882354,0.7542924856777733,0.922286014874832,0.575,0.753,0.2,0.19940000000000002,0,inferred_contiguous_native_insert
UBE2D3,2,0.0,,,,,,,0,inferred_contiguous_native_insert
UBE2E3,26,0.4230769230769231,0.6642858678526645,0.9790021573139606,0.6814,0.8724000000000001,0.4,0.2018000000000001,0,inferred_contiguous_native_insert
UBE2G1,15,0.3333333333333333,0.7090528296529779,0.892774413794432,0.7286,0.8190000000000002,0.4,0.15379999999999994,1,inferred_contiguous_native_insert
UBE2H,12,0.3333333333333333,0.7899627228600272,0.9319594429172058,0.7577999999999999,0.7718,0.6,0.08399999999999996,1,inferred_contiguous_native_insert
UBE2I,16,0.375,0.8984116568601493,0.913328008848197,0.7544,0.7732,0.8,0.07700000000000007,2,inferred_contiguous_native_insert
UBE2J1,14,0.5,0.8037455448374557,0.9396682309366995,0.6960000000000001,0.8196,0.6,0.133,0,inferred_contiguous_native_insert
UBE2L3,15,0.4666666666666667,0.9532259063528769,0.9528426437344383,0.8225999999999999,0.8074,1.0,0.0046000000000001595,4,inferred_contiguous_native_insert
UBE2L6,9,0.6666666666666666,0.9126805900458997,0.928203851192102,0.7916000000000001,0.7818,0.8,0.049599999999999866,0,inferred_contiguous_native_insert
UBE2M,11,0.45454545454545453,0.8948337649851259,0.9181238647683624,0.6888,0.6998,0.4,0.041200000000000014,0,inferred_contiguous_native_insert
UBE2N,10,0.5,0.8012716320472975,0.9562022036588748,0.7385999999999999,0.8356,0.6,0.13859999999999995,2,inferred_contiguous_native_insert
UBE2S,17,0.23529411764705882,0.8592923316015915,0.8764325498624362,0.6481999999999999,0.7386,0.4,0.10940000000000016,4,inferred_contiguous_native_insert
UBE2V1,2,0.5,,,,,,,0,inferred_contiguous_native_insert
