model,seed,outer_fold,n,sequence_components,pair_mse,equal_component_mse,pair_mae,equal_component_mae,mean_observed,mean_predicted,predicted_min,predicted_max,predicted_mean_absolute,observed_negative,observed_tie,observed_positive,predicted_negative,predicted_tie,predicted_positive,raw_positive,observed_nonties,calls,correct_calls,coverage,correctness_among_calls,correctness_all_nonties
gnn_activity,1103,0,24,3,0.5029997974074394,0.3734514097404767,0.4459403615117073,0.3913047097444534,-0.17442916666666666,-0.2982894455393155,-0.5168900489807129,-0.141837477684021,0.2982894455393155,17,2,5,24,0,0,0,22,22,17,1.0,0.7727272727272727,0.7727272727272727
gnn_activity,1103,1,48,3,0.1224820886698343,0.16286543430162187,0.2668778215090433,0.2993162447986446,-0.23910208333333335,-0.2863204050809145,-0.4885310232639313,-0.0548083484172821,0.2863204050809145,36,6,6,48,0,0,0,42,42,36,1.0,0.8571428571428571,0.8571428571428571
gnn_activity,1103,2,48,3,0.2517225514670785,0.4906137707479634,0.3071649123390516,0.3915320221811008,-0.27028958333333325,-0.2626737542450428,-0.4344532191753387,-0.165027916431427,0.2626737542450428,33,9,6,48,0,0,0,39,39,33,1.0,0.8461538461538461,0.8461538461538461
gnn_activity,1103,3,36,3,0.21933285582135645,0.25791487393423446,0.3286763562281926,0.33479386560309154,-0.18710555555555552,-0.30097734928131104,-0.3872108459472656,-0.2300368547439575,0.30097734928131104,25,2,9,36,0,0,0,34,34,25,1.0,0.7352941176470589,0.7352941176470589
gnn_activity,2207,0,24,3,0.4476019911272073,0.3351533535987575,0.4120996945142746,0.36727545430925157,-0.17442916666666666,-0.30583071708679194,-0.5695829391479492,-0.1835726499557495,0.30583071708679194,17,2,5,24,0,0,0,22,22,17,1.0,0.7727272727272727,0.7727272727272727
gnn_activity,2207,1,48,3,0.11063012041676024,0.13395285660072392,0.25548275248606994,0.26117169864155776,-0.23910208333333335,-0.334627694139878,-0.4613943994045257,-0.1523205637931823,0.334627694139878,36,6,6,48,0,0,0,42,42,36,1.0,0.8571428571428571,0.8571428571428571
gnn_activity,2207,2,48,3,0.28326785568264395,0.5551607185056625,0.344755996320645,0.4509526935288344,-0.27028958333333325,-0.27868493770559627,-0.341185986995697,-0.2082872986793518,0.27868493770559627,33,9,6,48,0,0,0,39,39,33,1.0,0.8461538461538461,0.8461538461538461
gnn_activity,2207,3,36,3,0.224138338979274,0.2520000602097059,0.34551692500644254,0.3468647044156926,-0.18710555555555552,-0.35582200520568424,-0.4293616414070129,-0.2442618012428283,0.35582200520568424,25,2,9,36,0,0,0,34,34,25,1.0,0.7352941176470589,0.7352941176470589
gnn_activity,3301,0,24,3,0.499093534296168,0.3635390276714658,0.4446744140386581,0.3810677668200599,-0.17442916666666666,-0.35735013087590534,-0.4995991587638855,-0.2336848974227905,0.35735013087590534,17,2,5,24,0,0,0,22,22,17,1.0,0.7727272727272727,0.7727272727272727
gnn_activity,3301,1,48,3,0.10813325125227263,0.12982618976966864,0.25702260903517404,0.2662403528018871,-0.23910208333333335,-0.35761891926328343,-0.5178022980690002,-0.1737370491027832,0.35761891926328343,36,6,6,48,0,0,0,42,42,36,1.0,0.8571428571428571,0.8571428571428571
gnn_activity,3301,2,48,3,0.2768400550399782,0.5696679170004572,0.30607769148945807,0.4308271247098736,-0.27028958333333325,-0.20945767685770988,-0.2804147899150848,-0.131462812423706,0.20945767685770988,33,9,6,48,0,0,0,39,39,33,1.0,0.8461538461538461,0.8461538461538461
gnn_activity,3301,3,36,3,0.22260745423348188,0.2478467792368281,0.346038706058926,0.345166635096456,-0.18710555555555552,-0.36193229920334286,-0.4267779588699341,-0.2940901517868042,0.36193229920334286,25,2,9,36,0,0,0,34,34,25,1.0,0.7352941176470589,0.7352941176470589
gnn_activity,ensemble,0,24,3,0.4807427414835434,0.35533678236058175,0.4321469211830033,0.3776779146203288,-0.17442916666666664,-0.3204900978340043,-0.5286907156308492,-0.19389613469441733,0.3204900978340043,17,2,5,24,0,0,0,22,22,17,1.0,0.7727272727272727,0.7727272727272727
gnn_activity,ensemble,1,48,3,0.10974208275681442,0.1374957150556952,0.24958977284464567,0.26461854124616924,-0.23910208333333335,-0.32618900616135865,-0.42669310172398883,-0.12728842099507645,0.32618900616135865,36,6,6,48,0,0,0,42,42,36,1.0,0.8571428571428571,0.8571428571428571
gnn_activity,ensemble,2,48,3,0.26864258625581666,0.5358199405031272,0.31842622318135366,0.42339826639839057,-0.27028958333333325,-0.2502721229361163,-0.3416779140631358,-0.17298231522242227,0.2502721229361163,33,9,6,48,0,0,0,39,39,33,1.0,0.8461538461538461,0.8461538461538461
gnn_activity,ensemble,3,36,3,0.22083017395903265,0.25128364684478527,0.3387169537341153,0.3408114030597256,-0.18710555555555552,-0.33957721789677936,-0.4023204843203227,-0.27737348278363544,0.33957721789677936,25,2,9,36,0,0,0,34,34,25,1.0,0.7352941176470589,0.7352941176470589
gnn_pair,1103,0,24,3,0.5063169028747528,0.3759035272792496,0.4462528981765111,0.3925060676574707,-0.17442916666666666,-0.295229231317838,-0.5422430038452148,-0.093979001045227,0.295229231317838,17,2,5,24,0,0,0,22,22,17,1.0,0.7727272727272727,0.7727272727272727
gnn_pair,1103,1,48,3,0.12247527012642977,0.1575990337174407,0.2779416693309943,0.297685646750953,-0.23910208333333335,-0.3547477163374424,-0.4130988121032715,-0.2889875769615173,0.3547477163374424,36,6,6,48,0,0,0,42,42,36,1.0,0.8571428571428571,0.8571428571428571
gnn_pair,1103,2,48,3,0.2715111409956597,0.5325600605264459,0.33516723368565243,0.4351213869591646,-0.27028958333333325,-0.28165995453794795,-0.3488268852233886,-0.24755859375,0.28165995453794795,33,9,6,48,0,0,0,39,39,33,1.0,0.8461538461538461,0.8461538461538461
gnn_pair,1103,3,36,3,0.18964746168639646,0.2303702288387352,0.31280288255214683,0.3212995101077652,-0.18710555555555552,-0.2733872863981459,-0.3527132868766784,-0.2123988270759582,0.2733872863981459,25,2,9,36,0,0,0,34,34,25,1.0,0.7352941176470589,0.7352941176470589
gnn_pair,2207,0,24,3,0.45390323296672075,0.3322356740370205,0.4089350296139717,0.35535629675123426,-0.17442916666666666,-0.3060674195488294,-0.482215940952301,-0.1900451183319091,0.3060674195488294,17,2,5,24,0,0,0,22,22,17,1.0,0.7727272727272727,0.7727272727272727
gnn_pair,2207,1,48,3,0.13481131826266196,0.14926127369042264,0.2860023857037226,0.28088516666328156,-0.23910208333333335,-0.286557674407959,-0.525697648525238,-0.0048852264881134,0.286557674407959,36,6,6,36,12,0,0,42,32,27,0.7619047619047619,0.84375,0.6428571428571429
gnn_pair,2207,2,48,3,0.26584099674410244,0.5306058552770103,0.308138109177351,0.4154461302991954,-0.27028958333333325,-0.24055557077129683,-0.3550873398780823,-0.1700285077095031,0.24055557077129683,33,9,6,48,0,0,0,39,39,33,1.0,0.8461538461538461,0.8461538461538461
gnn_pair,2207,3,36,3,0.18824757784297594,0.2265862063882421,0.3137193102942572,0.3219165614123382,-0.18710555555555552,-0.2844149006737603,-0.3760259747505188,-0.2062343955039978,0.2844149006737603,25,2,9,36,0,0,0,34,34,25,1.0,0.7352941176470589,0.7352941176470589
gnn_pair,3301,0,24,3,0.5026404670763683,0.36534961021938717,0.44364368350108463,0.3803615214294857,-0.17442916666666666,-0.35306264211734134,-0.5002533197402954,-0.227557897567749,0.35306264211734134,17,2,5,24,0,0,0,22,22,17,1.0,0.7727272727272727,0.7727272727272727
gnn_pair,3301,1,48,3,0.1273532822521287,0.14903138117789655,0.26714911051591234,0.27403798256485834,-0.23910208333333335,-0.2564527827004592,-0.5679851770401001,0.0355457663536071,0.26518940304716426,36,6,6,42,0,6,6,42,42,32,1.0,0.7619047619047619,0.7619047619047619
gnn_pair,3301,2,48,3,0.2720721228124256,0.5465049395186902,0.30019528319040933,0.4150458582999655,-0.27028958333333325,-0.21534220253427824,-0.357997715473175,-0.0968873500823974,0.21534220253427824,33,9,6,48,0,0,0,39,39,33,1.0,0.8461538461538461,0.8461538461538461
gnn_pair,3301,3,36,3,0.21361594988879676,0.2479430341647198,0.33825197428862247,0.3421179109939128,-0.18710555555555552,-0.32773933311303455,-0.3761077523231506,-0.267231285572052,0.32773933311303455,25,2,9,36,0,0,0,34,34,25,1.0,0.7352941176470589,0.7352941176470589
gnn_pair,ensemble,0,24,3,0.48562993608974053,0.35615300107088677,0.4297629355510076,0.37208562282809504,-0.17442916666666664,-0.3181197643280029,-0.5082374215126038,-0.17052733898162833,0.3181197643280029,17,2,5,24,0,0,0,22,22,17,1.0,0.7727272727272727,0.7727272727272727
gnn_pair,ensemble,1,48,3,0.1203987121542464,0.1473358309445209,0.2654625741150644,0.27711856617743297,-0.23910208333333335,-0.29925272448195345,-0.49499430259068805,-0.0864772895971934,0.29925272448195345,36,6,6,48,0,0,0,42,42,36,1.0,0.8571428571428571,0.8571428571428571
gnn_pair,ensemble,2,48,3,0.2679155041856178,0.5350934831337715,0.31382009909881486,0.4211677490343011,-0.27028958333333325,-0.24585257594784102,-0.3423946797847748,-0.18667234977086386,0.24585257594784102,33,9,6,48,0,0,0,39,39,33,1.0,0.8461538461538461,0.8461538461538461
gnn_pair,ensemble,3,36,3,0.19636110596458278,0.23432781643667858,0.32132216008062714,0.3281884385328293,-0.18710555555555552,-0.29518050672831353,-0.36008987824122113,-0.2356281479199727,0.29518050672831353,25,2,9,36,0,0,0,34,34,25,1.0,0.7352941176470589,0.7352941176470589
nongraph_pair,1103,0,24,3,0.49285370608454987,0.3578715354398914,0.42872384618520737,0.36603742591540017,-0.17442916666666666,-0.3152319019039472,-0.4609357118606567,-0.1660560369491577,0.3152319019039472,17,2,5,24,0,0,0,22,22,17,1.0,0.7727272727272727,0.7727272727272727
nongraph_pair,1103,1,48,3,0.11408225923018762,0.15165968285569287,0.2652363353252411,0.28800580847825785,-0.23910208333333335,-0.32812151064475376,-0.3672999739646911,-0.2927402853965759,0.32812151064475376,36,6,6,48,0,0,0,42,42,36,1.0,0.8571428571428571,0.8571428571428571
nongraph_pair,1103,2,48,3,0.2803895376631567,0.5696274983346792,0.32865644448995585,0.44964318154155325,-0.27028958333333325,-0.24935526897509894,-0.2812933921813965,-0.2262690663337707,0.24935526897509894,33,9,6,48,0,0,0,39,39,33,1.0,0.8461538461538461,0.8461538461538461
nongraph_pair,1103,3,36,3,0.18217226069114847,0.2307882668499586,0.2927153430196973,0.30744759599575583,-0.18710555555555552,-0.2265525509913762,-0.3226324319839477,-0.0967622399330139,0.2265525509913762,25,2,9,36,0,0,0,34,34,25,1.0,0.7352941176470589,0.7352941176470589
nongraph_pair,2207,0,24,3,0.4569051257700633,0.33242165951663805,0.41608745287656784,0.363334802309672,-0.17442916666666666,-0.33194507906834286,-0.5112206935882568,-0.1687623262405395,0.33194507906834286,17,2,5,24,0,0,0,22,22,17,1.0,0.7727272727272727,0.7727272727272727
nongraph_pair,2207,1,48,3,0.11032397593174866,0.1200464466141513,0.2552072961012522,0.24926808405937065,-0.23910208333333335,-0.2962612596650918,-0.5555050373077393,-0.0720158219337463,0.2962612596650918,36,6,6,48,0,0,0,42,42,36,1.0,0.8571428571428571,0.8571428571428571
nongraph_pair,2207,2,48,3,0.24659887180187065,0.48883898867937875,0.2801339330732822,0.37744230203412577,-0.27028958333333325,-0.22278004636367163,-0.4279278516769409,-0.1047701239585876,0.22278004636367163,33,9,6,48,0,0,0,39,39,33,1.0,0.8461538461538461,0.8461538461538461
nongraph_pair,2207,3,36,3,0.21854441432072325,0.245774500466225,0.35486291798220737,0.3551763454088878,-0.18710555555555552,-0.3681027458773719,-0.4024267196655273,-0.3471898734569549,0.3681027458773719,25,2,9,36,0,0,0,34,34,25,1.0,0.7352941176470589,0.7352941176470589
nongraph_pair,3301,0,24,3,0.4727283240195564,0.33805725325282626,0.45007396155595775,0.37540926278432213,-0.17442916666666666,-0.40492672969897586,-0.4152441024780273,-0.3813305497169494,0.40492672969897586,17,2,5,24,0,0,0,22,22,17,1.0,0.7727272727272727,0.7727272727272727
nongraph_pair,3301,1,48,3,0.11154446353259469,0.13644956698571375,0.24807455408771828,0.26058374363335435,-0.23910208333333335,-0.3006696042915185,-0.4686907529830932,-0.0939786732196807,0.3006696042915185,36,6,6,48,0,0,0,42,42,36,1.0,0.8571428571428571,0.8571428571428571
nongraph_pair,3301,2,48,3,0.28033050864776393,0.5682551291818316,0.32883829118410746,0.44703403976954315,-0.27028958333333325,-0.2503904054562251,-0.2895729839801788,-0.1933566331863403,0.2503904054562251,33,9,6,48,0,0,0,39,39,33,1.0,0.8461538461538461,0.8461538461538461
nongraph_pair,3301,3,36,3,0.21975300300342585,0.2548560018493586,0.35004416358206,0.3537355712843828,-0.18710555555555552,-0.3465895139508777,-0.3934609889984131,-0.3260344266891479,0.3465895139508777,25,2,9,36,0,0,0,34,34,25,1.0,0.7352941176470589,0.7352941176470589
nongraph_pair,ensemble,0,24,3,0.46900891196656325,0.33841401646350794,0.42287621724473096,0.36242569502901145,-0.17442916666666664,-0.35070123689042193,-0.4623967707157135,-0.24933538834253943,0.35070123689042193,17,2,5,24,0,0,0,22,22,17,1.0,0.7727272727272727,0.7727272727272727
nongraph_pair,ensemble,1,48,3,0.10643596418115907,0.13021228645441313,0.24938460851907726,0.25526143797568585,-0.23910208333333335,-0.308350791533788,-0.44110464056332904,-0.1580100754896799,0.308350791533788,36,6,6,48,0,0,0,42,42,36,1.0,0.8571428571428571,0.8571428571428571
nongraph_pair,ensemble,2,48,3,0.26712769329163394,0.5396435673342993,0.3111847584439648,0.4238780704290409,-0.27028958333333325,-0.24084190693166518,-0.3252486189206441,-0.19032452503840122,0.24084190693166518,33,9,6,48,0,0,0,39,39,33,1.0,0.8461538461538461,0.8461538461538461
nongraph_pair,ensemble,3,36,3,0.20211948724252038,0.23948539435471763,0.3280068260581405,0.334080828361691,-0.18710555555555552,-0.3137482702732087,-0.3539741436640422,-0.25979142387708026,0.3137482702732087,25,2,9,36,0,0,0,34,34,25,1.0,0.7352941176470589,0.7352941176470589
pair_ridge,0,0,24,3,0.4950161904802323,0.3776387537691032,0.44216068371335654,0.3980345774955219,-0.17442916666666666,-0.22778890654444692,-0.4750714302062988,-0.032349556684494,0.22778890654444692,17,2,5,24,0,0,0,22,22,17,1.0,0.7727272727272727,0.7727272727272727
pair_ridge,0,1,48,3,0.1235352344578143,0.14432294375992719,0.2688884382764498,0.27113619952572016,-0.23910208333333335,-0.2483611349016428,-0.4946154654026031,0.0405892431735992,0.2614836860448122,36,6,6,36,6,6,12,42,36,28,0.8571428571428571,0.7777777777777778,0.6666666666666666
pair_ridge,0,2,48,3,0.25874581148283754,0.5099689859048492,0.28616282634337736,0.38943427323281227,-0.27028958333333325,-0.16164294630289075,-0.4259196519851684,0.0170318186283111,0.16590090095996854,33,9,6,30,18,0,6,39,23,19,0.5897435897435898,0.8260869565217391,0.48717948717948717
pair_ridge,0,3,36,3,0.1939966207783956,0.2613634468291386,0.3033893273035685,0.3372410920537551,-0.18710555555555552,-0.22539944450060526,-0.3097624182701111,-0.1320443451404571,0.22539944450060526,25,2,9,36,0,0,0,34,34,25,1.0,0.7352941176470589,0.7352941176470589
pair_ridge,ensemble,0,24,3,0.4950161904802323,0.3776387537691032,0.44216068371335665,0.3980345774955219,-0.17442916666666664,-0.22778890654444695,-0.4750714302062988,-0.032349556684494,0.22778890654444695,17,2,5,24,0,0,0,22,22,17,1.0,0.7727272727272727,0.7727272727272727
pair_ridge,ensemble,1,48,3,0.1235352344578143,0.14432294375992719,0.26888843827644987,0.27113619952572016,-0.23910208333333335,-0.2483611349016428,-0.4946154654026031,0.0405892431735992,0.2614836860448122,36,6,6,36,6,6,12,42,36,28,0.8571428571428571,0.7777777777777778,0.6666666666666666
pair_ridge,ensemble,2,48,3,0.2587458114828376,0.5099689859048492,0.2861628263433774,0.3894342732328123,-0.27028958333333325,-0.16164294630289075,-0.4259196519851684,0.0170318186283111,0.16590090095996854,33,9,6,30,18,0,6,39,23,19,0.5897435897435898,0.8260869565217391,0.48717948717948717
pair_ridge,ensemble,3,36,3,0.19399662077839558,0.2613634468291385,0.30338932730356855,0.3372410920537551,-0.18710555555555552,-0.22539944450060526,-0.3097624182701111,-0.1320443451404571,0.22539944450060526,25,2,9,36,0,0,0,34,34,25,1.0,0.7352941176470589,0.7352941176470589
training_majority,0,0,24,3,1.0985681695833334,0.8877527358333333,0.8984958333333334,0.8097527777777779,-0.17442916666666666,-1.0,-1.0,-1.0,1.0,17,2,5,24,0,0,0,22,22,17,1.0,0.7727272727272727,0.7727272727272727
training_majority,0,1,48,3,0.6825391197916666,0.5835037561913419,0.7845354166666666,0.7199433341069768,-0.23910208333333335,-1.0,-1.0,-1.0,1.0,36,6,6,48,0,0,0,42,42,36,1.0,0.8571428571428571,0.8571428571428571
training_majority,0,2,48,3,0.8168751306250002,0.7800402757383065,0.8525645833333334,0.7999155562499332,-0.27028958333333325,-1.0,-1.0,-1.0,1.0,33,9,6,48,0,0,0,39,39,33,1.0,0.8461538461538461,0.8461538461538461
training_majority,0,3,36,3,0.853393821111111,0.7338672868946092,0.8609888888888889,0.7919046316295402,-0.18710555555555552,-1.0,-1.0,-1.0,1.0,25,2,9,36,0,0,0,34,34,25,1.0,0.7352941176470589,0.7352941176470589
training_majority,ensemble,0,24,3,1.0985681695833334,0.8877527358333333,0.8984958333333334,0.8097527777777779,-0.17442916666666664,-1.0,-1.0,-1.0,1.0,17,2,5,24,0,0,0,22,22,17,1.0,0.7727272727272727,0.7727272727272727
training_majority,ensemble,1,48,3,0.6825391197916667,0.5835037561913419,0.7845354166666666,0.7199433341069768,-0.23910208333333335,-1.0,-1.0,-1.0,1.0,36,6,6,48,0,0,0,42,42,36,1.0,0.8571428571428571,0.8571428571428571
training_majority,ensemble,2,48,3,0.8168751306250001,0.7800402757383065,0.8525645833333334,0.7999155562499332,-0.27028958333333325,-1.0,-1.0,-1.0,1.0,33,9,6,48,0,0,0,39,39,33,1.0,0.8461538461538461,0.8461538461538461
training_majority,ensemble,3,36,3,0.8533938211111111,0.7338672868946091,0.8609888888888889,0.7919046316295402,-0.18710555555555552,-1.0,-1.0,-1.0,1.0,25,2,9,36,0,0,0,34,34,25,1.0,0.7352941176470589,0.7352941176470589
training_mean,0,0,24,3,0.4400699846886134,0.3160720858211524,0.40670051465943846,0.3411606739963859,-0.17442916666666666,-0.3263140439783155,-0.3263140439783155,-0.3263140439783155,0.3263140439783155,17,2,5,24,0,0,0,22,22,17,1.0,0.7727272727272727,0.7727272727272727
training_mean,0,1,48,3,0.11140985695345378,0.1467733970213154,0.26189910654523185,0.2803139149991502,-0.23910208333333335,-0.3276253952317294,-0.3276253952317294,-0.3276253952317294,0.3276253952317294,36,6,6,48,0,0,0,42,42,36,1.0,0.8571428571428571,0.8571428571428571
training_mean,0,2,48,3,0.2861168801743141,0.593636553322349,0.32393170024155243,0.4592077515566179,-0.27028958333333325,-0.22882825507247787,-0.2288282550724779,-0.2288282550724779,0.22882825507247787,33,9,6,48,0,0,0,39,39,33,1.0,0.8461538461538461,0.8461538461538461
training_mean,0,3,36,3,0.2057837211617204,0.24985237970702323,0.3308026985983743,0.34013854525874415,-0.18710555555555552,-0.3019414291284565,-0.3019414291284565,-0.3019414291284565,0.3019414291284565,25,2,9,36,0,0,0,34,34,25,1.0,0.7352941176470589,0.7352941176470589
training_mean,ensemble,0,24,3,0.4400699846886134,0.3160720858211524,0.40670051465943846,0.3411606739963859,-0.17442916666666664,-0.3263140439783155,-0.3263140439783155,-0.3263140439783155,0.3263140439783155,17,2,5,24,0,0,0,22,22,17,1.0,0.7727272727272727,0.7727272727272727
training_mean,ensemble,1,48,3,0.11140985695345378,0.14677339702131537,0.26189910654523185,0.28031391499915015,-0.23910208333333335,-0.3276253952317294,-0.3276253952317294,-0.3276253952317294,0.3276253952317294,36,6,6,48,0,0,0,42,42,36,1.0,0.8571428571428571,0.8571428571428571
training_mean,ensemble,2,48,3,0.2861168801743141,0.593636553322349,0.3239317002415524,0.45920775155661797,-0.27028958333333325,-0.22882825507247787,-0.2288282550724779,-0.2288282550724779,0.22882825507247787,33,9,6,48,0,0,0,39,39,33,1.0,0.8461538461538461,0.8461538461538461
training_mean,ensemble,3,36,3,0.2057837211617204,0.24985237970702318,0.3308026985983744,0.34013854525874415,-0.18710555555555552,-0.3019414291284565,-0.3019414291284565,-0.3019414291284565,0.3019414291284565,25,2,9,36,0,0,0,34,34,25,1.0,0.7352941176470589,0.7352941176470589
zero,0,0,24,3,0.44742650291666664,0.36548051361111106,0.43473749999999994,0.41240277777777773,-0.17442916666666666,0.0,0.0,0.0,0.0,17,2,5,0,24,0,0,22,0,0,0.0,,0.0
zero,0,1,48,3,0.16074328645833333,0.2615948649213634,0.27285624999999997,0.3586544434862418,-0.23910208333333335,0.0,0.0,0.0,0.0,36,6,6,0,48,0,0,42,0,0,0.0,,0.0
zero,0,2,48,3,0.35745429729166656,0.767153603309808,0.30408958333333325,0.5115833307210357,-0.27028958333333325,0.0,0.0,0.0,0.0,33,9,6,0,48,0,0,39,0,0,0.0,,0.0
zero,0,3,36,3,0.22760493222222214,0.3424357995022051,0.33565,0.4040212952591847,-0.18710555555555552,0.0,0.0,0.0,0.0,25,2,9,0,36,0,0,34,0,0,0.0,,0.0
zero,ensemble,0,24,3,0.44742650291666664,0.36548051361111106,0.43473749999999994,0.41240277777777773,-0.17442916666666664,0.0,0.0,0.0,0.0,17,2,5,0,24,0,0,22,0,0,0.0,,0.0
zero,ensemble,1,48,3,0.16074328645833333,0.2615948649213634,0.27285624999999997,0.3586544434862419,-0.23910208333333335,0.0,0.0,0.0,0.0,36,6,6,0,48,0,0,42,0,0,0.0,,0.0
zero,ensemble,2,48,3,0.3574542972916666,0.767153603309808,0.3040895833333333,0.5115833307210357,-0.27028958333333325,0.0,0.0,0.0,0.0,33,9,6,0,48,0,0,39,0,0,0.0,,0.0
zero,ensemble,3,36,3,0.2276049322222222,0.3424357995022051,0.33565,0.40402129525918473,-0.18710555555555552,0.0,0.0,0.0,0.0,25,2,9,0,36,0,0,34,0,0,0.0,,0.0
