model,seed,n,sequence_components,pair_mse,equal_component_mse,pair_mae,equal_component_mae,mean_observed,mean_predicted,predicted_min,predicted_max,predicted_mean_absolute,observed_negative,observed_tie,observed_positive,predicted_negative,predicted_tie,predicted_positive,raw_positive,observed_nonties,calls,correct_calls,coverage,correctness_among_calls,correctness_all_nonties
gnn_activity,1103,156,12,0.24313974790973844,0.321211374565713,0.3210831328538748,0.3542367112053306,-0.22674935897435894,-0.28426827509433794,-0.5168900489807129,-0.0548083484172821,0.28426827509433794,111,19,26,156,0,0,0,137,137,111,1.0,0.8102189781021898,0.8102189781021898
gnn_activity,2207,156,12,0.2417854541222964,0.3190667495052722,0.32782347379036436,0.35656613830858197,-0.22674935897435894,-0.3178752290132718,-0.5695829391479492,-0.1523205637931823,0.3178752290132718,111,19,26,156,0,0,0,137,137,111,1.0,0.8102189781021898,0.8102189781021898
gnn_activity,3301,156,12,0.2466078966509066,0.327719980876784,0.32152816525789407,0.35582547057036823,-0.22674935897435894,-0.31298488798813945,-0.5178022980690002,-0.131462812423706,0.31298488798813945,111,19,26,156,0,0,0,137,137,111,1.0,0.8102189781021898,0.8102189781021898
gnn_activity,ensemble,156,12,0.24134728314574685,0.3199840235500259,0.3194237452055654,0.3516265319685964,-0.226749358974359,-0.30504279736524975,-0.5286907156308492,-0.12728842099507645,0.30504279736524975,111,19,26,156,0,0,0,137,137,111,1.0,0.8102189781021898,0.8102189781021898
gnn_pair,1103,156,12,0.24288629502285025,0.3241082153021331,0.3294884658520038,0.3616531536804568,-0.22674935897435894,-0.3043270004101289,-0.5422430038452148,-0.093979001045227,0.3043270004101289,111,19,26,156,0,0,0,137,137,111,1.0,0.8102189781021898,0.8102189781021898
gnn_pair,2207,156,12,0.2365506507299559,0.309672254809086,0.3181223053565391,0.343401039389335,-0.22674935897435894,-0.27491019398738176,-0.525697648525238,-0.0048852264881134,0.27491019398738176,111,19,26,144,12,0,0,137,127,102,0.927007299270073,0.8031496062992126,0.7445255474452555
gnn_pair,3301,156,12,0.24952541569825726,0.32720724374483534,0.32087852805333256,0.3528908189761519,-0.22674935897435894,-0.2751171711163643,-0.5679851770401001,0.0355457663536071,0.27780536199227357,111,19,26,150,0,6,6,137,137,107,1.0,0.781021897810219,0.781021897810219
gnn_pair,ensemble,156,12,0.23950769657174512,0.3182275354798776,0.3185094649384164,0.34964009486791814,-0.226749358974359,-0.28478478850462496,-0.5082374215126038,-0.0864772895971934,0.28478478850462496,111,19,26,156,0,0,0,137,137,111,1.0,0.8102189781021898,0.8102189781021898
nongraph_pair,1103,156,12,0.2392393370627633,0.3274867489181203,0.31624344928386877,0.3527835040085776,-0.22674935897435894,-0.2784637365585718,-0.4609357118606567,-0.0967622399330139,0.2784637365585718,111,19,26,156,0,0,0,137,137,111,1.0,0.8102189781021898,0.8102189781021898
nongraph_pair,2207,156,12,0.23054883734129022,0.2967704008385037,0.31062527510753046,0.33630538386120323,-0.22674935897435894,-0.29572027845260423,-0.5555050373077393,-0.0720158219337463,0.29572027845260423,111,19,26,156,0,0,0,137,137,111,1.0,0.8102189781021898,0.8102189781021898
nongraph_pair,3301,156,12,0.24401658044390964,0.32440449036822955,0.32753321499579996,0.35919065514835163,-0.22674935897435894,-0.311835541557043,-0.4686907529830932,-0.0939786732196807,0.311835541557043,111,19,26,156,0,0,0,137,137,111,1.0,0.8102189781021898,0.8102189781021898
nongraph_pair,ensemble,156,12,0.23374083965783546,0.3119388186827395,0.3132346446550809,0.3439115086392928,-0.226749358974359,-0.2953398521894064,-0.4623967707157135,-0.1580100754896799,0.2953398521894064,111,19,26,156,0,0,0,137,137,111,1.0,0.8102189781021898,0.8102189781021898
pair_ridge,0,156,12,0.23854972515832756,0.32332353558598387,0.3088226467551329,0.3489615367451257,-0.22674935897435894,-0.213214805492988,-0.4946154654026031,0.0405892431735992,0.2185626534315256,111,19,26,126,24,6,18,137,115,89,0.8394160583941606,0.7739130434782608,0.6496350364963503
pair_ridge,ensemble,156,12,0.23854972515832762,0.3233235355859838,0.3088226467551329,0.3489615367451257,-0.226749358974359,-0.213214805492988,-0.4946154654026031,0.0405892431735992,0.2185626534315256,111,19,26,126,24,6,18,137,115,89,0.8394160583941606,0.7739130434782608,0.6496350364963503
training_majority,0,156,12,,,,,-0.22674935897435894,,,,,111,19,26,156,0,0,0,137,137,111,1.0,0.8102189781021898,0.8102189781021898
training_majority,ensemble,156,12,,,,,-0.226749358974359,,,,,111,19,26,156,0,0,0,137,137,111,1.0,0.8102189781021898,0.8102189781021898
training_mean,0,156,12,0.23750754472103536,0.3265836068125296,0.3191640270970106,0.35520522234493235,-0.22674935897435894,-0.29109745973529455,-0.3276253952317294,-0.2288282550724779,0.29109745973529455,111,19,26,156,0,0,0,137,137,111,1.0,0.8102189781021898,0.8102189781021898
training_mean,ensemble,156,12,0.23750754472103536,0.32658360681252957,0.3191640270970106,0.35520522234493235,-0.226749358974359,-0.29109745973529455,-0.3276253952317294,-0.2288282550724779,0.29109745973529455,111,19,26,156,0,0,0,137,137,111,1.0,0.8102189781021898,0.8102189781021898
zero,0,156,12,0.28080447211538456,0.4341662005219928,0.3218621794871795,0.4216654645594597,-0.22674935897435894,0.0,0.0,0.0,0.0,111,19,26,0,156,0,0,137,0,0,0.0,,0.0
zero,ensemble,156,12,0.28080447211538456,0.4341662005219927,0.3218621794871795,0.4216654645594597,-0.226749358974359,0.0,0.0,0.0,0.0,111,19,26,0,156,0,0,137,0,0,0.0,,0.0
