model,seed,target,cell,n,mse
chemistry_tree,1103,Human ATF5,U87,16,0.05352865172089377
chemistry_tree,1103,Human HTT,HeLa,34,0.1872017237339009
chemistry_tree,1103,Human SOD1,HeLa,24,0.03894948434292716
chemistry_tree,1103,Human STAT3,HeLa,17,0.055389168320200535
chemistry_tree,1103,Human STAT3,RAG,15,0.13499673864571876
chemistry_tree,1103,Human VIM,3T3,12,0.04955838426011472
chemistry_tree,2207,Human ATF5,U87,16,0.050762307439088494
chemistry_tree,2207,Human HTT,HeLa,34,0.18797908506294458
chemistry_tree,2207,Human SOD1,HeLa,24,0.04122782309689509
chemistry_tree,2207,Human STAT3,HeLa,17,0.05802342972735608
chemistry_tree,2207,Human STAT3,RAG,15,0.14111844532565643
chemistry_tree,2207,Human VIM,3T3,12,0.048737306302659066
chemistry_tree,3301,Human ATF5,U87,16,0.050830902507600924
chemistry_tree,3301,Human HTT,HeLa,34,0.18264701412814452
chemistry_tree,3301,Human SOD1,HeLa,24,0.039635863335015606
chemistry_tree,3301,Human STAT3,HeLa,17,0.059615992137737925
chemistry_tree,3301,Human STAT3,RAG,15,0.1394150708678989
chemistry_tree,3301,Human VIM,3T3,12,0.04962032630145038
chemistry_tree,ensemble,Human ATF5,U87,16,0.05158439556084824
chemistry_tree,ensemble,Human HTT,HeLa,34,0.1858315217221057
chemistry_tree,ensemble,Human SOD1,HeLa,24,0.03983113456945934
chemistry_tree,ensemble,Human STAT3,HeLa,17,0.05756895356980457
chemistry_tree,ensemble,Human STAT3,RAG,15,0.1384054724666416
chemistry_tree,ensemble,Human VIM,3T3,12,0.04922918376624105
gnn,1103,Human ATF5,U87,16,0.060696697353266924
gnn,1103,Human HTT,HeLa,34,0.16786136597648726
gnn,1103,Human SOD1,HeLa,24,0.036638549645497905
gnn,1103,Human STAT3,HeLa,17,0.04268477024961538
gnn,1103,Human STAT3,RAG,15,0.12180079585890947
gnn,1103,Human VIM,3T3,12,0.05233466552822504
gnn,2207,Human ATF5,U87,16,0.04877671209413773
gnn,2207,Human HTT,HeLa,34,0.18126944700870048
gnn,2207,Human SOD1,HeLa,24,0.036656800987380694
gnn,2207,Human STAT3,HeLa,17,0.06786220793730136
gnn,2207,Human STAT3,RAG,15,0.16389595325663917
gnn,2207,Human VIM,3T3,12,0.04311039380464333
gnn,3301,Human ATF5,U87,16,0.07516169309409912
gnn,3301,Human HTT,HeLa,34,0.15913343343731148
gnn,3301,Human SOD1,HeLa,24,0.038297250881939464
gnn,3301,Human STAT3,HeLa,17,0.045326243345631456
gnn,3301,Human STAT3,RAG,15,0.11855878440675952
gnn,3301,Human VIM,3T3,12,0.07045250062223603
gnn,ensemble,Human ATF5,U87,16,0.05785484809320731
gnn,ensemble,Human HTT,HeLa,34,0.16597670126201367
gnn,ensemble,Human SOD1,HeLa,24,0.033710158434655635
gnn,ensemble,Human STAT3,HeLa,17,0.04766106470776905
gnn,ensemble,Human STAT3,RAG,15,0.1304719589132239
gnn,ensemble,Human VIM,3T3,12,0.05212870750901835
nongraph,1103,Human ATF5,U87,16,0.05738621228861579
nongraph,1103,Human HTT,HeLa,34,0.2596287938370372
nongraph,1103,Human SOD1,HeLa,24,0.07405080512419784
nongraph,1103,Human STAT3,HeLa,17,0.1070952382826553
nongraph,1103,Human STAT3,RAG,15,0.21246673401054122
nongraph,1103,Human VIM,3T3,12,0.042536795912966864
nongraph,2207,Human ATF5,U87,16,0.049036084223736856
nongraph,2207,Human HTT,HeLa,34,0.18809505924474945
nongraph,2207,Human SOD1,HeLa,24,0.04246098683808703
nongraph,2207,Human STAT3,HeLa,17,0.06996790562465505
nongraph,2207,Human STAT3,RAG,15,0.16656353990464118
nongraph,2207,Human VIM,3T3,12,0.04187001541140792
nongraph,3301,Human ATF5,U87,16,0.05509353879358095
nongraph,3301,Human HTT,HeLa,34,0.17497237712594174
nongraph,3301,Human SOD1,HeLa,24,0.03731696261870304
nongraph,3301,Human STAT3,HeLa,17,0.05061416614896188
nongraph,3301,Human STAT3,RAG,15,0.13332871839472632
nongraph,3301,Human VIM,3T3,12,0.04473017487598794
nongraph,ensemble,Human ATF5,U87,16,0.048696703700998774
nongraph,ensemble,Human HTT,HeLa,34,0.20159708553749525
nongraph,ensemble,Human SOD1,HeLa,24,0.04646063126859803
nongraph,ensemble,Human STAT3,HeLa,17,0.07069428356143873
nongraph,ensemble,Human STAT3,RAG,15,0.16578862610728337
nongraph,ensemble,Human VIM,3T3,12,0.03732410753305078
token_cnn,1103,Human ATF5,U87,16,0.058319540099753764
token_cnn,1103,Human HTT,HeLa,34,0.15989813834624253
token_cnn,1103,Human SOD1,HeLa,24,0.0379061157892552
token_cnn,1103,Human STAT3,HeLa,17,0.048280381415194404
token_cnn,1103,Human STAT3,RAG,15,0.1310778379698011
token_cnn,1103,Human VIM,3T3,12,0.04957514251340233
token_cnn,2207,Human ATF5,U87,16,0.0566414059654609
token_cnn,2207,Human HTT,HeLa,34,0.16808140670535474
token_cnn,2207,Human SOD1,HeLa,24,0.03536781204071359
token_cnn,2207,Human STAT3,HeLa,17,0.04939086189969605
token_cnn,2207,Human STAT3,RAG,15,0.1291204556128944
token_cnn,2207,Human VIM,3T3,12,0.05282405451045019
token_cnn,3301,Human ATF5,U87,16,0.07019654317497986
token_cnn,3301,Human HTT,HeLa,34,0.14849737023694168
token_cnn,3301,Human SOD1,HeLa,24,0.03871863697639399
token_cnn,3301,Human STAT3,HeLa,17,0.04633288171906007
token_cnn,3301,Human STAT3,RAG,15,0.116908675068628
token_cnn,3301,Human VIM,3T3,12,0.06707568028119057
token_cnn,ensemble,Human ATF5,U87,16,0.06062583918932182
token_cnn,ensemble,Human HTT,HeLa,34,0.15729842776145803
token_cnn,ensemble,Human SOD1,HeLa,24,0.036619813227012236
token_cnn,ensemble,Human STAT3,HeLa,17,0.04723968503062451
token_cnn,ensemble,Human STAT3,RAG,15,0.12483568540065075
token_cnn,ensemble,Human VIM,3T3,12,0.055653820601051625
