model,seed,n,mse,mae,equal_component_mse
chemistry_tree,1103,118,0.09929976449972672,0.24251233982892972,0.07718872035444903
chemistry_tree,2207,118,0.10068623920654936,0.24354704078473707,0.07797094449136367
chemistry_tree,3301,118,0.09893809733471472,0.2419816457854876,0.07765706081999332
chemistry_tree,ensemble,118,0.09953452372943544,0.24268034213305145,0.07749962677017218
gnn,1103,118,0.09100362551534397,0.23187008057094916,0.07386963349156983
gnn,2207,118,0.1012946896181236,0.24436308265047632,0.0804869354839868
gnn,3301,118,0.09259843862698884,0.2364173638502083,0.07824083305298438
gnn,ensemble,118,0.0912778914294082,0.23115419569467863,0.07378224545117675
nongraph,1103,118,0.1444138925591248,0.2939352047200588,0.11228117125179826
nongraph,2207,118,0.10499339597577124,0.2483185717266995,0.08266754813417528
nongraph,3301,118,0.09426523936265502,0.2357202092400697,0.07468183846528613
nongraph,ensemble,118,0.1091951255973516,0.2525637530710496,0.08486448313521862
token_cnn,1103,118,0.09034942278030998,0.2301668745871526,0.07355261968741658
token_cnn,2207,118,0.09220506739847636,0.23233899596640895,0.07365305188725574
token_cnn,3301,118,0.0885381342789566,0.23230716951167818,0.07510667612353857
token_cnn,ensemble,118,0.08932619713652556,0.23013214931189008,0.07319492466783939
