split,column,valid_nonzero_nodes,min,max,identically_zero_training
train,0,24186,0.0,1.0,False
train,1,29170,0.0,1.0,False
train,2,27968,0.0,1.0,False
train,3,26223,0.0,1.0,False
train,4,5230,0.0,1.0,False
train,5,56459,0.0,1.0,False
train,6,56318,0.0,1.0,False
train,7,5252,0.0,1.0,False
train,8,5252,0.0,1.0,False
train,9,5252,0.0,1.0,False
train,10,5252,0.0,1.0,False
train,11,5252,0.0,1.0,False
train,12,5252,0.0,1.0,False
train,13,5252,0.0,1.0,False
train,14,5252,0.0,1.0,False
train,15,5252,0.0,1.0,False
train,16,5252,0.0,1.0,False
train,17,5252,0.0,1.0,False
train,18,5252,0.0,1.0,False
train,19,5252,0.0,1.0,False
train,20,5252,0.0,1.0,False
train,21,5252,0.0,1.0,False
train,22,5252,0.0,1.0,False
train,23,5252,0.0,1.0,False
train,24,5252,0.0,1.0,False
train,25,5252,0.0,1.0,False
train,26,5249,0.0,1.0,False
train,27,5249,0.0,1.0,False
train,28,2265,0.0,1.0,False
train,29,190,0.0,1.0,False
train,30,36,0.0,1.0,False
train,31,0,0.0,0.0,True
train,32,0,0.0,0.0,True
train,33,0,0.0,0.0,True
train,34,0,0.0,0.0,True
train,35,0,0.0,0.0,True
train,36,0,0.0,0.0,True
train,37,0,0.0,0.0,True
train,38,0,0.0,0.0,True
train,39,280,0.0,1.0,False
train,40,275,0.0,1.0,False
train,41,399,0.0,1.0,False
train,42,407,0.0,1.0,False
train,43,360,0.0,1.0,False
train,44,44,0.0,1.0,False
train,45,44,0.0,1.0,False
train,46,42,0.0,1.0,False
train,47,2407,0.0,1.0,False
train,48,255,0.0,1.0,False
train,49,2104,0.0,1.0,False
train,50,47,0.0,1.0,False
train,51,176,0.0,1.0,False
train,52,87,0.0,1.0,False
train,53,0,0.0,0.0,True
train,54,20,0.0,1.0,False
train,55,3909,0.0,1.0,False
train,56,0,0.0,0.0,True
train,57,1066,0.0,1.0,False
train,58,0,0.0,0.0,True
train,59,0,0.0,0.0,True
train,60,0,0.0,0.0,True
train,61,0,0.0,0.0,True
train,62,0,0.0,0.0,True
train,63,368,0.0,1.0,False
train,64,1054,0.0,1.0,False
train,65,0,0.0,0.0,True
train,66,149,0.0,1.0,False
train,67,0,0.0,0.0,True
train,68,0,0.0,0.0,True
train,69,0,0.0,0.0,True
train,70,1798,0.0,1.0,False
train,71,0,0.0,0.0,True
train,72,3631,0.0,1.0,False
train,73,0,0.0,0.0,True
train,74,0,0.0,0.0,True
train,75,0,0.0,0.0,True
train,76,188,0.0,1.0,False
train,77,3,0.0,1.0,False
train,78,2,0.0,1.0,False
train,79,102,0.0,1.0,False
train,80,268,0.0,1.0,False
train,81,0,0.0,0.0,True
train,82,517,0.0,1.0,False
train,83,92819,0.0,1.0,False
train,84,112777,1.0,1.0,False
train,85,0,0.0,0.0,True
train,86,251,0.0,1.0,False
train,87,5252,0.0,1.0,False
train,88,5252,0.0,1.0,False
train,89,0,0.0,0.0,True
train,90,0,0.0,0.0,True
train,91,0,0.0,0.0,True
train,92,0,0.0,0.0,True
validation,0,1176,0.0,1.0,False
validation,1,781,0.0,1.0,False
validation,2,781,0.0,1.0,False
validation,3,1176,0.0,1.0,False
validation,4,412,0.0,1.0,False
validation,5,2163,0.0,1.0,False
validation,6,2163,0.0,1.0,False
validation,7,206,0.0,1.0,False
validation,8,206,0.0,1.0,False
validation,9,206,0.0,1.0,False
validation,10,206,0.0,1.0,False
validation,11,206,0.0,1.0,False
validation,12,206,0.0,1.0,False
validation,13,206,0.0,1.0,False
validation,14,206,0.0,1.0,False
validation,15,206,0.0,1.0,False
validation,16,206,0.0,1.0,False
validation,17,206,0.0,1.0,False
validation,18,206,0.0,1.0,False
validation,19,206,0.0,1.0,False
validation,20,206,0.0,1.0,False
validation,21,206,0.0,1.0,False
validation,22,206,0.0,1.0,False
validation,23,206,0.0,1.0,False
validation,24,206,0.0,1.0,False
validation,25,206,0.0,1.0,False
validation,26,206,0.0,1.0,False
validation,27,206,0.0,1.0,False
validation,28,0,0.0,0.0,False
validation,29,0,0.0,0.0,False
validation,30,0,0.0,0.0,False
validation,31,0,0.0,0.0,True
validation,32,0,0.0,0.0,True
validation,33,0,0.0,0.0,True
validation,34,0,0.0,0.0,True
validation,35,0,0.0,0.0,True
validation,36,0,0.0,0.0,True
validation,37,0,0.0,0.0,True
validation,38,0,0.0,0.0,True
validation,39,0,0.0,0.0,False
validation,40,0,0.0,0.0,False
validation,41,0,0.0,0.0,False
validation,42,0,0.0,0.0,False
validation,43,0,0.0,0.0,False
validation,44,0,0.0,0.0,False
validation,45,0,0.0,0.0,False
validation,46,0,0.0,0.0,False
validation,47,76,0.0,1.0,False
validation,48,0,0.0,0.0,False
validation,49,0,0.0,0.0,False
validation,50,0,0.0,0.0,False
validation,51,0,0.0,0.0,False
validation,52,0,0.0,0.0,False
validation,53,38,0.0,1.0,True
validation,54,0,0.0,0.0,False
validation,55,0,0.0,0.0,False
validation,56,0,0.0,0.0,True
validation,57,0,0.0,0.0,False
validation,58,0,0.0,0.0,True
validation,59,0,0.0,0.0,True
validation,60,0,0.0,0.0,True
validation,61,0,0.0,0.0,True
validation,62,0,0.0,0.0,True
validation,63,0,0.0,0.0,False
validation,64,91,0.0,1.0,False
validation,65,0,0.0,0.0,True
validation,66,0,0.0,0.0,False
validation,67,26,0.0,1.0,True
validation,68,0,0.0,0.0,True
validation,69,0,0.0,0.0,True
validation,70,0,0.0,0.0,False
validation,71,38,0.0,1.0,True
validation,72,0,0.0,0.0,False
validation,73,0,0.0,0.0,True
validation,74,0,0.0,0.0,True
validation,75,0,0.0,0.0,True
validation,76,0,0.0,0.0,False
validation,77,0,0.0,0.0,False
validation,78,0,0.0,0.0,False
validation,79,0,0.0,0.0,False
validation,80,0,0.0,0.0,False
validation,81,0,0.0,0.0,True
validation,82,0,0.0,0.0,False
validation,83,4076,0.0,1.0,False
validation,84,4326,1.0,1.0,False
validation,85,0,0.0,0.0,True
validation,86,0,0.0,0.0,False
validation,87,206,0.0,1.0,False
validation,88,206,0.0,1.0,False
validation,89,0,0.0,0.0,True
validation,90,0,0.0,0.0,True
validation,91,0,0.0,0.0,True
validation,92,0,0.0,0.0,True
test_internal,0,1938,0.0,1.0,False
test_internal,1,1828,0.0,1.0,False
test_internal,2,1823,0.0,1.0,False
test_internal,3,1874,0.0,1.0,False
test_internal,4,853,0.0,1.0,False
test_internal,5,4158,0.0,1.0,False
test_internal,6,4158,0.0,1.0,False
test_internal,7,396,0.0,1.0,False
test_internal,8,396,0.0,1.0,False
test_internal,9,396,0.0,1.0,False
test_internal,10,396,0.0,1.0,False
test_internal,11,396,0.0,1.0,False
test_internal,12,396,0.0,1.0,False
test_internal,13,396,0.0,1.0,False
test_internal,14,396,0.0,1.0,False
test_internal,15,396,0.0,1.0,False
test_internal,16,396,0.0,1.0,False
test_internal,17,396,0.0,1.0,False
test_internal,18,396,0.0,1.0,False
test_internal,19,396,0.0,1.0,False
test_internal,20,396,0.0,1.0,False
test_internal,21,396,0.0,1.0,False
test_internal,22,396,0.0,1.0,False
test_internal,23,396,0.0,1.0,False
test_internal,24,396,0.0,1.0,False
test_internal,25,396,0.0,1.0,False
test_internal,26,396,0.0,1.0,False
test_internal,27,396,0.0,1.0,False
test_internal,28,0,0.0,0.0,False
test_internal,29,0,0.0,0.0,False
test_internal,30,0,0.0,0.0,False
test_internal,31,0,0.0,0.0,True
test_internal,32,0,0.0,0.0,True
test_internal,33,0,0.0,0.0,True
test_internal,34,0,0.0,0.0,True
test_internal,35,0,0.0,0.0,True
test_internal,36,0,0.0,0.0,True
test_internal,37,0,0.0,0.0,True
test_internal,38,0,0.0,0.0,True
test_internal,39,0,0.0,0.0,False
test_internal,40,0,0.0,0.0,False
test_internal,41,0,0.0,0.0,False
test_internal,42,0,0.0,0.0,False
test_internal,43,0,0.0,0.0,False
test_internal,44,0,0.0,0.0,False
test_internal,45,0,0.0,0.0,False
test_internal,46,0,0.0,0.0,False
test_internal,47,91,0.0,1.0,False
test_internal,48,0,0.0,0.0,False
test_internal,49,189,0.0,1.0,False
test_internal,50,0,0.0,0.0,False
test_internal,51,0,0.0,0.0,False
test_internal,52,0,0.0,0.0,False
test_internal,53,0,0.0,0.0,True
test_internal,54,0,0.0,0.0,False
test_internal,55,62,0.0,1.0,False
test_internal,56,0,0.0,0.0,True
test_internal,57,0,0.0,0.0,False
test_internal,58,632,0.0,1.0,True
test_internal,59,8,0.0,1.0,True
test_internal,60,10,0.0,1.0,True
test_internal,61,10,0.0,1.0,True
test_internal,62,0,0.0,0.0,True
test_internal,63,0,0.0,0.0,False
test_internal,64,0,0.0,0.0,False
test_internal,65,7,0.0,1.0,True
test_internal,66,0,0.0,0.0,False
test_internal,67,0,0.0,0.0,True
test_internal,68,22,0.0,1.0,True
test_internal,69,0,0.0,0.0,True
test_internal,70,0,0.0,0.0,False
test_internal,71,0,0.0,0.0,True
test_internal,72,163,0.0,1.0,False
test_internal,73,8,0.0,1.0,True
test_internal,74,7,0.0,1.0,True
test_internal,75,8,0.0,1.0,True
test_internal,76,0,0.0,0.0,False
test_internal,77,0,0.0,0.0,False
test_internal,78,0,0.0,0.0,False
test_internal,79,86,0.0,1.0,False
test_internal,80,0,0.0,0.0,False
test_internal,81,61,0.0,1.0,True
test_internal,82,0,0.0,0.0,False
test_internal,83,6956,0.0,1.0,False
test_internal,84,8316,1.0,1.0,False
test_internal,85,0,0.0,0.0,True
test_internal,86,86,0.0,1.0,False
test_internal,87,396,0.0,1.0,False
test_internal,88,396,0.0,1.0,False
test_internal,89,0,0.0,0.0,True
test_internal,90,0,0.0,0.0,True
test_internal,91,0,0.0,0.0,True
test_internal,92,0,0.0,0.0,True
test_APP,0,24885,0.0,1.0,False
test_APP,1,15617,0.0,1.0,False
test_APP,2,15763,0.0,1.0,False
test_APP,3,24285,0.0,1.0,False
test_APP,4,366,0.0,1.0,False
test_APP,5,42297,0.0,1.0,False
test_APP,6,38619,0.0,1.0,False
test_APP,7,3678,0.0,1.0,False
test_APP,8,3678,0.0,1.0,False
test_APP,9,3678,0.0,1.0,False
test_APP,10,3678,0.0,1.0,False
test_APP,11,3678,0.0,1.0,False
test_APP,12,3678,0.0,1.0,False
test_APP,13,3678,0.0,1.0,False
test_APP,14,3678,0.0,1.0,False
test_APP,15,3678,0.0,1.0,False
test_APP,16,3678,0.0,1.0,False
test_APP,17,3678,0.0,1.0,False
test_APP,18,3678,0.0,1.0,False
test_APP,19,3678,0.0,1.0,False
test_APP,20,3678,0.0,1.0,False
test_APP,21,3678,0.0,1.0,False
test_APP,22,3678,0.0,1.0,False
test_APP,23,3678,0.0,1.0,False
test_APP,24,3678,0.0,1.0,False
test_APP,25,3678,0.0,1.0,False
test_APP,26,3678,0.0,1.0,False
test_APP,27,3678,0.0,1.0,False
test_APP,28,1839,0.0,1.0,False
test_APP,29,1839,0.0,1.0,False
test_APP,30,0,0.0,0.0,False
test_APP,31,0,0.0,0.0,True
test_APP,32,0,0.0,0.0,True
test_APP,33,0,0.0,0.0,True
test_APP,34,0,0.0,0.0,True
test_APP,35,0,0.0,0.0,True
test_APP,36,0,0.0,0.0,True
test_APP,37,0,0.0,0.0,True
test_APP,38,0,0.0,0.0,True
test_APP,39,0,0.0,0.0,False
test_APP,40,0,0.0,0.0,False
test_APP,41,0,0.0,0.0,False
test_APP,42,0,0.0,0.0,False
test_APP,43,0,0.0,0.0,False
test_APP,44,0,0.0,0.0,False
test_APP,45,0,0.0,0.0,False
test_APP,46,0,0.0,0.0,False
test_APP,47,0,0.0,0.0,False
test_APP,48,0,0.0,0.0,False
test_APP,49,15072,0.0,1.0,False
test_APP,50,0,0.0,0.0,False
test_APP,51,0,0.0,0.0,False
test_APP,52,0,0.0,0.0,False
test_APP,53,0,0.0,0.0,True
test_APP,54,0,0.0,0.0,False
test_APP,55,62899,0.0,1.0,False
test_APP,56,1839,0.0,1.0,True
test_APP,57,0,0.0,0.0,False
test_APP,58,0,0.0,0.0,True
test_APP,59,0,0.0,0.0,True
test_APP,60,0,0.0,0.0,True
test_APP,61,0,0.0,0.0,True
test_APP,62,904,0.0,1.0,True
test_APP,63,0,0.0,0.0,False
test_APP,64,0,0.0,0.0,False
test_APP,65,0,0.0,0.0,True
test_APP,66,0,0.0,0.0,False
test_APP,67,0,0.0,0.0,True
test_APP,68,0,0.0,0.0,True
test_APP,69,1106,0.0,1.0,True
test_APP,70,0,0.0,0.0,False
test_APP,71,0,0.0,0.0,True
test_APP,72,0,0.0,0.0,False
test_APP,73,0,0.0,0.0,True
test_APP,74,0,0.0,0.0,True
test_APP,75,0,0.0,0.0,True
test_APP,76,0,0.0,0.0,False
test_APP,77,0,0.0,0.0,False
test_APP,78,0,0.0,0.0,False
test_APP,79,11232,0.0,1.0,False
test_APP,80,0,0.0,0.0,False
test_APP,81,0,0.0,0.0,True
test_APP,82,0,0.0,0.0,False
test_APP,83,0,0.0,0.0,False
test_APP,84,80550,0.0,1.0,False
test_APP,85,366,0.0,1.0,True
test_APP,86,0,0.0,0.0,False
test_APP,87,3678,0.0,1.0,False
test_APP,88,3678,0.0,1.0,False
test_APP,89,1740,0.0,1.0,True
test_APP,90,904,0.0,1.0,True
test_APP,91,0,0.0,0.0,True
test_APP,92,0,0.0,0.0,True
