mark,cohort,method,seed,weighting,n,mse,mae,r_squared,correlation,prediction_sd,label_sd,mean_bias,label_mean,prediction_mean,oracle_test_mean_mse
member,ENsiRNA_grouped,original_gnn,1103.0,rows,2927.0,0.0704580494256976,0.2219147096594976,0.0206030093511349,0.1789158443338529,0.0654527307991024,0.2682167682213015,0.0227085015399081,0.5951393918688075,0.6178478934087156,0.0719402347550793
member,ENsiRNA_grouped,original_gnn,2207.0,rows,2927.0,0.0713095353226491,0.2270426048451331,0.0087669915809623,0.1450888801835349,0.0686279702406759,0.2682167682213015,0.000924297745333,0.5951393918688075,0.5960636896141406,0.0719402347550793
member,ENsiRNA_grouped,original_gnn,3301.0,rows,2927.0,0.0717016397339291,0.2151348751289347,0.0033165727351668,0.2397613693946593,0.071533896515229,0.2682167682213015,0.0620057503198819,0.5951393918688075,0.6571451421886895,0.0719402347550793
member,ENsiRNA_grouped,original_gnn,4409.0,rows,2927.0,0.0688779435624579,0.2187748880401829,0.0425671559600406,0.2241927451837431,0.0680071016410603,0.2682167682213015,0.0221716822747858,0.5951393918688075,0.6173110741435933,0.0719402347550793
member,ENsiRNA_grouped,original_gnn,5519.0,rows,2927.0,0.0719223885601802,0.2237079231613604,0.0002480697339933,0.1384162308412774,0.0592460032204877,0.2682167682213015,0.0295151876786644,0.5951393918688075,0.6246545795474719,0.0719402347550793
member,ENsiRNA_grouped,original_gnn,6637.0,rows,2927.0,0.0717814759814298,0.2247415378208571,0.0022068147843834,0.1448096041158214,0.0693963630990458,0.2682167682213015,0.0203996574555318,0.5951393918688075,0.6155390493243393,0.0719402347550793
member,ENsiRNA_grouped,original_gnn,7753.0,rows,2927.0,0.0738757981812016,0.2230845936515202,-0.0269051586043869,0.1093595944382239,0.0638230252964069,0.2682167682213015,0.0400787805719184,0.5951393918688075,0.635218172440726,0.0719402347550793
member,ENsiRNA_grouped,original_gnn,8867.0,rows,2927.0,0.0731644350541178,0.2214333934812445,-0.0170169072036838,0.1316410468927676,0.0644269475186559,0.2682167682213015,0.0402862926357878,0.5951393918688075,0.6354256845045954,0.0719402347550793
member,ENsiRNA_grouped,original_gnn,9973.0,rows,2927.0,0.0770265919818915,0.223993021582433,-0.07070253862986,0.0575904964746693,0.062246223650884,0.2682167682213015,0.0559889894589902,0.5951393918688075,0.6511283813277977,0.0719402347550793
member,ENsiRNA_grouped,original_gnn,11027.0,rows,2927.0,0.0735842477724974,0.2291103076362185,-0.0228524833567076,0.0392178618830089,0.0503572974944848,0.2682167682213015,0.0129445420284911,0.5951393918688075,0.6080839338972986,0.0719402347550793
ensemble,ENsiRNA_grouped,original_gnn,,,,0.071175022169981,,,,,,,,,
member,ENsiRNA_grouped,corrected_gnn,1103.0,rows,2927.0,0.07045791636778,0.221914167556577,0.0206048589130395,0.1789199636546279,0.0654537671107021,0.2682167682213015,0.0227079594369874,0.5951393918688075,0.6178473513057949,0.0719402347550793
member,ENsiRNA_grouped,corrected_gnn,2207.0,rows,2927.0,0.0713094804028395,0.22704248681694,0.0087677549897799,0.1450903477623109,0.0686279589038551,0.2682167682213015,0.0009241797171399,0.5951393918688075,0.5960635715859475,0.0719402347550793
member,ENsiRNA_grouped,corrected_gnn,3301.0,rows,2927.0,0.0717017874452393,0.2151352095421484,0.0033145194848447,0.2397584840632849,0.0715335865981166,0.2682167682213015,0.0620060847330956,0.5951393918688075,0.6571454766019031,0.0719402347550793
member,ENsiRNA_grouped,corrected_gnn,4409.0,rows,2927.0,0.0688782903383301,0.2187759017264187,0.0425623356272552,0.2241839808948549,0.0680059648619038,0.2682167682213015,0.0221726959610216,0.5951393918688075,0.6173120878298292,0.0719402347550793
member,ENsiRNA_grouped,corrected_gnn,5519.0,rows,2927.0,0.07192208414958,0.2237072411799618,0.0002523011713974,0.138425046643289,0.0592463655080154,0.2682167682213015,0.0295145056972658,0.5951393918688075,0.6246538975660734,0.0719402347550793
member,ENsiRNA_grouped,corrected_gnn,6637.0,rows,2927.0,0.071781130320573,0.2247407559960785,0.0022116196179783,0.1448184852922945,0.0693966388734521,0.2682167682213015,0.0203988756307533,0.5951393918688075,0.6155382674995609,0.0719402347550793
member,ENsiRNA_grouped,corrected_gnn,7753.0,rows,2927.0,0.0738758009489468,0.2230846000253685,-0.0269051970772284,0.1093595188411483,0.0638230204926892,0.2682167682213015,0.0400787869457668,0.5951393918688075,0.6352181788145743,0.0719402347550793
member,ENsiRNA_grouped,corrected_gnn,8867.0,rows,2927.0,0.0731643536203949,0.2214332160724077,-0.0170157752401434,0.1316431561962818,0.0644270464210585,0.2682167682213015,0.0402861152269511,0.5951393918688075,0.6354255070957586,0.0719402347550793
member,ENsiRNA_grouped,corrected_gnn,9973.0,rows,2927.0,0.0770265487925703,0.2239928464441524,-0.0707019382798419,0.0575924473552425,0.0622466677190565,0.2682167682213015,0.0559888143207096,0.5951393918688075,0.6511282061895172,0.0719402347550793
member,ENsiRNA_grouped,corrected_gnn,11027.0,rows,2927.0,0.0735840901600808,0.2291099369348337,-0.0228502924767761,0.039223894816486,0.0503574851882226,0.2682167682213015,0.0129441713271062,0.5951393918688075,0.6080835631959137,0.0719402347550793
ensemble,ENsiRNA_grouped,corrected_gnn,,,,0.0711749632367243,,,,,,,,,
member,ENsiRNA_grouped,original_no_message,1103.0,rows,2927.0,0.0707086200858273,0.2228535776504852,0.0171199701174882,0.1696775148916544,0.0649682207111477,0.2682167682213015,0.0214701924511381,0.5951393918688075,0.6166095843199456,0.0719402347550793
member,ENsiRNA_grouped,original_no_message,2207.0,rows,2927.0,0.0738359661850144,0.2250417835657043,-0.026351476838921,0.1237063724560627,0.0844243016646493,0.2682167682213015,0.0192532131753363,0.5951393918688075,0.6143926050441438,0.0719402347550793
member,ENsiRNA_grouped,original_no_message,3301.0,rows,2927.0,0.0684124626863636,0.2148261103806008,0.049037539017297,0.27787878006114,0.0661218754910767,0.2682167682213015,0.0442321543818984,0.5951393918688075,0.6393715462507059,0.0719402347550793
member,ENsiRNA_grouped,original_no_message,4409.0,rows,2927.0,0.0667828144625812,0.218530134808785,0.071690345605023,0.2715364302303257,0.0646326061488074,0.2682167682213015,0.0089259158300794,0.5951393918688075,0.6040653076988869,0.0719402347550793
member,ENsiRNA_grouped,original_no_message,5519.0,rows,2927.0,0.0738461708551722,0.2262447683113934,-0.0264933261141224,0.0667989946291695,0.0563735906229831,0.2682167682213015,0.0273496198729926,0.5951393918688075,0.6224890117418002,0.0719402347550793
member,ENsiRNA_grouped,original_no_message,6637.0,rows,2927.0,0.0712304441741501,0.2252872495722925,0.0098663923372749,0.1485960235492299,0.0688036305619823,0.2682167682213015,0.0063825778483856,0.5951393918688075,0.6015219697171932,0.0719402347550793
member,ENsiRNA_grouped,original_no_message,7753.0,rows,2927.0,0.0737719131465597,0.2209200983884842,-0.0254611122373491,0.1450142189136009,0.0699546369115842,0.2682167682213015,0.0487835286669572,0.5951393918688075,0.6439229205357647,0.0719402347550793
member,ENsiRNA_grouped,original_no_message,8867.0,rows,2927.0,0.0731334720818196,0.2240221804146233,-0.0165865086596206,0.1005428802628452,0.0591296747223767,0.2682167682213015,0.0297666363788622,0.5951393918688075,0.6249060282476697,0.0719402347550793
member,ENsiRNA_grouped,original_no_message,9973.0,rows,2927.0,0.0813648742141727,0.227696536212233,-0.131006515216131,-0.0065765848722114,0.0722937053694688,0.2682167682213015,0.0627950205881114,0.5951393918688075,0.657934412456919,0.0719402347550793
member,ENsiRNA_grouped,original_no_message,11027.0,rows,2927.0,0.0727351346660418,0.226608160688236,-0.0110494483882166,0.0785714422999178,0.0470658674995454,0.2682167682213015,0.0237371648936541,0.5951393918688075,0.6188765567624617,0.0719402347550793
ensemble,ENsiRNA_grouped,original_no_message,,,,0.0712372381243359,,,,,,,,,
member,ENsiRNA_grouped,corrected_no_message,1103.0,rows,2927.0,0.0707084804038114,0.2228530553614763,0.0171219117571884,0.1696818926682266,0.0649691282305263,0.2682167682213015,0.021469670162129,0.5951393918688075,0.6166090620309366,0.0719402347550793
member,ENsiRNA_grouped,corrected_no_message,2207.0,rows,2927.0,0.0738354863110574,0.2250407710809287,-0.0263448063858908,0.1237163088515881,0.0844243905762159,0.2682167682213015,0.0192522006905607,0.5951393918688075,0.6143915925593683,0.0719402347550793
member,ENsiRNA_grouped,corrected_no_message,3301.0,rows,2927.0,0.0684128183466111,0.2148268696627276,0.0490325951878994,0.2778708381296814,0.0661214717026725,0.2682167682213015,0.0442329136640251,0.5951393918688075,0.6393723055328326,0.0719402347550793
member,ENsiRNA_grouped,corrected_no_message,4409.0,rows,2927.0,0.066782843056649,0.2185302272194027,0.0716899481352639,0.2715357067421906,0.0646324926906489,0.2682167682213015,0.0089260082406971,0.5951393918688075,0.6040654001095046,0.0719402347550793
member,ENsiRNA_grouped,corrected_no_message,5519.0,rows,2927.0,0.073845973156582,0.2262443042015679,-0.0264905780192508,0.0668055197591776,0.0563739158315655,0.2682167682213015,0.0273491557631673,0.5951393918688075,0.6224885476319748,0.0719402347550793
member,ENsiRNA_grouped,corrected_no_message,6637.0,rows,2927.0,0.0712301251085978,0.2252862997263578,0.0098708274847744,0.148605716204687,0.0688045080823832,0.2682167682213015,0.0063816280024511,0.5951393918688075,0.6015210198712586,0.0719402347550793
member,ENsiRNA_grouped,corrected_no_message,7753.0,rows,2927.0,0.0737720276379505,0.220920395882251,-0.0254627037165988,0.1450113676873735,0.0699542903331239,0.2682167682213015,0.0487838261607239,0.5951393918688075,0.6439232180295315,0.0719402347550793
member,ENsiRNA_grouped,corrected_no_message,8867.0,rows,2927.0,0.073133403879537,0.2240220309040999,-0.0165855606187523,0.1005448873689103,0.0591297425390682,0.2682167682213015,0.0297664868683388,0.5951393918688075,0.6249058787371463,0.0719402347550793
member,ENsiRNA_grouped,corrected_no_message,9973.0,rows,2927.0,0.0813650001970155,0.2276972659465841,-0.1310082664314737,-0.0065852431086371,0.0722916702469564,0.2682167682213015,0.0627957503224624,0.5951393918688075,0.6579351421912699,0.0719402347550793
member,ENsiRNA_grouped,corrected_no_message,11027.0,rows,2927.0,0.0727348331149806,0.2266074869745128,-0.011045256699627,0.0785828582406615,0.047066226480068,0.2682167682213015,0.0237364911799309,0.5951393918688075,0.6188758830487384,0.0719402347550793
ensemble,ENsiRNA_grouped,corrected_no_message,,,,0.0712371672797227,,,,,,,,,
member,ENsiRNA_grouped,chemistry_tree,1103.0,rows,2927.0,0.0657371622057823,0.2117035999522352,0.0862253587358364,0.317721527304158,0.0781137455547386,0.2682167682213015,0.031758498595296,0.5951393918688075,0.6268978904641035,0.0719402347550793
member,ENsiRNA_grouped,chemistry_tree,2207.0,rows,2927.0,0.0656357562460064,0.2119856991598492,0.0876349449030369,0.3184465464001051,0.0772398636300887,0.2682167682213015,0.0303982911145814,0.5951393918688075,0.625537682983389,0.0719402347550793
member,ENsiRNA_grouped,chemistry_tree,3301.0,rows,2927.0,0.0656714500743702,0.2125314821668302,0.0871387854383737,0.3139250181373598,0.076261356971309,0.2682167682213015,0.0275286437001366,0.5951393918688075,0.6226680355689441,0.0719402347550793
member,ENsiRNA_grouped,chemistry_tree,4409.0,rows,2927.0,0.0668275615007383,0.2140135009673897,0.0710683426561936,0.2890539954773943,0.076413483595744,0.2682167682213015,0.0299474180750204,0.5951393918688075,0.6250868099438279,0.0719402347550793
member,ENsiRNA_grouped,chemistry_tree,5519.0,rows,2927.0,0.065837445951747,0.2136862747358157,0.0848313718200856,0.3041124721527329,0.0757289922123718,0.2682167682213015,0.0227258788870705,0.5951393918688075,0.617865270755878,0.0719402347550793
member,ENsiRNA_grouped,chemistry_tree,6637.0,rows,2927.0,0.0653577385224231,0.2144056332933557,0.0914995100456143,0.3096548118091667,0.0762489397817817,0.2682167682213015,0.0164090006653101,0.5951393918688075,0.6115483925341176,0.0719402347550793
member,ENsiRNA_grouped,chemistry_tree,7753.0,rows,2927.0,0.0656291082905926,0.2131379600925331,0.0877273543236683,0.3097478903500777,0.0758975268918261,0.2682167682213015,0.02322731097681,0.5951393918688075,0.6183667028456176,0.0719402347550793
member,ENsiRNA_grouped,chemistry_tree,8867.0,rows,2927.0,0.0652112921888057,0.2145703515491183,0.0935351766529862,0.3126545272657917,0.0745640540703282,0.2682167682213015,0.0147316381609826,0.5951393918688075,0.6098710300297902,0.0719402347550793
member,ENsiRNA_grouped,chemistry_tree,9973.0,rows,2927.0,0.0661769287613111,0.2128508966530146,0.0801124157210407,0.306428106117336,0.0771390503372368,0.2682167682213015,0.0310845275275557,0.5951393918688075,0.6262239193963632,0.0719402347550793
member,ENsiRNA_grouped,chemistry_tree,11027.0,rows,2927.0,0.0656735460144083,0.2133715429852171,0.0871096509763412,0.308459181163415,0.0744879773418205,0.2682167682213015,0.0225880036244139,0.5951393918688075,0.6177273954932214,0.0719402347550793
ensemble,ENsiRNA_grouped,chemistry_tree,,,,0.0656480266736166,,,,,,,,,
member,ENsiRNA_grouped,token_cnn,1103.0,rows,2927.0,0.0708828294109255,0.2192880083009329,0.0146983860666261,0.1968380083673653,0.0613640438083557,0.2682167682213015,0.0407002383206215,0.5951393918688075,0.635839630189429,0.0719402347550793
member,ENsiRNA_grouped,token_cnn,2207.0,rows,2927.0,0.0753835380810722,0.2308999515836622,-0.0478633874036631,0.094169091916168,0.0883493611253944,0.2682167682213015,0.0100350507895694,0.5951393918688075,0.6051744426583769,0.0719402347550793
member,ENsiRNA_grouped,token_cnn,3301.0,rows,2927.0,0.0725220461562351,0.2238345363461853,-0.0080874270585376,0.1454441298418805,0.0687344110920104,0.2682167682213015,0.0349303178880092,0.5951393918688075,0.6300697097568168,0.0719402347550793
member,ENsiRNA_grouped,token_cnn,4409.0,rows,2927.0,0.0714846738796551,0.2293537720670299,0.0063324908095612,0.1621805534695743,0.0795863725644346,0.2682167682213015,-0.0115926806306037,0.5951393918688075,0.5835467112382038,0.0719402347550793
member,ENsiRNA_grouped,token_cnn,5519.0,rows,2927.0,0.0712715213276064,0.2216139508281749,0.0092954023537669,0.1819313997814673,0.0847480364613267,0.2682167682213015,0.0204930619353683,0.5951393918688075,0.6156324538041759,0.0719402347550793
member,ENsiRNA_grouped,token_cnn,6637.0,rows,2927.0,0.0719252995259792,0.2264950031199714,0.0002076060656592,0.1470447928595805,0.0737261183842711,0.2682167682213015,0.019105565516013,0.5951393918688075,0.6142449573848205,0.0719402347550793
member,ENsiRNA_grouped,token_cnn,7753.0,rows,2927.0,0.0731149658202687,0.2255534859030247,-0.0163292637171499,0.0963955735579598,0.0605467014663521,0.2682167682213015,0.025292033242821,0.5951393918688075,0.6204314251116285,0.0719402347550793
member,ENsiRNA_grouped,token_cnn,8867.0,rows,2927.0,0.07405222921772,0.2251765843227856,-0.0293576253932297,0.1017691352030005,0.0693939078892933,0.2682167682213015,0.0329371886818657,0.5951393918688075,0.6280765805506733,0.0719402347550793
member,ENsiRNA_grouped,token_cnn,9973.0,rows,2927.0,0.0739519985787632,0.2268808175602747,-0.0279643766875792,0.1190441232657304,0.0842586863647918,0.2682167682213015,0.0171153427846691,0.5951393918688075,0.6122547346534767,0.0719402347550793
member,ENsiRNA_grouped,token_cnn,11027.0,rows,2927.0,0.0757650946162797,0.2322343157766457,-0.0531671862654057,0.0638612003042926,0.0792557895263308,0.2682167682213015,0.0160769467173805,0.5951393918688075,0.6112163385861881,0.0719402347550793
ensemble,ENsiRNA_grouped,token_cnn,,,,0.0717493819503741,,,,,,,,,
member,ENsiRNA_grouped,guide_ridge,0.0,rows,2927.0,0.0937881851039346,0.2650911054488209,-0.3036958445192264,0.0558218637932977,0.1172132134106577,0.2682167682213015,-0.1077911396353248,0.5951393918688075,0.4873482522334826,0.0719402347550793
ensemble,ENsiRNA_grouped,guide_ridge,,,,0.0937881851039346,,,,,,,,,
member,ENsiRNA_grouped,pairwise_ridge,0.0,rows,2927.0,0.0736896229433976,0.2334431149485496,-0.0243172432544045,0.0580359803016032,0.0535469892857929,0.2682167682213015,-0.0234340966840954,0.5951393918688075,0.571705295184712,0.0719402347550793
ensemble,ENsiRNA_grouped,pairwise_ridge,,,,0.0736896229433976,,,,,,,,,
member,APP,original_gnn,1103.0,rows,1839.0,0.1695076218596879,0.3379445312383836,-0.0447012403992499,-0.0487180914504795,0.0196006964716259,0.4028084386759444,-0.0780993333284461,0.46777857531267,0.3896792419842238,0.162254638268552
member,APP,original_gnn,2207.0,rows,1839.0,0.1616203901746868,0.3268745641243723,0.0039089674146352,0.0698982035411991,0.0195466566378743,0.4028084386759444,0.0091856014256374,0.46777857531267,0.4769641767383074,0.162254638268552
member,APP,original_gnn,3301.0,rows,1839.0,0.1628131564867962,0.3282013702243485,-0.0034422326794738,0.0167572729069607,0.0171949549226547,0.4028084386759444,0.0222482052175811,0.46777857531267,0.4900267805302511,0.162254638268552
member,APP,original_gnn,4409.0,rows,1839.0,0.1642972827875418,0.3274970551327431,-0.0125891286732209,0.0351801711133338,0.0171506339842414,0.4028084386759444,0.0472713346038971,0.46777857531267,0.5150499099165671,0.162254638268552
member,APP,original_gnn,5519.0,rows,1839.0,0.166094258860808,0.3343963439747456,-0.0236641653713522,-0.0874909847219017,0.0192804776136155,0.4028084386759444,-0.0459229187539119,0.46777857531267,0.421855656558758,0.162254638268552
member,APP,original_gnn,6637.0,rows,1839.0,0.1669909137149398,0.3350790555782069,-0.0291903855380002,0.026788797067037,0.0202735729340757,0.4028084386759444,-0.069012983879128,0.46777857531267,0.3987655914335419,0.162254638268552
member,APP,original_gnn,7753.0,rows,1839.0,0.1631425645270004,0.3293408447204432,-0.0054724245046158,-0.0064298235549201,0.027203140842604,0.4028084386759444,0.002646472044494,0.46777857531267,0.470425047357164,0.162254638268552
member,APP,original_gnn,8867.0,rows,1839.0,0.166283646246662,0.3347480947050858,-0.0248313886191742,-0.0208501522331077,0.0219079488187464,0.4028084386759444,-0.0564008581689157,0.46777857531267,0.4113777171437542,0.162254638268552
member,APP,original_gnn,9973.0,rows,1839.0,0.1649631563258627,0.3276434670546576,-0.0166930085094254,0.0138294024847609,0.0157262390909371,0.4028084386759444,0.0513460089689494,0.46777857531267,0.5191245842816195,0.162254638268552
member,APP,original_gnn,11027.0,rows,1839.0,0.1688424230979499,0.3303103507182984,-0.040601519313699,-0.0649282779991395,0.02503184215686,0.4028084386759444,0.0682044222577621,0.46777857531267,0.5359829975704321,0.162254638268552
ensemble,APP,original_gnn,,,,0.1624832277357204,,,,,,,,,
member,APP,corrected_gnn,1103.0,rows,1839.0,0.1733605190789871,0.341573040325814,-0.0684472316412516,-0.0434261809529804,0.0189000097398663,0.4028084386759444,-0.1004363289171357,0.46777857531267,0.3673422463955342,0.162254638268552
member,APP,corrected_gnn,2207.0,rows,1839.0,0.1614112719580052,0.3262739306320762,0.0051977947721344,0.0919060685678515,0.0199736998632181,0.4028084386759444,0.0153804847804924,0.46777857531267,0.4831590600931624,0.162254638268552
member,APP,corrected_gnn,3301.0,rows,1839.0,0.1622925609022534,0.3285356349048697,-0.0002337229561266,0.0215953569526491,0.0167729341474134,0.4028084386759444,0.0069569997201216,0.46777857531267,0.4747355750327916,0.162254638268552
member,APP,corrected_gnn,4409.0,rows,1839.0,0.1643522805931481,0.3274599057197829,-0.0129280885093971,0.0377616444275651,0.016945123019645,0.4028084386759444,0.0482286201547318,0.46777857531267,0.5160071954674018,0.162254638268552
member,APP,corrected_gnn,5519.0,rows,1839.0,0.1655296689005372,0.333709991173254,-0.0201845116228025,-0.0809125316591177,0.0183507030497136,0.4028084386759444,-0.0417384823220655,0.46777857531267,0.4260400929906044,0.162254638268552
member,APP,corrected_gnn,6637.0,rows,1839.0,0.1655216641276005,0.3334870376630993,-0.0201351769903868,0.0402669126453239,0.0203911915589757,0.4028084386759444,-0.0592681144707613,0.46777857531267,0.4085104608419086,0.162254638268552
member,APP,corrected_gnn,7753.0,rows,1839.0,0.1631539724670982,0.3294223997440981,-0.0055427333735607,-0.0102590466931117,0.026135056941384,0.4028084386759444,0.0005388693236212,0.46777857531267,0.4683174446362912,0.162254638268552
member,APP,corrected_gnn,8867.0,rows,1839.0,0.167395029019302,0.3359415464668833,-0.0316810095884096,-0.034344885452238,0.020535825308511,0.4028084386759444,-0.0644241304834749,0.46777857531267,0.403354444829195,0.162254638268552
member,APP,corrected_gnn,9973.0,rows,1839.0,0.1649453019001796,0.3278099739086115,-0.0165829689698864,-0.0016321107482078,0.0153136783901027,0.4028084386759444,0.0493560493194387,0.46777857531267,0.5171346246321087,0.162254638268552
member,APP,corrected_gnn,11027.0,rows,1839.0,0.1682587064971959,0.330117734944036,-0.0370039851724075,-0.0710383195634876,0.0230459841482995,0.4028084386759444,0.0644518176203514,0.46777857531267,0.5322303929330214,0.162254638268552
ensemble,APP,corrected_gnn,,,,0.1624753236281071,,,,,,,,,
member,APP,original_no_message,1103.0,rows,1839.0,0.1709357711264223,0.3391637848806355,-0.0535031414233095,-0.0279995103703581,0.0194726830390862,0.4028084386759444,-0.0886718925889383,0.46777857531267,0.3791066827237316,0.162254638268552
member,APP,original_no_message,2207.0,rows,1839.0,0.1609859873238245,0.3260755509482576,0.0078188886201687,0.1043527786272762,0.0213753426546991,0.4028084386759444,0.0084518504383643,0.46777857531267,0.4762304257510343,0.162254638268552
member,APP,original_no_message,3301.0,rows,1839.0,0.162202261518795,0.3274919706768804,0.00032280587055,0.0567628949052337,0.0157292561344453,0.4028084386759444,0.0204816797209795,0.46777857531267,0.4882602550336495,0.162254638268552
member,APP,original_no_message,4409.0,rows,1839.0,0.1640010813120087,0.3275042701683334,-0.0107635939538817,0.0300133371749066,0.0169429633069935,0.4028084386759444,0.0432324785303069,0.46777857531267,0.511011053842977,0.162254638268552
member,APP,original_no_message,5519.0,rows,1839.0,0.1670204784135704,0.3355923938921314,-0.0293725972697946,-0.1061492147584091,0.0213292647206692,0.4028084386759444,-0.0498690060481747,0.46777857531267,0.4179095692644952,0.162254638268552
member,APP,original_no_message,6637.0,rows,1839.0,0.1689196796010481,0.3367775855485222,-0.0410776628860654,0.0568040335972343,0.0226159535168616,0.4028084386759444,-0.0847851270037544,0.46777857531267,0.3829934483089156,0.162254638268552
member,APP,original_no_message,7753.0,rows,1839.0,0.1635949788763907,0.3293395329710838,-0.0082607229114783,-0.0166673696746986,0.0283535749486131,0.4028084386759444,0.0124778749024628,0.46777857531267,0.4802564502151328,0.162254638268552
member,APP,original_no_message,8867.0,rows,1839.0,0.1649456028074874,0.3331514174487033,-0.0165848235073653,-0.0125628957404265,0.0194083197822325,0.4028084386759444,-0.046020130056373,0.46777857531267,0.4217584452562969,0.162254638268552
member,APP,original_no_message,9973.0,rows,1839.0,0.1786576245427414,0.3460013177882335,-0.1010940978281331,0.0104012483119667,0.0247914158221638,0.4028084386759444,-0.1264757276740655,0.46777857531267,0.3413028476386044,0.162254638268552
member,APP,original_no_message,11027.0,rows,1839.0,0.1692881494201063,0.3306260852391335,-0.0433485983920713,-0.0700013774629305,0.0250430834823806,0.4028084386759444,0.0706687213748095,0.46777857531267,0.5384472966874795,0.162254638268552
ensemble,APP,original_no_message,,,,0.1629140191159014,,,,,,,,,
member,APP,corrected_no_message,1103.0,rows,1839.0,0.1752852377016846,0.3431437164447954,-0.0803095650896907,-0.0285795023608784,0.0187555078098062,0.4028084386759444,-0.1106661697188819,0.46777857531267,0.357112405593788,0.162254638268552
member,APP,corrected_no_message,2207.0,rows,1839.0,0.1609556291620828,0.3259043724691693,0.0080059905857311,0.1092598698981588,0.0210609742883648,0.4028084386759444,0.0105473602875733,0.46777857531267,0.4783259356002433,0.162254638268552
member,APP,corrected_no_message,3301.0,rows,1839.0,0.1620067411352192,0.3281716392806718,0.0015278277156089,0.0413710183445162,0.0160656232374519,0.4028084386759444,0.0054270466954113,0.46777857531267,0.4732056220080813,0.162254638268552
member,APP,corrected_no_message,4409.0,rows,1839.0,0.1643082097755052,0.3276401977339668,-0.0126564733610528,0.0255935027401888,0.017622556225641,0.4028084386759444,0.0458951926938989,0.46777857531267,0.5136737680065689,0.162254638268552
member,APP,corrected_no_message,5519.0,rows,1839.0,0.1664249948597989,0.3348870691821651,-0.0257025416083598,-0.0954823493474963,0.020346357421563,0.4028084386759444,-0.0468112797979818,0.46777857531267,0.4209672955146881,0.162254638268552
member,APP,corrected_no_message,6637.0,rows,1839.0,0.1667233073128451,0.3344272499841344,-0.0275410866030025,0.0821676355309733,0.0240008971975854,0.4028084386759444,-0.0740363463678978,0.46777857531267,0.3937422289447722,0.162254638268552
member,APP,corrected_no_message,7753.0,rows,1839.0,0.1630810737107023,0.329161726625566,-0.0050934472565422,-0.0022778106674154,0.0273808458128132,0.4028084386759444,0.0051458432767493,0.46777857531267,0.4729244185894193,0.162254638268552
member,APP,corrected_no_message,8867.0,rows,1839.0,0.1658524165289644,0.3342006219329491,-0.0221736543177129,-0.0244158955224552,0.0192937816715993,0.4028084386759444,-0.0533481237996203,0.46777857531267,0.4144304515130496,0.162254638268552
member,APP,corrected_no_message,9973.0,rows,1839.0,0.1817842832644105,0.348654566046931,-0.1203641708136222,0.0212301521480588,0.0242264755508861,0.4028084386759444,-0.1391297136712035,0.46777857531267,0.3286488616414664,0.162254638268552
member,APP,corrected_no_message,11027.0,rows,1839.0,0.1692065249028161,0.3303711848695099,-0.0428455340842572,-0.071213913028181,0.0232667858344068,0.4028084386759444,0.0712439577148814,0.46777857531267,0.5390225330275514,0.162254638268552
ensemble,APP,corrected_no_message,,,,0.1630434500382384,,,,,,,,,
member,APP,chemistry_tree,1103.0,rows,1839.0,0.193859664349503,0.359092743415229,-0.1947865800214638,-0.0156742876541154,0.0119398956444237,0.4028084386759444,-0.1769511070630622,0.46777857531267,0.2908274682496077,0.162254638268552
member,APP,chemistry_tree,2207.0,rows,1839.0,0.1876777220771726,0.3539090469804613,-0.1566863300791567,-0.0350108458178585,0.0137292608193336,0.4028084386759444,-0.1576304313814664,0.46777857531267,0.3101481439312035,0.162254638268552
member,APP,chemistry_tree,3301.0,rows,1839.0,0.1915328476721892,0.357034721938272,-0.1804460551394406,-0.0113254115699952,0.0100090994957114,0.4028084386759444,-0.1705482479552549,0.46777857531267,0.297230327357415,0.162254638268552
member,APP,chemistry_tree,4409.0,rows,1839.0,0.1919240382429409,0.3574883217324773,-0.1828570220919183,-0.0106963944054729,0.0113905176022938,0.4028084386759444,-0.1715852609113514,0.46777857531267,0.2961933144013186,0.162254638268552
member,APP,chemistry_tree,5519.0,rows,1839.0,0.1841250534906441,0.3510128670686436,-0.1347906935387188,0.0018336233430412,0.0121686640624512,0.4028084386759444,-0.1474459709933453,0.46777857531267,0.3203326043193246,0.162254638268552
member,APP,chemistry_tree,6637.0,rows,1839.0,0.1910670171923829,0.3568630611491501,-0.1775750710814359,-0.0261612795798283,0.013268158203648,0.4028084386759444,-0.1683944643365194,0.46777857531267,0.2993841109761505,0.162254638268552
member,APP,chemistry_tree,7753.0,rows,1839.0,0.1883533705720529,0.35444831487871,-0.1608504544585292,0.0141369040277406,0.0111360848475079,0.4028084386759444,-0.1615597350568079,0.46777857531267,0.306218840255862,0.162254638268552
member,APP,chemistry_tree,8867.0,rows,1839.0,0.1893982734595996,0.3552388715992912,-0.1672903497903177,-0.0070913875575549,0.0110012461049091,0.4028084386759444,-0.1641942699967333,0.46777857531267,0.3035843053159366,0.162254638268552
member,APP,chemistry_tree,9973.0,rows,1839.0,0.1874948552970176,0.3538993006043485,-0.1555592943154562,-0.035526226190397,0.0127262277206642,0.4028084386759444,-0.1572069617007868,0.46777857531267,0.3105716136118832,0.162254638268552
member,APP,chemistry_tree,11027.0,rows,1839.0,0.1913009350084722,0.3567952929700755,-0.1790167421398754,-0.0472463038288718,0.0120194291476754,0.4028084386759444,-0.1686545033653872,0.46777857531267,0.2991240719472827,0.162254638268552
ensemble,APP,chemistry_tree,,,,0.189569272857561,,,,,,,,,
member,APP,token_cnn,1103.0,rows,1839.0,0.1659178024154788,0.3344091606262523,-0.0225766374756186,-0.0402794038262391,0.0041463386744797,0.4028084386759444,-0.059257272097415,0.46777857531267,0.4085213032152549,0.162254638268552
member,APP,token_cnn,2207.0,rows,1839.0,0.1795716338037135,0.3471706207583688,-0.1067272758421833,-0.0817375013478098,0.0041951527567382,0.4028084386759444,-0.1304727908441204,0.46777857531267,0.3373057844685495,0.162254638268552
member,APP,token_cnn,3301.0,rows,1839.0,0.1651752547380497,0.3334815003396116,-0.0180002032648438,0.0454761889596987,0.0077789751823425,0.4028084386759444,-0.0560811692724803,0.46777857531267,0.4116974060401896,0.162254638268552
member,APP,token_cnn,4409.0,rows,1839.0,0.1698647687729245,0.3382310998417748,-0.0469023911154806,0.047451889960894,0.004516826594322,0.4028084386759444,-0.0881044733542733,0.46777857531267,0.3796741019583967,0.162254638268552
member,APP,token_cnn,5519.0,rows,1839.0,0.1661302668318688,0.3278455809037798,-0.0238860879705766,0.1176224733706655,0.0032922308573682,0.4028084386759444,0.0646278355652898,0.46777857531267,0.5324064108779598,0.162254638268552
member,APP,token_cnn,6637.0,rows,1839.0,0.1718657065341426,0.3399533832774078,-0.0592344747007052,0.1008717567018494,0.0064578938400065,0.4028084386759444,-0.100469687423115,0.46777857531267,0.3673088878895549,0.162254638268552
member,APP,token_cnn,7753.0,rows,1839.0,0.162277968764087,0.3293082255134251,-0.0001437893904541,0.0179582208634233,0.0053986854566493,0.4028084386759444,-0.0085023455699156,0.46777857531267,0.4592762297427543,0.162254638268552
member,APP,token_cnn,8867.0,rows,1839.0,0.1684049736639622,0.3368726403277097,-0.0379054519552812,0.0171398517934684,0.0062310126358519,0.4028084386759444,-0.0787245111654997,0.46777857531267,0.3890540641471702,0.162254638268552
member,APP,token_cnn,9973.0,rows,1839.0,0.1670413090863568,0.3355708496081822,-0.0295009798726506,0.1099556040674016,0.0113681069594242,0.4028084386759444,-0.0752625248066818,0.46777857531267,0.3925160505059881,0.162254638268552
member,APP,token_cnn,11027.0,rows,1839.0,0.1644577245764607,0.3276181511735319,-0.013577955807108,0.0710435423007581,0.0048233348050972,0.4028084386759444,0.0495568350362027,0.46777857531267,0.5173354103488728,0.162254638268552
ensemble,APP,token_cnn,,,,0.1643646326877763,,,,,,,,,
member,APP,guide_ridge,0.0,rows,1839.0,0.2949365514874323,0.4084105865153364,-0.8177388001646817,-0.0141240491724999,0.1420482350196676,0.4028084386759444,0.3329983573858082,0.46777857531267,0.8007769326984782,0.162254638268552
ensemble,APP,guide_ridge,,,,0.2949365514874323,,,,,,,,,
member,APP,pairwise_ridge,0.0,rows,1839.0,0.2064300451838634,0.3447131642576013,-0.2722597479290265,0.028829477150853,0.0619108685767822,0.4028084386759444,0.2044024534405414,0.46777857531267,0.6721810287532114,0.162254638268552
ensemble,APP,pairwise_ridge,,,,0.2064300451838634,,,,,,,,,
member,Davis_S7,original_gnn,1103.0,rows,118.0,0.0923796224683134,0.2330039039834181,-0.0267788820093857,0.1104554754245885,0.0187381113918107,0.2999505258202677,0.0574440520440522,0.3423905333478167,0.3998345853918689,0.089970317939855
member,Davis_S7,original_gnn,2207.0,rows,118.0,0.1180355091112219,0.2626092568737856,-0.3119383349309526,0.0735636235157418,0.0167896480262865,0.2999505258202677,0.1688912108029754,0.3423905333478167,0.5112817441507922,0.089970317939855
member,Davis_S7,original_gnn,3301.0,rows,118.0,0.1118473759900281,0.2556058017198482,-0.2431586166539707,0.0595425824462111,0.0137640874341071,0.2999505258202677,0.1489270171618461,0.3423905333478167,0.4913175505096628,0.089970317939855
member,Davis_S7,original_gnn,4409.0,rows,118.0,0.1379393921373764,0.2847735843405506,-0.5331655516610323,0.0301847981053604,0.0149368030410849,0.2999505258202677,0.219126539083295,0.3423905333478167,0.5615170724311117,0.089970317939855
member,Davis_S7,original_gnn,5519.0,rows,118.0,0.100949651921231,0.2423073198250585,-0.1220328463073294,-0.0628343202855189,0.0135933301088221,0.2999505258202677,0.1014010023509446,0.3423905333478167,0.4437915356987613,0.089970317939855
member,Davis_S7,original_gnn,6637.0,rows,118.0,0.1028018760778907,0.2453709298975109,-0.1426199043401572,0.0591020643195766,0.0190246916140046,0.2999505258202677,0.1146479267937046,0.3423905333478167,0.4570384601415214,0.089970317939855
member,Davis_S7,original_gnn,7753.0,rows,118.0,0.1019387564920047,0.2423801762149345,-0.1330265228155633,0.0759135866861196,0.0176919577806847,0.2999505258202677,0.111629459690684,0.3423905333478167,0.4540199930385007,0.089970317939855
member,Davis_S7,original_gnn,8867.0,rows,118.0,0.1077864285429854,0.2503867766257469,-0.1980220922975994,-0.004160063834263,0.0164650348494838,0.2999505258202677,0.1323023909476248,0.3423905333478167,0.4746929242954415,0.089970317939855
member,Davis_S7,original_gnn,9973.0,rows,118.0,0.1348852773482727,0.2820814485177907,-0.4992197475443312,0.0614335210755237,0.0113324801043773,0.2999505258202677,0.2126127510499552,0.3423905333478167,0.5550032843977719,0.089970317939855
member,Davis_S7,original_gnn,11027.0,rows,118.0,0.1192044451893256,0.2655684273996307,-0.3249307984997174,-0.0037171443419957,0.0188765339848418,0.2999505258202677,0.1698108081842277,0.3423905333478167,0.5122013415320444,0.089970317939855
ensemble,Davis_S7,original_gnn,,,,0.1102433769707514,,,,,,,,,
member,Davis_S7,corrected_gnn,1103.0,rows,118.0,0.0920314371828298,0.232611261272238,-0.0229088802859698,0.0812566251663533,0.0192555072269876,0.2999505258202677,0.0512735056921991,0.3423905333478167,0.3936640390400158,0.089970317939855
member,Davis_S7,corrected_gnn,2207.0,rows,118.0,0.1217749156605428,0.2672164117256109,-0.3535010039861035,0.0536743017454098,0.0170665335060374,0.2999505258202677,0.1790610540463158,0.3423905333478167,0.5214515873941326,0.089970317939855
member,Davis_S7,corrected_gnn,3301.0,rows,118.0,0.1090117690488261,0.2524424698815256,-0.2116414784896079,0.0649281340689367,0.0140247146104347,0.2999505258202677,0.1392516697104099,0.3423905333478167,0.4816422030582266,0.089970317939855
member,Davis_S7,corrected_gnn,4409.0,rows,118.0,0.1376072369104287,0.2843795248009388,-0.5294737204598834,0.0290489687538057,0.0156800404260108,0.2999505258202677,0.2183215601711355,0.3423905333478167,0.5607120935189522,0.089970317939855
member,Davis_S7,corrected_gnn,5519.0,rows,118.0,0.0993685529386285,0.2406825409242111,-0.1044592840613967,-0.0478842600188259,0.012871278478644,0.2999505258202677,0.0941425896543972,0.3423905333478167,0.436533123002214,0.089970317939855
member,Davis_S7,corrected_gnn,6637.0,rows,118.0,0.1030410914282139,0.2461453182411118,-0.1452787295594151,0.0645603615435031,0.0196200622615757,0.2999505258202677,0.1159556307271779,0.3423905333478167,0.4583461640749947,0.089970317939855
member,Davis_S7,corrected_gnn,7753.0,rows,118.0,0.0997874445700668,0.2406520619324086,-0.1091151710364579,0.0758096507790212,0.0170870904838495,0.2999505258202677,0.1014999980890549,0.3423905333478167,0.4438905314368717,0.089970317939855
member,Davis_S7,corrected_gnn,8867.0,rows,118.0,0.1059682902145719,0.2483327498913302,-0.1778138906368149,-0.0149311305316773,0.0167058773967433,0.2999505258202677,0.1247767928540101,0.3423905333478167,0.4671673262018268,0.089970317939855
member,Davis_S7,corrected_gnn,9973.0,rows,118.0,0.1341323146203173,0.2816311862971662,-0.490850734905532,0.0837044772804952,0.0107956096662855,0.2999505258202677,0.2111576344749079,0.3423905333478167,0.5535481678227246,0.089970317939855
member,Davis_S7,corrected_gnn,11027.0,rows,118.0,0.1183631025393469,0.2645074695213078,-0.3155794627565098,0.0059540319501811,0.0172026186993778,0.2999505258202677,0.1678043483924462,0.3423905333478167,0.510194881740263,0.089970317939855
ensemble,Davis_S7,corrected_gnn,,,,0.1093027011570436,,,,,,,,,
member,Davis_S7,original_no_message,1103.0,rows,118.0,0.0921027984637026,0.2326976498292945,-0.0237020449930289,0.0877710609485941,0.0184333132346556,0.2999505258202677,0.0525669123403501,0.3423905333478167,0.3949574456881669,0.089970317939855
member,Davis_S7,original_no_message,2207.0,rows,118.0,0.1150689415052188,0.2594351741239855,-0.2789655982114245,0.0723937644482778,0.0170564571611822,0.2999505258202677,0.1598388167502921,0.3423905333478167,0.5022293500981089,0.089970317939855
member,Davis_S7,original_no_message,3301.0,rows,118.0,0.1127002958100883,0.2564830328267679,-0.2526386300582841,0.0797618683148586,0.0125806441485716,0.2999505258202677,0.152229035935604,0.3423905333478167,0.4946195692834207,0.089970317939855
member,Davis_S7,original_no_message,4409.0,rows,118.0,0.1398486297033983,0.2867559426856051,-0.5543863010119261,0.0089278057540722,0.0159709335044075,0.2999505258202677,0.2229546549708559,0.3423905333478167,0.5653451883186726,0.089970317939855
member,Davis_S7,original_no_message,5519.0,rows,118.0,0.0995281654736103,0.2411901220303433,-0.1062333417577194,-0.0171310207120542,0.0146164517384745,0.2999505258202677,0.0958853211185083,0.3423905333478167,0.438275854466325,0.089970317939855
member,Davis_S7,original_no_message,6637.0,rows,118.0,0.0984276577402707,0.2405015641841186,-0.0940014439658791,0.0391173870466419,0.0212025549507768,0.2999505258202677,0.0922244139388861,0.3423905333478167,0.4346149472867028,0.089970317939855
member,Davis_S7,original_no_message,7753.0,rows,118.0,0.1036830556745137,0.24485401808144,-0.1524140188525911,0.0942374400292544,0.0170340947715107,0.2999505258202677,0.1199398524422161,0.3423905333478167,0.4623303857900328,0.089970317939855
member,Davis_S7,original_no_message,8867.0,rows,118.0,0.1080843320179214,0.2507837193139938,-0.2013332229210915,0.0043486261211556,0.0154986026436805,0.2999505258202677,0.1338440857948286,0.3423905333478167,0.4762346191426453,0.089970317939855
member,Davis_S7,original_no_message,9973.0,rows,118.0,0.0949069772714473,0.2363146590861186,-0.0548698664696549,0.0460920845972193,0.0175407522052245,0.2999505258202677,0.0715122034736003,0.3423905333478167,0.413902736821417,0.089970317939855
member,Davis_S7,original_no_message,11027.0,rows,118.0,0.1187426217450041,0.2649081503805178,-0.3197977340080453,0.0163755855709735,0.0183754011012274,0.2999505258202677,0.1691601709535971,0.3423905333478167,0.5115507043014138,0.089970317939855
ensemble,Davis_S7,original_no_message,,,,0.1057064541942345,,,,,,,,,
member,Davis_S7,corrected_no_message,1103.0,rows,118.0,0.0909646376871871,0.2314030763589181,-0.0110516420315054,0.0874947659513525,0.0191916714697609,0.2999505258202677,0.0404145496623395,0.3423905333478167,0.3828050830101562,0.089970317939855
member,Davis_S7,corrected_no_message,2207.0,rows,118.0,0.1175066453356057,0.2621164158114588,-0.3060601321222256,0.0855440420672458,0.0167624423707614,0.2999505258202677,0.167676958112838,0.3423905333478167,0.5100674914606548,0.089970317939855
member,Davis_S7,corrected_no_message,3301.0,rows,118.0,0.1097574079743237,0.2530965692327944,-0.2199290886989675,0.0970343705798684,0.013434826097171,0.2999505258202677,0.1427888315859891,0.3423905333478167,0.4851793649338058,0.089970317939855
member,Davis_S7,corrected_no_message,4409.0,rows,118.0,0.1387588789936794,0.2854082047921935,-0.5422739651363617,0.023441410054543,0.0168634259883496,0.2999505258202677,0.2207743832362305,0.3423905333478167,0.5631649165840472,0.089970317939855
member,Davis_S7,corrected_no_message,5519.0,rows,118.0,0.0986471269744236,0.2402234665294788,-0.0964407955117929,-0.015359643343547,0.0143582247944759,0.2999505258202677,0.0913145657054853,0.3423905333478167,0.433705099053302,0.089970317939855
member,Davis_S7,corrected_no_message,6637.0,rows,118.0,0.0983160474539348,0.2403304377335962,-0.0927609205478061,0.0484447210804279,0.021753373325234,0.2999505258202677,0.092221026071492,0.3423905333478167,0.4346115594193087,0.089970317939855
member,Davis_S7,corrected_no_message,7753.0,rows,118.0,0.1035712349205257,0.2448921211718627,-0.1511711561335464,0.0826669944012969,0.0171014853416835,0.2999505258202677,0.1189813150434575,0.3423905333478167,0.4613718483912742,0.089970317939855
member,Davis_S7,corrected_no_message,8867.0,rows,118.0,0.1069936431324953,0.249531086480235,-0.189210459431969,-0.0241251625406528,0.016373505329884,0.2999505258202677,0.1285234006526511,0.3423905333478167,0.4709139340004678,0.089970317939855
member,Davis_S7,corrected_no_message,9973.0,rows,118.0,0.0933302993986799,0.2347240361498537,-0.0373454438726221,0.0405302478203147,0.0171759775829393,0.2999505258202677,0.0590134420884262,0.3423905333478167,0.401403975436243,0.089970317939855
member,Davis_S7,corrected_no_message,11027.0,rows,118.0,0.118767926155426,0.2647505774200684,-0.3200789868812292,0.0217069984959961,0.0168826616144036,0.2999505258202677,0.1695064330246893,0.3423905333478167,0.511896966372506,0.089970317939855
ensemble,Davis_S7,corrected_no_message,,,,0.1047089541249734,,,,,,,,,
member,Davis_S7,chemistry_tree,1103.0,rows,118.0,0.0936977992024313,0.2418126738148576,-0.041430122155043,-0.0286899943431996,0.009493714089434,0.2999505258202677,-0.0589402480845764,0.3423905333478167,0.2834502852632403,0.089970317939855
member,Davis_S7,chemistry_tree,2207.0,rows,118.0,0.0913859372882672,0.2364310188675996,-0.0157342930516091,-0.0024051750056064,0.0126527479157142,0.2999505258202677,-0.035174864405904,0.3423905333478167,0.3072156689419126,0.089970317939855
member,Davis_S7,chemistry_tree,3301.0,rows,118.0,0.0924295271193946,0.2388712843721558,-0.0273335610660339,0.065487244896425,0.0097110346129064,0.2999505258202677,-0.0524062152928612,0.3423905333478167,0.2899843180549555,0.089970317939855
member,Davis_S7,chemistry_tree,4409.0,rows,118.0,0.0924257915628982,0.2389321688961709,-0.0272920411894581,0.0037300655776986,0.0099914558300334,0.2999505258202677,-0.0487647620421973,0.3423905333478167,0.2936257713056193,0.089970317939855
member,Davis_S7,chemistry_tree,5519.0,rows,118.0,0.0906383946513218,0.235390862521218,-0.0074255235144697,0.0415118667705378,0.0105772911497054,0.2999505258202677,-0.0286287274856642,0.3423905333478167,0.3137618058621524,0.089970317939855
member,Davis_S7,chemistry_tree,6637.0,rows,118.0,0.0924540128596951,0.2388560014316025,-0.0276057146035697,0.0962055221484663,0.0111652276879973,0.2999505258202677,-0.0548034694181312,0.3423905333478167,0.2875870639296854,0.089970317939855
member,Davis_S7,chemistry_tree,7753.0,rows,118.0,0.0918720061108554,0.2375690780652554,-0.0211368395104658,-0.0121784000392646,0.0121341750541928,0.2999505258202677,-0.040814209364613,0.3423905333478167,0.3015763239832037,0.089970317939855
member,Davis_S7,chemistry_tree,8867.0,rows,118.0,0.0917637464628228,0.2379750073233345,-0.0199335576891772,-0.0003323185550767,0.009622172610185,0.2999505258202677,-0.0412180064744562,0.3423905333478167,0.3011725268733604,0.089970317939855
member,Davis_S7,chemistry_tree,9973.0,rows,118.0,0.09146801440126,0.2364350987131964,-0.0166465618406073,-0.0485833840071021,0.0103590569668178,0.2999505258202677,-0.0329919592197487,0.3423905333478167,0.309398574128068,0.089970317939855
member,Davis_S7,chemistry_tree,11027.0,rows,118.0,0.0921058014394453,0.2379748780760081,-0.0237354223980601,0.027243762721343,0.009751622722691,0.2999505258202677,-0.0469016588568921,0.3423905333478167,0.2954888744909245,0.089970317939855
ensemble,Davis_S7,chemistry_tree,,,,0.0919008789727011,,,,,,,,,
member,Davis_S7,token_cnn,1103.0,rows,118.0,0.1011050138102798,0.2424199375800777,-0.1237596590229703,0.0720752747110297,0.0038721499835012,0.2999505258202677,0.1062408888991001,0.3423905333478167,0.4486314222469168,0.089970317939855
member,Davis_S7,token_cnn,2207.0,rows,118.0,0.0902142960315772,0.2314975108162764,-0.0027117620267302,-0.074626569290394,0.0035456979515701,0.2999505258202677,0.0085246897596828,0.3423905333478167,0.3509152231074995,0.089970317939855
member,Davis_S7,token_cnn,3301.0,rows,118.0,0.0970592467718551,0.2387394891091782,-0.0787918615196952,0.125818631072894,0.0065892164245993,0.2999505258202677,0.0868496214176032,0.3423905333478167,0.4292401547654199,0.089970317939855
member,Davis_S7,token_cnn,4409.0,rows,118.0,0.096161912977929,0.2373680925615212,-0.068818196710308,0.0773010134433183,0.0041651678382308,0.2999505258202677,0.0797959746692544,0.3423905333478167,0.4221865080170712,0.089970317939855
member,Davis_S7,token_cnn,5519.0,rows,118.0,0.1338852215353185,0.280724914829037,-0.4881043504238855,0.0582744161925133,0.0022511189215568,0.2999505258202677,0.2097344336615176,0.3423905333478167,0.5521249670093343,0.089970317939855
member,Davis_S7,token_cnn,6637.0,rows,118.0,0.0978447895123174,0.2395796687282813,-0.0875229937247346,-0.0275528728705518,0.0064669118215797,0.2999505258202677,0.087896297164327,0.3423905333478167,0.4302868305121437,0.089970317939855
member,Davis_S7,token_cnn,7753.0,rows,118.0,0.1075153779388131,0.2500923317700584,-0.1950094253383303,0.0335519217271391,0.0046963333893672,0.2999505258202677,0.1327310493683815,0.3423905333478167,0.4751215827161982,0.089970317939855
member,Davis_S7,token_cnn,8867.0,rows,118.0,0.0957290841788103,0.2371947626302873,-0.0640074012276472,0.0572852532684205,0.0061613322088122,0.2999505258202677,0.0770229925790479,0.3423905333478167,0.4194135259268646,0.089970317939855
member,Davis_S7,token_cnn,9973.0,rows,118.0,0.0992719026754541,0.241169534562733,-0.1033850379612657,0.2227546942499572,0.0118650851991693,0.2999505258202677,0.1036645794060675,0.3423905333478167,0.4460551127538842,0.089970317939855
member,Davis_S7,token_cnn,11027.0,rows,118.0,0.1301426913413934,0.2765203065609949,-0.4465069627562446,-0.1214828532230516,0.0050816663911299,0.2999505258202677,0.1994397401551472,0.3423905333478167,0.541830273502964,0.089970317939855
ensemble,Davis_S7,token_cnn,,,,0.1016850041653255,,,,,,,,,
member,Davis_S7,guide_ridge,0.0,rows,118.0,0.7814547695577979,0.8287100512844426,-7.685695320985731,0.1232302820526833,0.1150037784666749,0.2999505258202677,0.8287100512844425,0.3423905333478167,1.1711005846322593,0.089970317939855
ensemble,Davis_S7,guide_ridge,,,,0.7814547695577978,,,,,,,,,
member,Davis_S7,pairwise_ridge,0.0,rows,118.0,0.96984024910577,0.93658900046191,-9.779557873232209,0.031354872660269,0.0619351658422896,0.2999505258202677,0.93658900046191,0.3423905333478167,1.2789795338097267,0.089970317939855
ensemble,Davis_S7,pairwise_ridge,,,,0.96984024910577,,,,,,,,,
