cohort,method,weighting,sequence_components,study_linked_groups,source_families,n,mse,mae,r_squared,correlation,prediction_sd,label_sd,mean_bias,label_mean,prediction_mean,oracle_test_mean_mse
APP,chemistry_tree,rows,92,1,1,1839,0.189569272857561,0.35552044164673113,-0.16834424507359613,-0.020966107480485868,0.010342354046226292,0.4028084386759445,-0.16441709527607135,0.4677785753126698,0.30336148003659846,0.16225463826855216
APP,chemistry_tree,equal_study,92,1,1,1839,0.189569272857561,0.35552044164673113,-0.16834424507359613,-0.020966107480485868,0.010342354046226292,0.4028084386759445,-0.16441709527607135,0.4677785753126698,0.30336148003659846,0.16225463826855216
APP,chemistry_tree,equal_sequence,92,1,1,1839,0.1783627136908994,0.35458452819019753,-0.20784027452995257,-0.12971117108152552,0.010385525520815661,0.384279557795168,-0.17189745685103336,0.47339852838477425,0.3015010715337409,0.14767077853924987
APP,corrected_gnn,rows,92,1,1,1839,0.16247532362810718,0.3293334086961238,-0.0013601174173509811,-0.017806941173941115,0.007200744059603049,0.4028084386759445,-0.008095421527467783,0.4677785753126698,0.459683153785202,0.16225463826855216
APP,corrected_gnn,equal_study,92,1,1,1839,0.16247532362810718,0.3293334086961238,-0.0013601174173509811,-0.017806941173941115,0.007200744059603049,0.4028084386759445,-0.008095421527467783,0.4677785753126698,0.459683153785202,0.16225463826855216
APP,corrected_gnn,equal_sequence,92,1,1,1839,0.14894543709157937,0.330079357760667,-0.008631758868872685,-0.17648944609419198,0.00715633153083822,0.384279557795168,-0.015897869420787247,0.47339852838477425,0.457500658963987,0.14767077853924987
APP,corrected_no_message,rows,92,1,1,1839,0.16304345003823847,0.33073132921333476,-0.004861566843967324,0.014563927232711497,0.008473805663260814,0.4028084386759445,-0.028573223268706982,0.4677785753126698,0.4392053520439628,0.16225463826855216
APP,corrected_no_message,equal_study,92,1,1,1839,0.16304345003823847,0.33073132921333476,-0.004861566843967324,0.014563927232711497,0.008473805663260814,0.4028084386759445,-0.028573223268706982,0.4677785753126698,0.4392053520439628,0.16225463826855216
APP,corrected_no_message,equal_sequence,92,1,1,1839,0.15030805014131626,0.3318260498173057,-0.017859129803161622,-0.18293855181631616,0.008515820692963102,0.384279557795168,-0.0369788553961109,0.47339852838477425,0.43641967298866335,0.14767077853924987
APP,guide_ridge,rows,92,1,1,1839,0.2949365514874323,0.40841058651533635,-0.8177388001646808,-0.014124049172499936,0.14204823501966765,0.4028084386759445,0.33299835738580835,0.4677785753126698,0.8007769326984782,0.16225463826855216
APP,guide_ridge,equal_study,92,1,1,1839,0.2949365514874323,0.40841058651533635,-0.8177388001646808,-0.014124049172499936,0.14204823501966765,0.4028084386759445,0.33299835738580835,0.4677785753126698,0.8007769326984782,0.16225463826855216
APP,guide_ridge,equal_sequence,92,1,1,1839,0.2693744928022434,0.4049790578820485,-0.8241557027522919,-0.07046229484850086,0.14227235753979584,0.384279557795168,0.30619864603503644,0.47339852838477425,0.7795971744198107,0.14767077853924987
APP,original_gnn,rows,92,1,1,1839,0.1624832277357204,0.32920436774902595,-0.0014088316340756801,-0.02569660230636817,0.007317614396522002,0.4028084386759445,-0.004853404961207786,0.4677785753126698,0.462925170351462,0.16225463826855216
APP,original_gnn,equal_study,92,1,1,1839,0.1624832277357204,0.32920436774902595,-0.0014088316340756801,-0.02569660230636817,0.007317614396522002,0.4028084386759445,-0.004853404961207786,0.4677785753126698,0.462925170351462,0.16225463826855216
APP,original_gnn,equal_sequence,92,1,1,1839,0.14893908283605242,0.33003035175935774,-0.008588728991263839,-0.18491997398276117,0.007367609265123135,0.384279557795168,-0.012919898221336101,0.47339852838477425,0.46047863016343815,0.14767077853924987
APP,original_no_message,rows,92,1,1,1839,0.1629140191159014,0.3304801810250455,-0.004063864394790784,-0.0012246338095636092,0.008516538196831808,0.4028084386759445,-0.024050927840438163,0.4677785753126698,0.44372764747223165,0.16225463826855216
APP,original_no_message,equal_study,92,1,1,1839,0.1629140191159014,0.3304801810250455,-0.004063864394790784,-0.0012246338095636092,0.008516538196831808,0.4028084386759445,-0.024050927840438163,0.4677785753126698,0.44372764747223165,0.16225463826855216
APP,original_no_message,equal_sequence,92,1,1,1839,0.15026990067684387,0.33182713230527183,-0.017600788478968843,-0.21687870416774294,0.008651128160252038,0.384279557795168,-0.03289794163697807,0.47339852838477425,0.4405005867477962,0.14767077853924987
APP,pairwise_ridge,rows,92,1,1,1839,0.20643004518386346,0.3447131642576013,-0.27225974792902585,0.028829477150853048,0.06191086857678227,0.4028084386759445,0.20440245344054114,0.4677785753126698,0.672181028753211,0.16225463826855216
APP,pairwise_ridge,equal_study,92,1,1,1839,0.20643004518386346,0.3447131642576013,-0.27225974792902585,0.028829477150853048,0.06191086857678227,0.4028084386759445,0.20440245344054114,0.4677785753126698,0.672181028753211,0.16225463826855216
APP,pairwise_ridge,equal_sequence,92,1,1,1839,0.1930191121455942,0.34736907899813385,-0.30709077350933756,0.03153346483760324,0.061186340416779485,0.384279557795168,0.2075751348723056,0.47339852838477425,0.6809736632570799,0.14767077853924987
APP,token_cnn,rows,92,1,1,1839,0.16436463268777635,0.33265846396584176,-0.013004216346234054,0.07969023601530731,0.003630607216260925,0.4028084386759445,-0.048269010393200695,0.4677785753126698,0.4195095649194691,0.16225463826855216
APP,token_cnn,equal_study,92,1,1,1839,0.16436463268777635,0.33265846396584176,-0.013004216346234054,0.07969023601530731,0.003630607216260925,0.4028084386759445,-0.048269010393200695,0.4677785753126698,0.4195095649194691,0.16225463826855216
APP,token_cnn,equal_sequence,92,1,1,1839,0.15083365398209295,0.3321987332212843,-0.021418424647923207,-0.04968845187269527,0.003492310327483418,0.384279557795168,-0.05493007440722658,0.47339852838477425,0.41846845397754767,0.14767077853924987
APP,training_equal_group_mean,rows,92,1,1,1839,0.17682040652028963,0.3323136050507451,-0.08977104387998658,,7.771561172376096e-16,0.4028084386759444,0.12068872462553115,0.46777857531267,0.5884672999382011,0.16225463826855208
APP,training_equal_group_mean,equal_study,92,1,1,1839,0.17682040652028963,0.3323136050507451,-0.08977104387998658,,7.771561172376096e-16,0.4028084386759444,0.12068872462553115,0.46777857531267,0.5884672999382011,0.16225463826855208
APP,training_equal_group_mean,equal_sequence,92,1,1,1839,0.16091160072606475,0.3336117117778636,-0.08966447064065286,,1.110223024625156e-16,0.384279557795168,0.11506877155342737,0.4733985283847744,0.5884672999382018,0.14767077853924984
APP,training_row_mean,rows,92,1,1,1839,0.17598275441988878,0.3319610920589731,-0.0846084666536,,1.665334536937734e-15,0.4028084386759444,0.11716704379362441,0.46777857531267,0.5849456191062944,0.16225463826855208
APP,training_row_mean,equal_study,92,1,1,1839,0.17598275441988878,0.3319610920589731,-0.0846084666536,,1.665334536937734e-15,0.4028084386759444,0.11716704379362441,0.46777857531267,0.5849456191062944,0.16225463826855208
APP,training_row_mean,equal_sequence,92,1,1,1839,0.16011353198768452,0.3332804972395249,-0.08426009242666432,,3.330669073875471e-16,0.384279557795168,0.11154709072151797,0.4733985283847744,0.5849456191062924,0.14767077853924984
APP,oracle_test_mean_diagnostic,rows,92,1,1,1839,0.16225463826855216,0.3288686900728905,0.0,,1.1102230246251581e-15,0.4028084386759445,1.2212453270876722e-15,0.4677785753126698,0.46777857531267103,0.16225463826855216
APP,oracle_test_mean_diagnostic,equal_study,92,1,1,1839,0.16225463826855216,0.3288686900728905,0.0,,1.1102230246251581e-15,0.4028084386759445,1.2212453270876722e-15,0.4677785753126698,0.46777857531267103,0.16225463826855216
APP,oracle_test_mean_diagnostic,equal_sequence,92,1,1,1839,0.14767077853924984,0.3284651670776934,2.220446049250313e-16,,5.5511151231257815e-17,0.384279557795168,2.220446049250313e-16,0.47339852838477425,0.4733985283847745,0.14767077853924987
Davis_S7,chemistry_tree,rows,76,1,1,118,0.09190087897270113,0.23784735968475754,-0.021457754924647743,0.016865961099067912,0.008864428485414294,0.2999505258202677,-0.0440644120645044,0.3423905333478167,0.2983261212833123,0.08997031793985509
Davis_S7,chemistry_tree,equal_study,76,1,1,118,0.09190087897270113,0.23784735968475754,-0.021457754924647743,0.016865961099067912,0.008864428485414294,0.2999505258202677,-0.0440644120645044,0.3423905333478167,0.2983261212833123,0.08997031793985509
Davis_S7,chemistry_tree,equal_sequence,76,1,1,118,0.07785180083432214,0.22291741141198548,-0.07210949855263915,0.007585618497747591,0.00858049590556575,0.2694726911695223,-0.0720952405767401,0.3709513014639574,0.2988560608872173,0.07261553128614476
Davis_S7,corrected_gnn,rows,76,1,1,118,0.1093027011570436,0.25242262814002736,-0.21487512392822872,0.11181539022182986,0.005857065421506223,0.2999505258202677,0.1403244783812055,0.3423905333478167,0.4827150117290222,0.08997031793985509
Davis_S7,corrected_gnn,equal_study,76,1,1,118,0.1093027011570436,0.25242262814002736,-0.21487512392822872,0.11181539022182986,0.005857065421506223,0.2999505258202677,0.1403244783812055,0.3423905333478167,0.4827150117290222,0.08997031793985509
Davis_S7,corrected_gnn,equal_sequence,76,1,1,118,0.08499755203038983,0.24001903689826468,-0.1705147717704243,0.07952373205406336,0.0057492909672582256,0.2694726911695223,0.11222911815228026,0.3709513014639574,0.48318041961623764,0.07261553128614476
Davis_S7,corrected_no_message,rows,76,1,1,118,0.10470895412497348,0.24697812703670136,-0.16381665112010757,0.11747784771196072,0.006577131563265529,0.2999505258202677,0.12312149051835997,0.3423905333478167,0.4655120238661767,0.08997031793985509
Davis_S7,corrected_no_message,equal_study,76,1,1,118,0.10470895412497348,0.24697812703670136,-0.16381665112010757,0.11747784771196072,0.006577131563265529,0.2999505258202677,0.12312149051835997,0.3423905333478167,0.4655120238661767,0.08997031793985509
Davis_S7,corrected_no_message,equal_sequence,76,1,1,118,0.0813945684423091,0.2342132430051162,-0.1208975132547081,0.07993761117784544,0.006455844469504258,0.2694726911695223,0.09494993397169071,0.3709513014639574,0.4659012354356481,0.07261553128614476
Davis_S7,guide_ridge,rows,76,1,1,118,0.7814547695577978,0.8287100512844426,-7.6856953209857295,0.12323028205268327,0.11500377846667494,0.2999505258202677,0.8287100512844425,0.3423905333478167,1.1711005846322593,0.08997031793985509
Davis_S7,guide_ridge,equal_study,76,1,1,118,0.7814547695577978,0.8287100512844426,-7.6856953209857295,0.12323028205268327,0.11500377846667494,0.2999505258202677,0.8287100512844425,0.3423905333478167,1.1711005846322593,0.08997031793985509
Davis_S7,guide_ridge,equal_sequence,76,1,1,118,0.7222975804430626,0.8017989906989273,-8.946874554932561,0.11317342992963748,0.11842043206404425,0.2694726911695223,0.8017989906989271,0.3709513014639574,1.1727502921628845,0.07261553128614476
Davis_S7,original_gnn,rows,76,1,1,118,0.11024337697075148,0.2533969274822252,-0.22533052561233458,0.11567251554714564,0.005832077421207847,0.2999505258202677,0.1436793158109309,0.3423905333478167,0.4860698491587476,0.08997031793985509
Davis_S7,original_gnn,equal_study,76,1,1,118,0.11024337697075148,0.2533969274822252,-0.22533052561233458,0.11567251554714564,0.005832077421207847,0.2999505258202677,0.1436793158109309,0.3423905333478167,0.4860698491587476,0.08997031793985509
Davis_S7,original_gnn,equal_sequence,76,1,1,118,0.08574558064518865,0.24109052066518608,-0.1808159924810624,0.08259106637252091,0.005675051728125598,0.2694726911695223,0.11554415376174343,0.3709513014639574,0.4864954552257008,0.07261553128614476
Davis_S7,original_no_message,rows,76,1,1,118,0.1057064541942345,0.24820970391786756,-0.17490364171991657,0.11007975491419494,0.006685854626491102,0.2999505258202677,0.12701554677187393,0.3423905333478167,0.46940608011969065,0.08997031793985509
Davis_S7,original_no_message,equal_study,76,1,1,118,0.1057064541942345,0.24820970391786756,-0.17490364171991657,0.11007975491419494,0.006685854626491102,0.2999505258202677,0.12701554677187393,0.3423905333478167,0.46940608011969065,0.08997031793985509
Davis_S7,original_no_message,equal_sequence,76,1,1,118,0.0821445607653681,0.23552878100438587,-0.13122577650329048,0.08600750569229833,0.006517433847993881,0.2694726911695223,0.09893764407312267,0.3709513014639574,0.46988894553708005,0.07261553128614476
Davis_S7,pairwise_ridge,rows,76,1,1,118,0.96984024910577,0.93658900046191,-9.779557873232209,0.03135487266026913,0.06193516584228964,0.2999505258202677,0.9365890004619093,0.3423905333478167,1.278979533809726,0.08997031793985509
Davis_S7,pairwise_ridge,equal_study,76,1,1,118,0.96984024910577,0.93658900046191,-9.779557873232209,0.03135487266026913,0.06193516584228964,0.2999505258202677,0.9365890004619093,0.3423905333478167,1.278979533809726,0.08997031793985509
Davis_S7,pairwise_ridge,equal_sequence,76,1,1,118,0.8999515747985543,0.9075415573328315,-11.393375891615454,-0.001176799014670313,0.06054720758985395,0.2694726911695223,0.9075415573328309,0.3709513014639574,1.2784928587967883,0.07261553128614476
Davis_S7,token_cnn,rows,76,1,1,118,0.10168500416532553,0.2431390182173184,-0.13020612234916928,0.10791294625860877,0.0033867058898164764,0.2999505258202677,0.10919002670801292,0.3423905333478167,0.45158056005582964,0.08997031793985509
Davis_S7,token_cnn,equal_study,76,1,1,118,0.10168500416532553,0.2431390182173184,-0.13020612234916928,0.10791294625860877,0.0033867058898164764,0.2999505258202677,0.10919002670801292,0.3423905333478167,0.45158056005582964,0.08997031793985509
Davis_S7,token_cnn,equal_sequence,76,1,1,118,0.07904539913623226,0.23013414744944813,-0.08854673010310044,0.04674440347033553,0.0032933023884788117,0.2694726911695223,0.08063491256274025,0.3709513014639574,0.45158621402669763,0.07261553128614476
Davis_S7,training_equal_group_mean,rows,76,1,1,118,0.15052409299543398,0.3000249088327421,-0.6730416924397102,,2.2204460492503128e-16,0.2999505258202677,0.24607676659038497,0.3423905333478167,0.5884672999382017,0.08997031793985509
Davis_S7,training_equal_group_mean,equal_study,76,1,1,118,0.15052409299543398,0.3000249088327421,-0.6730416924397102,,2.2204460492503128e-16,0.2999505258202677,0.24607676659038497,0.3423905333478167,0.5884672999382017,0.08997031793985509
Davis_S7,training_equal_group_mean,equal_sequence,76,1,1,118,0.11992874087839232,0.28598710882260325,-0.6515577143656461,,1.1102230246251564e-16,0.2694726911695224,0.2175159984742447,0.37095130146395733,0.588467299938202,0.07261553128614477
Davis_S7,training_row_mean,rows,76,1,1,118,0.14880328756715672,0.29805515514709807,-0.6539153242365032,,0.0,0.2999505258202677,0.242555085758476,0.3423905333478167,0.5849456191062927,0.08997031793985509
Davis_S7,training_row_mean,equal_study,76,1,1,118,0.14880328756715672,0.29805515514709807,-0.6539153242365032,,0.0,0.2999505258202677,0.242555085758476,0.3423905333478167,0.5849456191062927,0.08997031793985509
Davis_S7,training_row_mean,equal_sequence,76,1,1,118,0.11840909926935349,0.28413938483349305,-0.6306304887140066,,1.1102230246251564e-16,0.2694726911695224,0.21399431764233529,0.37095130146395733,0.5849456191062926,0.07261553128614477
Davis_S7,oracle_test_mean_diagnostic,rows,76,1,1,118,0.08997031793985509,0.2317861137419179,0.0,,5.551115123125782e-17,0.2999505258202677,-1.1102230246251565e-16,0.3423905333478167,0.3423905333478166,0.08997031793985509
Davis_S7,oracle_test_mean_diagnostic,equal_study,76,1,1,118,0.08997031793985509,0.2317861137419179,0.0,,5.551115123125782e-17,0.2999505258202677,-1.1102230246251565e-16,0.3423905333478167,0.3423905333478166,0.08997031793985509
Davis_S7,oracle_test_mean_diagnostic,equal_sequence,76,1,1,118,0.07261553128614477,0.21795993189426713,-2.220446049250313e-16,,1.1102230246251564e-16,0.2694726911695223,-1.6653345369377348e-16,0.3709513014639574,0.3709513014639572,0.07261553128614476
ENsiRNA_grouped,chemistry_tree,rows,150,10,17,2927,0.06564802667361666,0.21309429950216685,0.08746438071664053,0.3115475443133954,0.07559684064838154,0.2682167682213016,0.02503992113271758,0.5951393918688077,0.6201793130015253,0.07194023475507942
ENsiRNA_grouped,chemistry_tree,equal_study,150,10,17,2927,0.05950751481980837,0.20674033882276904,0.03621176210838528,0.2577724872749591,0.0979434087769217,0.24848209258188664,-0.026798612646807163,0.6483678167452196,0.6215692040984124,0.06174335033387328
ENsiRNA_grouped,chemistry_tree,equal_sequence,150,10,17,2927,0.04654760861961024,0.17822717961306966,-0.05520700762470443,0.15201294503232038,0.09066814683203747,0.21002928488442543,0.002037145221953973,0.6052276742177736,0.6072648194397275,0.04411230050906314
ENsiRNA_grouped,corrected_gnn,rows,150,10,17,2927,0.07117496323672436,0.22167805213923336,0.010637601072062575,0.1625032579268921,0.05743709983091178,0.2682167682213016,0.03070221889967939,0.5951393918688077,0.6258416107684871,0.07194023475507942
ENsiRNA_grouped,corrected_gnn,equal_study,150,10,17,2927,0.08096842545879454,0.23912063315179674,-0.31137077954083936,0.012620404010176153,0.13364895522335535,0.24848209258188664,-0.04691762224796858,0.6483678167452196,0.601450194497251,0.06174335033387328
ENsiRNA_grouped,corrected_gnn,equal_sequence,150,10,17,2927,0.044020482884488704,0.17106830584869898,0.00208145173828711,0.17174512530928554,0.06170757129263798,0.21002928488442543,0.023497405356083134,0.6052276742177736,0.6287250795738567,0.04411230050906314
ENsiRNA_grouped,corrected_no_message,rows,150,10,17,2927,0.07123716727972272,0.22197802696282598,0.009772938297328282,0.15775017110879475,0.057492647568496986,0.2682167682213016,0.029269413105448394,0.5951393918688077,0.6244088049742561,0.07194023475507942
ENsiRNA_grouped,corrected_no_message,equal_study,150,10,17,2927,0.08093150572547181,0.23879161575644042,-0.31077282473075707,0.015129199884210402,0.13547895604023732,0.24848209258188664,-0.04303753583790482,0.6483678167452196,0.6053302809073148,0.06174335033387328
ENsiRNA_grouped,corrected_no_message,equal_sequence,150,10,17,2927,0.04370184961795913,0.17057349010258718,0.009304681151681926,0.1826182346020489,0.06266749879560025,0.21002928488442543,0.021669788834201453,0.6052276742177736,0.626897463051975,0.04411230050906314
ENsiRNA_grouped,guide_ridge,rows,150,10,17,2927,0.09378818510393462,0.265091105448821,-0.3036958445192257,0.05582186379329776,0.11721321341065774,0.2682167682213016,-0.10779113963532483,0.5951393918688077,0.4873482522334829,0.07194023475507942
ENsiRNA_grouped,guide_ridge,equal_study,150,10,17,2927,0.07017448435297531,0.22294999543202051,-0.13655128809031591,0.12573700037981178,0.11199615911335205,0.24848209258188664,-0.05372405777145217,0.6483678167452196,0.5946437589737674,0.06174335033387328
ENsiRNA_grouped,guide_ridge,equal_sequence,150,10,17,2927,0.05024706726504922,0.1836272574839486,-0.13907156700489143,0.044730686764235306,0.08823303128533994,0.21002928488442543,0.0027484942187956385,0.6052276742177736,0.6079761684365692,0.04411230050906314
ENsiRNA_grouped,original_gnn,rows,150,10,17,2927,0.07117502216998109,0.2216782014104829,0.010636781874614365,0.16250150613958392,0.05743694795710112,0.2682167682213016,0.030702368170928973,0.5951393918688077,0.6258417600397367,0.07194023475507942
ENsiRNA_grouped,original_gnn,equal_study,150,10,17,2927,0.08096845449880169,0.23912070670683838,-0.31137124987500475,0.012619789225966321,0.13364893648525156,0.24848209258188664,-0.04691754869292697,0.6483678167452196,0.6014502680522926,0.06174335033387328
ENsiRNA_grouped,original_gnn,equal_sequence,150,10,17,2927,0.0440208662125831,0.17106927677524866,0.0020727619150411325,0.17173018846621826,0.06170660642013979,0.21002928488442543,0.02349837628263285,0.6052276742177736,0.6287260505004064,0.04411230050906314
ENsiRNA_grouped,original_no_message,rows,150,10,17,2927,0.07123723812433594,0.22197821626611886,0.009771953526935717,0.1577480151975742,0.057492426006942286,0.2682167682213016,0.029269602408741213,0.5951393918688077,0.6244089942775489,0.07194023475507942
ENsiRNA_grouped,original_no_message,equal_study,150,10,17,2927,0.0809315406349302,0.2387917090377095,-0.31077339012700134,0.01512843224973407,0.1354789228455399,0.24848209258188664,-0.043037442556635774,0.6483678167452196,0.6053303741885838,0.06174335033387328
ENsiRNA_grouped,original_no_message,equal_sequence,150,10,17,2927,0.043702310422809955,0.17057472141533897,0.009294234975773863,0.18260022389680594,0.0626661277436778,0.21002928488442543,0.021671020146953213,0.6052276742177736,0.6268986943647268,0.04411230050906314
ENsiRNA_grouped,pairwise_ridge,rows,150,10,17,2927,0.0736896229433976,0.23344311494854972,-0.024317243254403875,0.05803598030160315,0.053546989285792976,0.2682167682213016,-0.023434096684095795,0.5951393918688077,0.5717052951847119,0.07194023475507942
ENsiRNA_grouped,pairwise_ridge,equal_study,150,10,17,2927,0.06657494622208979,0.21330681114636726,-0.07825289463707352,0.12691954783066808,0.10192916861703048,0.24848209258188664,-0.029515567546315014,0.6483678167452196,0.6188522491989046,0.06174335033387328
ENsiRNA_grouped,pairwise_ridge,equal_sequence,150,10,17,2927,0.04668940772833094,0.18459350138133315,-0.058421510316341685,0.09882335265061862,0.05659593365492062,0.21002928488442543,-0.04151379356285745,0.6052276742177736,0.5637138806549161,0.04411230050906314
ENsiRNA_grouped,token_cnn,rows,150,10,17,2927,0.07174938195037416,0.22481040033619687,0.0026529355284289347,0.14349761390378574,0.06798215329116532,0.2682167682213016,0.020509306524570947,0.5951393918688077,0.6156486983933787,0.07194023475507942
ENsiRNA_grouped,token_cnn,equal_study,150,10,17,2927,0.08159376667437895,0.23981279100382166,-0.3214988534500607,0.04776656278723892,0.14453514025209388,0.24848209258188664,-0.04889809704312609,0.6483678167452196,0.5994697197020935,0.06174335033387328
ENsiRNA_grouped,token_cnn,equal_sequence,150,10,17,2927,0.04637319027580621,0.1726953026420013,-0.051253045990620194,0.1706016026446265,0.07657896316715603,0.21002928488442543,0.04340973124020653,0.6052276742177736,0.6486374054579801,0.04411230050906314
ENsiRNA_grouped,training_equal_group_mean,rows,150,10,17,2927,0.07689739902542786,0.22473262555386608,-0.0689067013365352,-0.09484606413919927,0.024996598372433513,0.2682167682213015,0.05532216707740589,0.5951393918688075,0.6504615589462134,0.07194023475507938
ENsiRNA_grouped,training_equal_group_mean,equal_study,150,10,17,2927,0.06635833729391681,0.22042603819508433,-0.07474467995481793,-0.12069809631121345,0.02862753694433731,0.24848209258188658,-0.04558833295005382,0.6483678167452196,0.6027794837951658,0.06174335033387326
ENsiRNA_grouped,training_equal_group_mean,equal_sequence,150,10,17,2927,0.04743689939707269,0.17316969587282965,-0.07536670837029891,-0.0766015233808717,0.02238793882371864,0.21002928488442546,0.04585847301110335,0.6052276742177735,0.6510861472288768,0.044112300509063146
ENsiRNA_grouped,training_row_mean,rows,150,10,17,2927,0.07237223234541026,0.22913383516908548,-0.006004951079206622,-0.07256826143413138,0.008845869013270094,0.2682167682213015,0.003065251754906795,0.5951393918688075,0.5982046436237143,0.07194023475507938
ENsiRNA_grouped,training_row_mean,equal_study,150,10,17,2927,0.06581340250008297,0.2224224338755378,-0.06591887457031675,-0.09617605371085185,0.005855786375878609,0.24848209258188658,-0.061285222112117066,0.6483678167452196,0.5870825946331025,0.06174335033387326
ENsiRNA_grouped,training_row_mean,equal_sequence,150,10,17,2927,0.04448493900202249,0.18107092750707346,-0.008447496246149822,-0.03523694551616819,0.0015720347999141284,0.21002928488442546,-0.018625214071822827,0.6052276742177735,0.5866024601459506,0.044112300509063146
ENsiRNA_grouped,oracle_test_mean_diagnostic,rows,150,10,17,2927,0.07194023475507942,0.2292839315497281,0.0,,8.88178419700126e-16,0.2682167682213016,-9.992007221626409e-16,0.5951393918688077,0.5951393918688067,0.07194023475507942
ENsiRNA_grouped,oracle_test_mean_diagnostic,equal_study,150,10,17,2927,0.061743350333873286,0.20934631479231147,-2.220446049250313e-16,,5.551115123125776e-16,0.24848209258188664,3.3306690738754696e-16,0.6483678167452196,0.6483678167452199,0.06174335033387328
ENsiRNA_grouped,oracle_test_mean_diagnostic,equal_sequence,150,10,17,2927,0.044112300509063146,0.17806647450066046,-2.220446049250313e-16,,1.110223024625157e-15,0.21002928488442543,7.771561172376096e-16,0.6052276742177736,0.6052276742177743,0.04411230050906314
