population,method,seed,sequence_components,n,mse,mae,r_squared,correlation,prediction_sd,label_sd,mean_bias,label_mean,prediction_mean,oracle_test_mean_mse
b2outer0,activity_gnn,1103,3,48,0.7856159362555107,0.5557798298385409,-0.45879867824891574,0.05522904693782907,0.06015633789882476,0.7338502756566931,0.4983344048394096,0.22029861111111115,0.7186330159505208,0.5385362270814045
b2outer0,activity_gnn,2207,3,48,0.8217199036739116,0.57403475031058,-0.5258396043794866,0.10038299788223906,0.0501744823353128,0.7338502756566931,0.5367108288870917,0.22029861111111115,0.7570094399982028,0.5385362270814045
b2outer0,activity_gnn,3301,3,48,0.8112432066842363,0.5694136885854933,-0.5063855798165455,0.3424188399331019,0.045886523665840194,0.7338502756566931,0.5419063753684361,0.22029861111111115,0.7622049864795473,0.5385362270814045
b2outer0,activity_gnn,4409,3,48,0.7543463062623088,0.526533307533794,-0.40073456218625525,0.20032210763208935,0.10815944134336238,0.7338502756566931,0.4857076095342636,0.22029861111111115,0.7060062206453748,0.5385362270814045
b2outer0,activity_gnn,5519,3,48,0.7715455315412344,0.5423448161999385,-0.432671550663589,0.16901921595936598,0.07715242856464402,0.7338502756566931,0.49618139731884003,0.22029861111111115,0.7164800084299512,0.5385362270814045
b2outer0,activity_gnn,6637,3,48,0.741511499703732,0.5319579035653009,-0.37690179864472895,0.21161372312517676,0.052765823484260614,0.7338502756566931,0.46538085938824547,0.22029861111111115,0.6856794704993566,0.5385362270814045
b2outer0,activity_gnn,7753,3,48,0.767400623362823,0.5388713351700042,-0.4249749316248388,0.22369154727386634,0.08322805743895828,0.7338502756566931,0.4992617289357715,0.22029861111111115,0.7195603400468826,0.5385362270814045
b2outer0,activity_gnn,8867,3,48,0.8016089884513928,0.569157965376642,-0.4884959416671195,0.048398442702661165,0.02297925763173213,0.7338502756566931,0.5139815496206284,0.22029861111111115,0.7342801607317395,0.5385362270814045
b2outer0,activity_gnn,9973,3,48,0.7106488812667175,0.5264610357999802,-0.3195934563549738,-0.20747023153681132,0.019233831188542043,0.7338502756566931,0.4072909673187468,0.22029861111111115,0.627589578429858,0.5385362270814045
b2outer0,activity_gnn,11027,3,48,0.7309606678358691,0.5223408911572562,-0.3573101141167574,0.2875498078602116,0.07104512801617607,0.7338502756566931,0.46621958780288697,0.22029861111111115,0.6865181989139981,0.5385362270814045
b2outer0,pair_gnn,1103,3,48,0.6007539829873708,0.4742004503104422,-0.11553123592660652,0.12176906232873674,0.06606740759984593,0.7338502756566931,0.26393267132838566,0.22029861111111115,0.4842312824394968,0.5385362270814045
b2outer0,pair_gnn,2207,3,48,0.6265547769648911,0.48554640096955837,-0.16344035082004216,0.20682399683385105,0.05376177977944838,0.7338502756566931,0.3185088935958015,0.22029861111111115,0.5388075047069126,0.5385362270814045
b2outer0,pair_gnn,3301,3,48,0.9766530068162426,0.6704460976309247,-0.8135326050565079,0.14769353812485936,0.08245320916224459,0.7338502756566931,0.6702175921996435,0.22029861111111115,0.8905162033107547,0.5385362270814045
b2outer0,pair_gnn,4409,3,48,0.6383904411800085,0.49151218516164363,-0.1854178216380422,0.12830492205231805,0.09909558436967647,0.7338502756566931,0.3296896818743811,0.22029861111111115,0.5499882929854922,0.5385362270814045
b2outer0,pair_gnn,5519,3,48,0.748313561933875,0.531348120130433,-0.38953244796428677,0.12696084392432513,0.08796849169521825,0.7338502756566931,0.46736599373817445,0.22029861111111115,0.6876646048492856,0.5385362270814045
b2outer0,pair_gnn,6637,3,48,0.7497374836345666,0.5334336241722107,-0.3921765072291732,0.23757290540915396,0.07093449248763921,0.7338502756566931,0.4805240998797946,0.22029861111111115,0.7008227109909058,0.5385362270814045
b2outer0,pair_gnn,7753,3,48,0.5654880965093746,0.45859673749208457,-0.05004652996890413,0.2192245174171143,0.08671153812123254,0.7338502756566931,0.21756132809321083,0.22029861111111115,0.437859939204322,0.5385362270814045
b2outer0,pair_gnn,8867,3,48,0.700735163517433,0.5140005269209544,-0.3011848196639717,0.08037229743991005,0.09189829038306416,0.7338502756566931,0.40570209458139206,0.22029861111111115,0.6260007056925032,0.5385362270814045
b2outer0,pair_gnn,9973,3,48,0.5804524285698458,0.47570258351034594,-0.07783357809669744,0.045239928598037764,0.07836806685163018,0.7338502756566931,0.20243068653345103,0.22029861111111115,0.4227292976445622,0.5385362270814045
b2outer0,pair_gnn,11027,3,48,0.6615944885409739,0.4956861754629348,-0.2285050759286582,0.26685480410883755,0.07264947430335819,0.7338502756566931,0.38240609600808884,0.22029861111111115,0.6027047071192,0.5385362270814045
b2outer0,pair_no_message,1103,3,48,0.8947296913043159,0.6121642246935103,-0.6614104053004954,0.10521046923944252,0.07332590116329638,0.7338502756566931,0.6017803387641907,0.22029861111111115,0.8220789498753018,0.5385362270814045
b2outer0,pair_no_message,2207,3,48,0.6056872300884232,0.4777835785640611,-0.12469170991697887,0.11718696329829398,0.06361656054997776,0.7338502756566931,0.27211337736580105,0.22029861111111115,0.4924119884769122,0.5385362270814045
b2outer0,pair_no_message,3301,3,48,0.7279346929264989,0.5211346842156516,-0.3516912258095224,0.2534047172140375,0.07874531026783974,0.7338502756566931,0.4609607080750995,0.22029861111111115,0.6812593191862106,0.5385362270814045
b2outer0,pair_no_message,4409,3,48,0.7155669970382885,0.5256200007677079,-0.3287258332021632,0.017369279613159348,0.08976618009688828,0.7338502756566931,0.4138371699518628,0.22029861111111115,0.634135781062974,0.5385362270814045
b2outer0,pair_no_message,5519,3,48,0.5365713140403972,0.46236856432490886,0.0036486181285447783,0.17060695685434557,0.09751694634748236,0.7338502756566931,0.11377068229516346,0.22029861111111115,0.3340692934062746,0.5385362270814045
b2outer0,pair_no_message,6637,3,48,0.5651479516919133,0.6065614132536783,-0.049414920059753564,0.19383169473678954,0.074590597196483,0.7338502756566931,-0.20559186288383277,0.22029861111111115,0.014706748227278384,0.5385362270814045
b2outer0,pair_no_message,7753,3,48,0.5237560502312066,0.5241145153111882,0.027445093026144174,0.21288573916907458,0.09343216766219621,0.7338502756566931,-0.07538812324735861,0.22029861111111115,0.14491048786375255,0.5385362270814045
b2outer0,pair_no_message,8867,3,48,0.8917060363714656,0.6117668839772543,-0.6557958249235412,0.07176113009781897,0.08780342163145696,0.7338502756566931,0.595573809756173,0.22029861111111115,0.8158724208672842,0.5385362270814045
b2outer0,pair_no_message,9973,3,48,0.5904803327345417,0.4768814991633098,-0.09645424586317652,0.014326100550565022,0.09106379958386596,0.7338502756566931,0.21346249383025695,0.22029861111111115,0.4337611049413681,0.5385362270814045
b2outer0,pair_no_message,11027,3,48,0.5677338792816954,0.45049342149363625,-0.05421669097087034,0.24440374158594086,0.10472676198683044,0.7338502756566931,0.23621314964029527,0.22029861111111115,0.4565117607514064,0.5385362270814045
b2outer1,activity_gnn,1103,3,96,0.2389155692913834,0.393620720176167,-0.10853579668136581,0.4156913190904631,0.06988635025680907,0.464245139099784,-0.21326422037972353,0.5768433333333334,0.36357911295360984,0.21552354917777777
b2outer1,activity_gnn,2207,3,96,0.23869245973708372,0.3994604865190718,-0.10750059864778261,0.4586479505735574,0.10633619561645698,0.464245139099784,-0.23904980719712055,0.5768433333333334,0.33779352613621283,0.21552354917777777
b2outer1,activity_gnn,3301,3,96,0.2119952684289867,0.3502641401137246,0.016370743532442167,0.34231310588291813,0.12508042129568522,0.464245139099784,-0.14346242357254035,0.5768433333333334,0.433380909760793,0.21552354917777777
b2outer1,activity_gnn,4409,3,96,0.19183566444238745,0.3271661132677396,0.10990856834791185,0.4856185911792565,0.1281923527224166,0.464245139099784,-0.13296525983969376,0.5768433333333334,0.4438780734936396,0.21552354917777777
b2outer1,activity_gnn,5519,3,96,0.2430007087750336,0.41062099068747626,-0.1274902891219134,0.4655262054338849,0.11604784893616454,0.464245139099784,-0.253318335122135,0.5768433333333334,0.3235249982111984,0.21552354917777777
b2outer1,activity_gnn,6637,3,96,0.20659157707123008,0.35483166162941193,0.04144313760896745,0.48490181229292245,0.11530291375422137,0.464245139099784,-0.1722954060530663,0.5768433333333334,0.40454792728026706,0.21552354917777777
b2outer1,activity_gnn,7753,3,96,0.18275233273190317,0.29825340744548373,0.15205399396444974,0.4403503315692669,0.1358893660863328,0.464245139099784,-0.06574744177156033,0.5768433333333334,0.511095891561773,0.21552354917777777
b2outer1,activity_gnn,8867,3,96,0.22884670949503894,0.3841831171655655,-0.06181765458154809,0.482492468982309,0.07595872554578405,0.464245139099784,-0.2039170146878561,0.5768433333333334,0.37292631864547726,0.21552354917777777
b2outer1,activity_gnn,9973,3,96,0.19690995522872018,0.3417689734689394,0.086364548190063,0.5039342228795476,0.14061807208725519,0.464245139099784,-0.16555326126310566,0.5768433333333334,0.4112900720702277,0.21552354917777777
b2outer1,activity_gnn,11027,3,96,0.18768559758097164,0.32694646340582106,0.12916431500412784,0.5199688682183258,0.1457049508093459,0.464245139099784,-0.14586442949665923,0.5768433333333334,0.43097890383667414,0.21552354917777777
b2outer1,pair_gnn,1103,3,96,0.2119774219943184,0.36424521041101887,0.016453548565749987,0.46468619115585774,0.15571465820723418,0.464245139099784,-0.19847150106191636,0.5768433333333334,0.378371832271417,0.21552354917777777
b2outer1,pair_gnn,2207,3,96,0.21894882307023744,0.37116065540022314,-0.015892805707437008,0.4544069228714787,0.123162139453005,0.464245139099784,-0.20054923685683151,0.5768433333333334,0.37629409647650186,0.21552354917777777
b2outer1,pair_gnn,3301,3,96,0.19346910687516844,0.3020863144450717,0.10232961728194911,0.3302117802069256,0.11742748815531517,0.464245139099784,-0.012626399188836457,0.5768433333333334,0.5642169341444969,0.21552354917777777
b2outer1,pair_gnn,4409,3,96,0.17745665865596227,0.28293741177479426,0.17662520252214042,0.4837031566519724,0.11807056112902173,0.464245139099784,-0.031930488602585294,0.5768433333333334,0.5449128447307481,0.21552354917777777
b2outer1,pair_gnn,5519,3,96,0.23512932367742068,0.39720869722684227,-0.09096813120626002,0.4540316566890952,0.11106077652677064,0.464245139099784,-0.2325736470582751,0.5768433333333334,0.3442696862750583,0.21552354917777777
b2outer1,pair_gnn,6637,3,96,0.17369414212721213,0.2753872237767113,0.19408276826427928,0.49448146268207455,0.12810000205563338,0.464245139099784,-0.02396691549777996,0.5768433333333334,0.5528764178355534,0.21552354917777777
b2outer1,pair_gnn,7753,3,96,0.2560325767087806,0.42425895908859046,-0.18795638660157898,0.4409816653753622,0.12209685340375173,0.464245139099784,-0.27494290198511556,0.5768433333333334,0.3019004313482178,0.21552354917777777
b2outer1,pair_gnn,8867,3,96,0.2044782214635914,0.3483526488950518,0.051248820633867154,0.47131015414630406,0.10728210528699021,0.464245139099784,-0.15618134100198755,0.5768433333333334,0.4206619923313458,0.21552354917777777
b2outer1,pair_gnn,9973,3,96,0.20019979942969926,0.3434143897093667,0.07110011785968917,0.48089739101345913,0.13858146094279664,0.464245139099784,-0.1653760455611018,0.5768433333333334,0.41146728777223157,0.21552354917777777
b2outer1,pair_gnn,11027,3,96,0.17310025171067284,0.29344759102079604,0.19683833914646354,0.5216466475288202,0.14628161723153532,0.464245139099784,-0.08383907999224144,0.5768433333333334,0.49300425334109194,0.21552354917777777
b2outer1,pair_no_message,1103,3,96,0.19115030096147623,0.2692376812023587,0.1130885618267028,0.43201201710083087,0.13556149038697363,0.464245139099784,0.10782447713322107,0.5768433333333334,0.6846678104665544,0.21552354917777777
b2outer1,pair_no_message,2207,3,96,0.2320973356540526,0.38607249418669276,-0.07690011852302825,0.40991519603342913,0.11673186607751022,0.464245139099784,-0.2176599909096295,0.5768433333333334,0.35918334242370387,0.21552354917777777
b2outer1,pair_no_message,3301,3,96,0.20924380556150285,0.3531393374938435,0.029137157587800222,0.4178105159238168,0.11793981748833973,0.464245139099784,-0.15988496898571658,0.5768433333333334,0.4169583643476168,0.21552354917777777
b2outer1,pair_no_message,4409,3,96,0.1776646177609666,0.2848571336695883,0.1756603005158508,0.4768350301770367,0.12197863569671714,0.464245139099784,-0.03559070685466137,0.5768433333333334,0.541252626478672,0.21552354917777777
b2outer1,pair_no_message,5519,3,96,0.1779010207698582,0.2926772450825903,0.17456342265821767,0.4765312867755433,0.12871169043290998,0.464245139099784,-0.052534374186992805,0.5768433333333334,0.5243089591463406,0.21552354917777777
b2outer1,pair_no_message,6637,3,96,0.18142613003561936,0.28039132682508894,0.15820739437634568,0.42406067868502395,0.12864129271792507,0.464245139099784,0.0021759315435090354,0.5768433333333334,0.5790192648768424,0.21552354917777777
b2outer1,pair_no_message,7753,3,96,0.23431436818426998,0.39625453299336966,-0.08718684838932522,0.4601517396094978,0.13101437397919113,0.464245139099784,-0.24000307214551508,0.5768433333333334,0.3368402611878183,0.21552354917777777
b2outer1,pair_no_message,8867,3,96,0.17344314946157707,0.27773258609904183,0.19524734014792078,0.48796095327503114,0.1313520127856376,0.464245139099784,-0.013323346531656122,0.5768433333333334,0.5635199868016773,0.21552354917777777
b2outer1,pair_no_message,9973,3,96,0.19542570971273854,0.3405060893347528,0.0932512458230782,0.5120095131913474,0.1380624394305988,0.464245139099784,-0.16271212258895246,0.5768433333333334,0.4141312107443809,0.21552354917777777
b2outer1,pair_no_message,11027,3,96,0.18510205920402356,0.31626050137758255,0.1411515822276136,0.5028635172961743,0.13820596427756182,0.464245139099784,-0.1225011159210736,0.5768433333333334,0.4543422174122598,0.21552354917777777
b2outer2,activity_gnn,1103,3,96,0.3829420627305884,0.4518378116657999,0.01894082708391409,0.4160011916072465,0.09697952931549172,0.6247682265053316,-0.18333710839721884,0.5447122222222222,0.3613751138250033,0.3903353368506173
b2outer2,activity_gnn,2207,3,96,0.37953985059689616,0.44436773140933783,0.027656953482160906,0.4120166053131968,0.09140382576875386,0.6247682265053316,-0.1670546759536531,0.5447122222222222,0.37765754626856907,0.3903353368506173
b2outer2,activity_gnn,3301,3,96,0.3644396382762849,0.4111216897681025,0.06634218357802113,0.3951807209952212,0.0868108627977621,0.6247682265053316,-0.09713262727234095,0.5447122222222222,0.4475795949498812,0.3903353368506173
b2outer2,activity_gnn,4409,3,96,0.37513087532425643,0.39342364812665515,0.038952306109502066,0.210658408067446,0.12876322102727275,0.6247682265053316,-0.0459272968475023,0.5447122222222222,0.49878492537471986,0.3903353368506173
b2outer2,activity_gnn,5519,3,96,0.3618409090410136,0.3996287477400568,0.07299986734357222,0.4563873694569492,0.06715992301330737,0.6247682265053316,-0.07276389576037717,0.5447122222222222,0.471948326461845,0.3903353368506173
b2outer2,activity_gnn,6637,3,96,0.35780396707426176,0.3751101966632737,0.08334210793937258,0.32784658476862,0.11349415133169953,0.6247682265053316,-0.03288308458566658,0.5447122222222222,0.5118291376365556,0.3903353368506173
b2outer2,activity_gnn,7753,3,96,0.3628535491125453,0.4152917670962546,0.07040558500238825,0.3822536606412932,0.13947447247657607,0.6247682265053316,-0.14029844810936182,0.5447122222222222,0.40441377411286034,0.3903353368506173
b2outer2,activity_gnn,8867,3,96,0.36310697361140115,0.399599063393275,0.06975633684335503,0.3350274697729369,0.1241130210708268,0.6247682265053316,-0.09656556921243664,0.5447122222222222,0.4481466530097855,0.3903353368506173
b2outer2,activity_gnn,9973,3,96,0.3969072778756234,0.4349204665027725,-0.016836654037093446,,5.551115123125783e-17,0.6247682265053316,-0.08106750905884641,0.5447122222222222,0.46364471316337574,0.3903353368506173
b2outer2,activity_gnn,11027,3,96,0.3686100185582796,0.4089745636924108,0.05565808739640721,0.317619831608148,0.11756881529550998,0.6247682265053316,-0.10541669537994602,0.5447122222222222,0.43929552684227613,0.3903353368506173
b2outer2,pair_gnn,1103,3,96,0.32273564997658855,0.3726263389227125,0.17318362057468384,0.50988645455493,0.16872049886631954,0.6247682265053316,-0.10690743403673164,0.5447122222222222,0.4378047881854905,0.3903353368506173
b2outer2,pair_gnn,2207,3,96,0.33450218095977313,0.3437527759875192,0.14303894784758286,0.396372446679281,0.17881267816727126,0.6247682265053316,0.027487071748839464,0.5447122222222222,0.5721992939710616,0.3903353368506173
b2outer2,pair_gnn,3301,3,96,0.325127330411845,0.3363255152270529,0.167056375077124,0.4642257817773867,0.15514189526523584,0.6247682265053316,0.026752296318213187,0.5447122222222222,0.5714645185404353,0.3903353368506173
b2outer2,pair_gnn,4409,3,96,0.3602546427466925,0.3489211806130409,0.07706372255873095,0.32896673883193017,0.11221974578476364,0.6247682265053316,0.058776072889169084,0.5447122222222222,0.6034882951113912,0.3903353368506173
b2outer2,pair_gnn,5519,3,96,0.35534383647679857,0.42035854985025195,0.0896447158900453,0.49095841026589937,0.12166108339592527,0.6247682265053316,-0.15761522015306684,0.5447122222222222,0.3870970020691553,0.3903353368506173
b2outer2,pair_gnn,6637,3,96,0.35630763845266855,0.3774142575568623,0.08717555185369052,0.322161045719135,0.12802569709469538,0.6247682265053316,-0.03344725860860609,0.5447122222222222,0.5112649636136161,0.3903353368506173
b2outer2,pair_gnn,7753,3,96,0.3550420370979496,0.32057754575835334,0.09041789564180436,0.434634489890556,0.14243855509193956,0.6247682265053316,0.14756404233932507,0.5447122222222222,0.6922762645615472,0.3903353368506173
b2outer2,pair_gnn,8867,3,96,0.3305019014193377,0.34091949791643356,0.15328726298274664,0.4200247416747812,0.16740225424695387,0.6247682265053316,0.0013480230135388682,0.5447122222222222,0.546060245235761,0.3903353368506173
b2outer2,pair_gnn,9973,3,96,0.347108321717635,0.38630375856955845,0.11074327905271208,0.3892646207561501,0.1435208156358217,0.6247682265053316,-0.07735200667089881,0.5447122222222222,0.46736021555132334,0.3903353368506173
b2outer2,pair_gnn,11027,3,96,0.33806343687675283,0.33391820285320284,0.13391536722146447,0.4172018985502584,0.14192697811671534,0.6247682265053316,0.03965654015170206,0.5447122222222222,0.5843687623739242,0.3903353368506173
b2outer2,pair_no_message,1103,3,96,0.34130998840742505,0.37970131706343757,0.12559802768242423,0.43259744336580924,0.14590886177962167,0.6247682265053316,-0.09249728282663555,0.5447122222222222,0.4522149393955866,0.3903353368506173
b2outer2,pair_no_message,2207,3,96,0.3432872298445837,0.3992949558602439,0.1205325333484707,0.47622105338841975,0.14966391117540803,0.6247682265053316,-0.14003910184277424,0.5447122222222222,0.4046731203794479,0.3903353368506173
b2outer2,pair_no_message,3301,3,96,0.32069746818789746,0.32841964224894843,0.17840523797969765,0.4974770932008607,0.14980512137880533,0.6247682265053316,0.032276643212901246,0.5447122222222222,0.5769888654351234,0.3903353368506173
b2outer2,pair_no_message,4409,3,96,0.3710390120660222,0.3933375821153323,0.04943524954795431,0.2316765357928598,0.13714499332349733,0.6247682265053316,-0.039959902502165856,0.5447122222222222,0.5047523197200563,0.3903353368506173
b2outer2,pair_no_message,5519,3,96,0.34144521373915315,0.38017574662102593,0.12525159393953245,0.46085777582371823,0.12178644181894359,0.6247682265053316,-0.08006065332598156,0.5447122222222222,0.4646515688962406,0.3903353368506173
b2outer2,pair_no_message,6637,3,96,0.3539176727361667,0.3483665413657824,0.09329840441370996,0.35729166553311653,0.1198495506154523,0.6247682265053316,0.052202762229177746,0.5447122222222222,0.5969149844513999,0.3903353368506173
b2outer2,pair_no_message,7753,3,96,0.36126064653669765,0.315727714477645,0.07448644170549845,0.4624095868906246,0.12437679372466615,0.6247682265053316,0.16528865701251572,0.5447122222222222,0.7100008792347379,0.3903353368506173
b2outer2,pair_no_message,8867,3,96,0.367555883756482,0.4133816948387358,0.0583586750764844,0.3153939096429757,0.13780904920600154,0.6247682265053316,-0.11197871990044905,0.5447122222222222,0.4327335023217731,0.3903353368506173
b2outer2,pair_no_message,9973,3,96,0.3680205185911729,0.37528568706035614,0.05716832721190279,0.24160283864686585,0.13334974231735508,0.6247682265053316,0.012656575503879108,0.5447122222222222,0.5573687977261013,0.3903353368506173
b2outer2,pair_no_message,11027,3,96,0.3164402301052082,0.3405695265452067,0.18931185513877513,0.51012618777771,0.15319874762756155,0.6247682265053316,-0.01694629268884651,0.5447122222222222,0.5277659295333756,0.3903353368506173
b2outer3,activity_gnn,1103,3,72,0.21824437240342043,0.3550661002600634,-0.00208032481546061,0.19879336502500833,0.046386957984244886,0.46668115000099003,-0.08311589530794727,0.5733856481481482,0.4902697528402009,0.21779129576624656
b2outer3,activity_gnn,2207,3,72,0.21136700036588518,0.33771602458247435,0.029497484634356197,0.24121825451220197,0.08436578669188666,0.46668115000099003,-0.07384152903071167,0.5733856481481482,0.4995441191174365,0.21779129576624656
b2outer3,activity_gnn,3301,3,72,0.22529145953833202,0.378452266713425,-0.034437389913577254,0.32448464214794676,0.11535023679774307,0.46668115000099003,-0.1706741314190407,0.5733856481481482,0.4027115167291075,0.21779129576624656
b2outer3,activity_gnn,4409,3,72,0.21886840725875703,0.36208333842754364,-0.004945613132613547,0.2576333241230724,0.11465829902273444,0.46668115000099003,-0.12450670836722416,0.5733856481481482,0.448878939780924,0.21779129576624656
b2outer3,activity_gnn,5519,3,72,0.21974439670848617,0.36338732769136073,-0.008967764002542289,0.2107843604564794,0.10281894795517069,0.46668115000099003,-0.1077486756722133,0.5733856481481482,0.4656369724759349,0.21779129576624656
b2outer3,activity_gnn,6637,3,72,0.2271418480302629,0.3620314680254018,-0.0429335443876151,-0.002341854584816281,0.036702778644826246,0.46668115000099003,-0.08901254639051592,0.5733856481481482,0.48437310175763226,0.21779129576624656
b2outer3,activity_gnn,7753,3,72,0.21490400900681708,0.3285009062824425,0.013257126503936956,0.14147125183970144,0.06043480175853615,0.46668115000099003,-0.037952561064119705,0.5733856481481482,0.5354330870840285,0.21779129576624656
b2outer3,activity_gnn,8867,3,72,0.2063091046933322,0.3466346485539719,0.05272107423998296,0.33472778681484544,0.14673134047840342,0.46668115000099003,-0.11326899434151488,0.5733856481481482,0.4601166538066333,0.21779129576624656
b2outer3,activity_gnn,9973,3,72,0.19839658528955526,0.31221047592604606,0.08905181636601067,0.33952212529243864,0.09060471850929663,0.46668115000099003,-0.03329341885690351,0.5733856481481482,0.5400922292912447,0.21779129576624656
b2outer3,activity_gnn,11027,3,72,0.21302737219881002,0.35136081857681273,0.021873801478960897,0.28808503710595856,0.1639467227993494,0.46668115000099003,-0.11153836934124983,0.5733856481481482,0.46184727880689835,0.21779129576624656
b2outer3,pair_gnn,1103,3,72,0.2106485149139042,0.34452673000141426,0.03279644775156043,0.3146580703381887,0.0704131236039925,0.46668115000099003,-0.09262202789960083,0.5733856481481482,0.48076362024854735,0.21779129576624656
b2outer3,pair_gnn,2207,3,72,0.23102879809922475,0.3741689494742287,-0.0607806766859309,0.2169794255099508,0.12510673661276406,0.46668115000099003,-0.15140170106755363,0.5733856481481482,0.42198394708059456,0.21779129576624656
b2outer3,pair_gnn,3301,3,72,0.21012992804351,0.35130922021159416,0.035177566191439746,0.364710267295935,0.07575437799017015,0.46668115000099003,-0.11129785687305321,0.5733856481481482,0.462087791275095,0.21779129576624656
b2outer3,pair_gnn,4409,3,72,0.2166361086621347,0.3580542001839038,0.0053041013418263505,0.3298696113997524,0.15980421172505704,0.46668115000099003,-0.15003067502843015,0.5733856481481482,0.42335497311971804,0.21779129576624656
b2outer3,pair_gnn,5519,3,72,0.19703747190591686,0.33204649222338645,0.09529225576858957,0.3864584664896967,0.1309182713215915,0.46668115000099003,-0.09658963370676404,0.5733856481481482,0.47679601444138414,0.21779129576624656
b2outer3,pair_gnn,6637,3,72,0.21520882564412439,0.3532135207171794,0.01185754514677173,0.28762862986628057,0.14947367012927745,0.46668115000099003,-0.12330089343388884,0.5733856481481482,0.45008475471425935,0.21779129576624656
b2outer3,pair_gnn,7753,3,72,0.21604962403440425,0.3689830375693463,0.007996975846599641,0.37082584737534685,0.08637180609549065,0.46668115000099003,-0.14384994075828128,0.5733856481481482,0.4295357073898669,0.21779129576624656
b2outer3,pair_gnn,8867,3,72,0.20466929439882264,0.3462519358409775,0.06025034802817664,0.3724864759046001,0.1072556253096349,0.46668115000099003,-0.11253105627739879,0.5733856481481482,0.4608545918707494,0.21779129576624656
b2outer3,pair_gnn,9973,3,72,0.2211737638524167,0.37361586918786716,-0.015530777179453947,0.33224371812492764,0.10373679332891354,0.46668115000099003,-0.1574494063249341,0.5733856481481482,0.4159362418232141,0.21779129576624656
b2outer3,pair_gnn,11027,3,72,0.21190434809267014,0.3564927760009412,0.027030224751933285,0.3491087627896597,0.15674562288724153,0.46668115000099003,-0.14359189707394004,0.5733856481481482,0.42979375107420814,0.21779129576624656
b2outer3,pair_no_message,1103,3,72,0.22294582587821624,0.36829607599664604,-0.02366729163272896,0.2473158282823113,0.07484527154597485,0.46668115000099003,-0.1297291175029897,0.5733856481481482,0.4436565306451585,0.21779129576624656
b2outer3,pair_no_message,2207,3,72,0.24307663100449087,0.4050097235714948,-0.11609892465758964,0.3054001130883256,0.12137207659259479,0.46668115000099003,-0.21248797023208055,0.5733856481481482,0.36089767791606764,0.21779129576624656
b2outer3,pair_no_message,3301,3,72,0.20800022479967187,0.34348121500147716,0.04495620879671591,0.3426197894941163,0.0809112887407139,0.46668115000099003,-0.0976564566793266,0.5733856481481482,0.4757291914688216,0.21779129576624656
b2outer3,pair_no_message,4409,3,72,0.23657343102539805,0.3888147318080619,-0.08623914556856382,0.2780613859922392,0.16095092880550785,0.46668115000099003,-0.18614202268167784,0.5733856481481482,0.38724362546647034,0.21779129576624656
b2outer3,pair_no_message,5519,3,72,0.2006709858207257,0.3439879096892144,0.07860878868132515,0.3879383076899497,0.14490404705792267,0.46668115000099003,-0.11979306157562469,0.5733856481481482,0.4535925865725235,0.21779129576624656
b2outer3,pair_no_message,6637,3,72,0.21540800077536884,0.3534213720476186,0.010943022229114696,0.28615335233800643,0.1549004791091326,0.46668115000099003,-0.12245040827901282,0.5733856481481482,0.45093523986913536,0.21779129576624656
b2outer3,pair_no_message,7753,3,72,0.21691855441050872,0.3715935162575157,0.004007237078356596,0.3605509841759223,0.09806527942085061,0.46668115000099003,-0.15003948796148658,0.5733856481481482,0.4233461601866616,0.21779129576624656
b2outer3,pair_no_message,8867,3,72,0.21366753431185762,0.36590693232924837,0.018934464023828257,0.3748433582309467,0.1332023054772141,0.46668115000099003,-0.15727734592799802,0.5733856481481482,0.41610830222015016,0.21779129576624656
b2outer3,pair_no_message,9973,3,72,0.227971030268999,0.38365321175831335,-0.04674077752711603,0.2900475594470748,0.07319949519148936,0.46668115000099003,-0.15696527008127287,0.5733856481481482,0.4164203780668753,0.21779129576624656
b2outer3,pair_no_message,11027,3,72,0.2177288346664854,0.36582838520208993,0.0002867933704210346,0.3234796246488474,0.1269279068149981,0.46668115000099003,-0.14882670094039718,0.5733856481481482,0.424558947207751,0.21779129576624656
b2outer0,activity_gnn,ensemble,3,48,0.7668972347764,0.5439577672825919,-0.4240401967618732,0.20204159922016923,0.05252014144683278,0.7338502756566931,0.49109753090143204,0.22029861111111115,0.7113961420125432,0.5385362270814045
b2outer0,pair_gnn,ensemble,3,48,0.6662503226004445,0.4991306352867021,-0.23715042572193545,0.15967564604594253,0.07603208072071571,0.7338502756566931,0.3738339137832324,0.22029861111111115,0.5941325248943435,0.5385362270814045
b2outer0,pair_no_message,ensemble,3,48,0.5963705238483278,0.4698660453048018,-0.10739165511734683,0.14903844579923076,0.08109976732117241,0.7338502756566931,0.2626731743547651,0.22029861111111115,0.48297178546587627,0.5385362270814045
b2outer1,activity_gnn,ensemble,3,96,0.20804227872898207,0.35549601197017566,0.03471207892286832,0.4859606765064806,0.11028421737560519,0.464245139099784,-0.1735437599383461,0.5768433333333334,0.4032995733949873,0.21552354917777777
b2outer1,pair_gnn,ensemble,3,96,0.1950022357877081,0.33241117724948455,0.09521610732728969,0.48163281828600113,0.1215315450598314,0.464245139099784,-0.13804575568066707,0.5768433333333334,0.4387975776526663,0.21552354917777777
b2outer1,pair_no_message,ensemble,3,96,0.183690428868855,0.3059212950888607,0.1477013552828269,0.47965821055102714,0.12390292807867918,0.464245139099784,-0.08942092894474674,0.5768433333333334,0.48742240438858664,0.21552354917777777
b2outer2,activity_gnn,ensemble,3,96,0.3664920070960381,0.4109662268152502,0.061084220421744995,0.3765964819962337,0.09015809796655057,0.6247682265053316,-0.10224469105773498,0.5447122222222222,0.44246753116448717,0.3903353368506173
b2outer2,pair_gnn,ensemble,3,96,0.3322954445389632,0.34624373527288443,0.1486923853216655,0.44978452437651445,0.1365363004573822,0.6247682265053316,-0.007373787300851586,0.5447122222222222,0.5373384349213706,0.3903353368506173
b2outer2,pair_no_message,ensemble,3,96,0.3390544654392688,0.3601075519063738,0.13137645139971998,0.4215117737176632,0.13071611136244637,0.6247682265053316,-0.02190573151283781,0.5447122222222222,0.5228064907093843,0.3903353368506173
b2outer3,activity_gnn,ensemble,3,72,0.21056077508986104,0.34806369609347093,0.033199309692091505,0.292510365859703,0.0867612289219493,0.46668115000099003,-0.09449528297914411,0.5733856481481482,0.4788903651690041,0.21779129576624656
b2outer3,pair_gnn,ensemble,3,72,0.21030382350372828,0.3541714434526585,0.0343791161909176,0.35180795993726943,0.10926396206674188,0.46668115000099003,-0.1282665088443845,0.5733856481481482,0.4451191393037637,0.21779129576624656
b2outer3,pair_no_message,ensemble,3,72,0.21618160927924485,0.36655313310534865,0.007390958767835132,0.3499278624315497,0.107499326277963,0.46668115000099003,-0.1481367841861867,0.5733856481481482,0.4252488639619615,0.21779129576624656
