method,seed,n,mse,mae,r_squared,correlation,prediction_sd,label_sd,mean_bias,label_mean,prediction_mean,oracle_test_mean_mse
chemistry_tree,1103,140,0.0716292452632439,0.1778765683295164,-0.44762595667772076,-0.1386261850814912,0.018289322535747325,0.22244211040178385,0.1438273386694676,-0.13683625712892528,0.006991081540542324,0.049480492479999395
chemistry_tree,2207,140,0.07309656389417926,0.17953913749407574,-0.47728044387847923,-0.233499477199873,0.01861380750403662,0.22244211040178385,0.14606844602570845,-0.13683625712892528,0.00923218889678319,0.049480492479999395
chemistry_tree,3301,140,0.0716829805477544,0.17831273815696205,-0.4487119459599056,-0.1710520711222444,0.01752153749974852,0.22244211040178385,0.14339499082504828,-0.13683625712892528,0.006558733696123016,0.049480492479999395
chemistry_tree,4409,140,0.0714091980636021,0.17793580627311723,-0.443178806121757,-0.1025033941859757,0.020664897062601755,0.22244211040178385,0.1433851597246175,-0.13683625712892528,0.006548902595692201,0.049480492479999395
chemistry_tree,5519,140,0.07170018271339455,0.17812095879376585,-0.44905960146570134,-0.18021074964298672,0.01871105535933207,0.22244211040178385,0.14272164067238255,-0.13683625712892528,0.005885383543457279,0.049480492479999395
chemistry_tree,6637,140,0.07254310087648021,0.17915252156105105,-0.4660949647136796,-0.22527380394074367,0.01768906481270746,0.22244211040178385,0.14483402172948384,-0.13683625712892528,0.00799776460055856,0.049480492479999395
chemistry_tree,7753,140,0.0719075218491101,0.17816586837928886,-0.4532499222431139,-0.16964329064170863,0.018247665931110817,0.22244211040178385,0.143933564849418,-0.13683625712892528,0.0070973077204927225,0.049480492479999395
chemistry_tree,8867,140,0.07221666038376091,0.17853411504504482,-0.45949760732377,-0.1888884449881289,0.017929434288710133,0.22244211040178385,0.1445960939193594,-0.13683625712892528,0.00775983679043414,0.049480492479999395
chemistry_tree,9973,140,0.07129253242680664,0.17759810191193623,-0.4408209953776012,-0.142368356147756,0.015966677146070866,0.22244211040178385,0.14333812050097314,-0.13683625712892528,0.006501863372047853,0.049480492479999395
chemistry_tree,11027,140,0.07204976315882299,0.17821857321580714,-0.45612461694770645,-0.19262392341025822,0.01735776752696094,0.22244211040178385,0.14415442665667785,-0.13683625712892528,0.007318169527752585,0.049480492479999395
chemistry_tree,ensemble,140,0.07193877005693389,0.17832039164545724,-0.4538814480476818,-0.17702411604207385,0.01776749719355181,0.22244211040178374,0.1440253803573137,-0.1368362571289253,0.007189123228388387,0.049480492479999354
corrected_gnn,1103,140,0.06841602463057368,0.17394945188041594,-0.38268681659197834,-0.025309124127995068,0.0037280983105001785,0.22244211040178385,0.1374032620650073,-0.13683625712892528,0.0005670049360820224,0.049480492479999395
corrected_gnn,2207,140,0.0687567920850584,0.1741913152580447,-0.3895737216611317,-0.329544030069635,0.002161774153598629,0.22244211040178385,0.1376760361227362,-0.13683625712892528,0.000839778993810926,0.049480492479999395
corrected_gnn,3301,140,0.0687360283041608,0.17411996785962738,-0.38915408596518564,-0.14611178371014263,0.005604111125562771,0.22244211040178385,0.1373311570489801,-0.13683625712892528,0.0004948999200548445,0.049480492479999395
corrected_gnn,4409,140,0.06851683297736198,0.17402888791780963,-0.38472415174641417,-0.03672693796703591,0.002726082314740916,0.22244211040178385,0.13778376853793547,-0.13683625712892528,0.000947511409010206,0.049480492479999395
corrected_gnn,5519,140,0.06830858674330376,0.17379874962530323,-0.38051549852530075,-0.09634725501487608,0.0014594785762239353,0.22244211040178385,0.13697958245775219,-0.13683625712892528,0.00014332532882690432,0.049480492479999395
corrected_gnn,6637,140,0.06846558964065659,0.1739434867327163,-0.38368852469144676,-0.32819259436234166,0.0009817399301440296,0.22244211040178385,0.13726176361854275,-0.13683625712892528,0.0004255064896174839,0.049480492479999395
corrected_gnn,7753,140,0.06796229783901327,0.17326898098805474,-0.37351700503960106,0.26948959767911346,0.0011411881037536329,0.22244211040178385,0.13644530770935873,-0.13683625712892528,-0.0003909494195665632,0.049480492479999395
corrected_gnn,8867,140,0.06838636743355318,0.1738375032880938,-0.38208744509153325,-0.12558770752800283,0.0014849951765130219,0.22244211040178385,0.13718855676808217,-0.13683625712892528,0.0003522996391568864,0.049480492479999395
corrected_gnn,9973,140,0.06798791796967418,0.17347722918608713,-0.3740347874903571,0.19203978286260606,0.001142200280478289,0.22244211040178385,0.13639540052741456,-0.13683625712892528,-0.0004408566015107291,0.049480492479999395
corrected_gnn,11027,140,0.06785823776650067,0.17323286440504804,-0.37141395255776355,0.37276397682653223,0.0011095084265119728,0.22244211040178385,0.13623696861424306,-0.13683625712892528,-0.0005992885146822247,0.049480492479999395
corrected_gnn,ensemble,140,0.06833507332376675,0.17378019293253263,-0.3810507919133719,-0.09026267714625255,0.001589299943913875,0.22244211040178374,0.13707018034700527,-0.1368362571289253,0.00023392321807997574,0.049480492479999354
corrected_no_message,1103,140,0.0687722571994882,0.17434640987392339,-0.3898862713884015,-0.14507219097720536,0.0047004078051423575,0.22244211040178385,0.13771820875052584,-0.13683625712892528,0.0008819516216005596,0.049480492479999395
corrected_no_message,2207,140,0.06841927061615317,0.17386445288960772,-0.38275241791114056,-0.11500474913166171,0.002104925433069618,0.22244211040178385,0.13721024540819982,-0.13683625712892528,0.0003739882792745317,0.049480492479999395
corrected_no_message,3301,140,0.06831450879535883,0.1737940329820379,-0.3806351831072088,0.0051702062639120815,0.0038712468177336153,0.22244211040178385,0.1372149196895926,-0.13683625712892528,0.0003786625606673104,0.049480492479999395
corrected_no_message,4409,140,0.06856814607339065,0.17409351545534316,-0.3857611886362431,-0.12898262936630236,0.002995796458431787,0.22244211040178385,0.1375019017916461,-0.13683625712892528,0.0006656446627208164,0.049480492479999395
corrected_no_message,5519,140,0.06821947162141648,0.1736782000827399,-0.3787144832681606,-0.11508767868189854,0.00019952358535750529,0.22244211040178385,0.1368529268450791,-0.13683625712892528,1.6669716153826036e-05,0.049480492479999395
corrected_no_message,6637,140,0.06833418532024146,0.17381425492214658,-0.38103284537563886,-0.23768470247240756,0.0009341962068374984,0.22244211040178385,0.13694537662935796,-0.13683625712892528,0.00010911950043269569,0.049480492479999395
corrected_no_message,7753,140,0.06783992445314402,0.17323345406528382,-0.3710438407735275,0.31930454453175106,0.0012151251535254984,0.22244211040178385,0.13612702997569215,-0.13683625712892528,-0.000709227153233119,0.049480492479999395
corrected_no_message,8867,140,0.06812122478812317,0.1735128059213112,-0.3767289162624763,0.09509290047425481,0.002106651437903894,0.22244211040178385,0.13684084519645687,-0.13683625712892528,4.588067531585673e-06,0.049480492479999395
corrected_no_message,9973,140,0.06827975545176795,0.17373197539325627,-0.37993281856213224,-0.03630791895731752,0.0009408406719015212,0.22244211040178385,0.1370517440981919,-0.13683625712892528,0.000215486969266619,0.049480492479999395
corrected_no_message,11027,140,0.06797507348047542,0.173443435268363,-0.3737752005591244,0.3900048334340855,0.0010574949664750187,0.22244211040178385,0.13666362164177753,-0.13683625712892528,-0.00017263548714773996,0.049480492479999395
corrected_no_message,ensemble,140,0.06828100090528698,0.1737512536854013,-0.37995798915879897,-0.03442925157526115,0.0016520299076625263,0.22244211040178374,0.13701268200265201,-0.1368362571289253,0.00017642487372670853,0.049480492479999354
guide_ridge,0,140,0.06820465386001767,0.17366153803004042,-0.37841501653579557,-0.2042816954630283,7.675271535481704e-09,0.22244211040178385,0.13683625500018795,-0.13683625712892528,-2.1287373134068083e-09,0.049480492479999395
guide_ridge,ensemble,140,0.06820465386001766,0.17366153803004042,-0.37841501653579646,-0.20428169546302835,7.675271535481702e-09,0.22244211040178374,0.13683625500018798,-0.1368362571289253,-2.128737313406808e-09,0.049480492479999354
original_gnn,1103,140,0.06841602463057368,0.17394945188041594,-0.38268681659197834,-0.025309124127995068,0.0037280983105001785,0.22244211040178385,0.1374032620650073,-0.13683625712892528,0.0005670049360820224,0.049480492479999395
original_gnn,2207,140,0.0687567920850584,0.1741913152580447,-0.3895737216611317,-0.329544030069635,0.002161774153598629,0.22244211040178385,0.1376760361227362,-0.13683625712892528,0.000839778993810926,0.049480492479999395
original_gnn,3301,140,0.0687360283041608,0.17411996785962738,-0.38915408596518564,-0.14611178371014263,0.005604111125562771,0.22244211040178385,0.1373311570489801,-0.13683625712892528,0.0004948999200548445,0.049480492479999395
original_gnn,4409,140,0.06851683297736198,0.17402888791780963,-0.38472415174641417,-0.03672693796703591,0.002726082314740916,0.22244211040178385,0.13778376853793547,-0.13683625712892528,0.000947511409010206,0.049480492479999395
original_gnn,5519,140,0.06830858674330376,0.17379874962530323,-0.38051549852530075,-0.09634725501487608,0.0014594785762239353,0.22244211040178385,0.13697958245775219,-0.13683625712892528,0.00014332532882690432,0.049480492479999395
original_gnn,6637,140,0.06846558964065659,0.1739434867327163,-0.38368852469144676,-0.32819259436234166,0.0009817399301440296,0.22244211040178385,0.13726176361854275,-0.13683625712892528,0.0004255064896174839,0.049480492479999395
original_gnn,7753,140,0.06796229783901327,0.17326898098805474,-0.37351700503960106,0.26948959767911346,0.0011411881037536329,0.22244211040178385,0.13644530770935873,-0.13683625712892528,-0.0003909494195665632,0.049480492479999395
original_gnn,8867,140,0.06838636743355318,0.1738375032880938,-0.38208744509153325,-0.12558770752800283,0.0014849951765130219,0.22244211040178385,0.13718855676808217,-0.13683625712892528,0.0003522996391568864,0.049480492479999395
original_gnn,9973,140,0.06798791796967418,0.17347722918608713,-0.3740347874903571,0.19203978286260606,0.001142200280478289,0.22244211040178385,0.13639540052741456,-0.13683625712892528,-0.0004408566015107291,0.049480492479999395
original_gnn,11027,140,0.06785823776650067,0.17323286440504804,-0.37141395255776355,0.37276397682653223,0.0011095084265119728,0.22244211040178385,0.13623696861424306,-0.13683625712892528,-0.0005992885146822247,0.049480492479999395
original_gnn,ensemble,140,0.06833507332376675,0.17378019293253263,-0.3810507919133719,-0.09026267714625255,0.001589299943913875,0.22244211040178374,0.13707018034700527,-0.1368362571289253,0.00023392321807997574,0.049480492479999354
original_no_message,1103,140,0.0687722571994882,0.17434640987392339,-0.3898862713884015,-0.14507219097720536,0.0047004078051423575,0.22244211040178385,0.13771820875052584,-0.13683625712892528,0.0008819516216005596,0.049480492479999395
original_no_message,2207,140,0.06841927061615317,0.17386445288960772,-0.38275241791114056,-0.11500474913166171,0.002104925433069618,0.22244211040178385,0.13721024540819982,-0.13683625712892528,0.0003739882792745317,0.049480492479999395
original_no_message,3301,140,0.06831450879535883,0.1737940329820379,-0.3806351831072088,0.0051702062639120815,0.0038712468177336153,0.22244211040178385,0.1372149196895926,-0.13683625712892528,0.0003786625606673104,0.049480492479999395
original_no_message,4409,140,0.06856814607339065,0.17409351545534316,-0.3857611886362431,-0.12898262936630236,0.002995796458431787,0.22244211040178385,0.1375019017916461,-0.13683625712892528,0.0006656446627208164,0.049480492479999395
original_no_message,5519,140,0.06821947162141648,0.1736782000827399,-0.3787144832681606,-0.11508767868189854,0.00019952358535750529,0.22244211040178385,0.1368529268450791,-0.13683625712892528,1.6669716153826036e-05,0.049480492479999395
original_no_message,6637,140,0.06833418532024146,0.17381425492214658,-0.38103284537563886,-0.23768470247240756,0.0009341962068374984,0.22244211040178385,0.13694537662935796,-0.13683625712892528,0.00010911950043269569,0.049480492479999395
original_no_message,7753,140,0.06783992445314402,0.17323345406528382,-0.3710438407735275,0.31930454453175106,0.0012151251535254984,0.22244211040178385,0.13612702997569215,-0.13683625712892528,-0.000709227153233119,0.049480492479999395
original_no_message,8867,140,0.06812122478812317,0.1735128059213112,-0.3767289162624763,0.09509290047425481,0.002106651437903894,0.22244211040178385,0.13684084519645687,-0.13683625712892528,4.588067531585673e-06,0.049480492479999395
original_no_message,9973,140,0.06827975545176795,0.17373197539325627,-0.37993281856213224,-0.03630791895731752,0.0009408406719015212,0.22244211040178385,0.1370517440981919,-0.13683625712892528,0.000215486969266619,0.049480492479999395
original_no_message,11027,140,0.06797507348047542,0.173443435268363,-0.3737752005591244,0.3900048334340855,0.0010574949664750187,0.22244211040178385,0.13666362164177753,-0.13683625712892528,-0.00017263548714773996,0.049480492479999395
original_no_message,ensemble,140,0.06828100090528698,0.1737512536854013,-0.37995798915879897,-0.03442925157526115,0.0016520299076625263,0.22244211040178374,0.13701268200265201,-0.1368362571289253,0.00017642487372670853,0.049480492479999354
pairwise_ridge,0,140,0.06820465360091378,0.17366153675279805,-0.3784150112993099,0.012370128831472982,5.019488557130777e-09,0.22244211040178385,0.1368362567031778,-0.13683625712892528,-4.257474626813616e-10,0.049480492479999395
pairwise_ridge,ensemble,140,0.06820465360091375,0.173661536752798,-0.3784150112993103,0.012370128831472989,5.019488557130777e-09,0.22244211040178374,0.13683625670317784,-0.1368362571289253,-4.257474626813616e-10,0.049480492479999354
token_cnn,1103,140,0.0685771288201973,0.17411262938768024,-0.3859427298125011,-0.03374728697675063,0.007163312170698964,0.22244211040178385,0.13761459203604828,-0.13683625712892528,0.0007783349071230205,0.049480492479999395
token_cnn,2207,140,0.06822373691469837,0.17368265510418937,-0.3788006847804761,0.05360402818131362,0.0010092036623653394,0.22244211040178385,0.136990120133201,-0.13683625712892528,0.00015386300427573066,0.049480492479999395
token_cnn,3301,140,0.06880697764858434,0.17429850029907412,-0.3905879711362401,-0.1044000077130707,0.006687724155429699,0.22244211040178385,0.13773576891749786,-0.13683625712892528,0.0008995117885725838,0.049480492479999395
token_cnn,4409,140,0.06827683014707503,0.17375545174696969,-0.3798736981988071,-0.08357021702734542,0.0011253830517766643,0.22244211040178385,0.13694243492726457,-0.13683625712892528,0.00010617779833929876,0.049480492479999395
token_cnn,5519,140,0.06910241680514151,0.17528160866631282,-0.39655879199410826,-0.023895429453957236,0.010415474547180434,0.22244211040178385,0.13929364104257852,-0.13683625712892528,0.0024573839136532378,0.049480492479999395
token_cnn,6637,140,0.06824687164430362,0.1737159396150744,-0.3792682373137217,-0.11902780746831754,0.000496709005684995,0.22244211040178385,0.13689349844953533,-0.13683625712892528,5.724132061004639e-05,0.049480492479999395
token_cnn,7753,140,0.06819684668701155,0.17366161892205834,-0.37825723368815556,0.04259699660757728,0.00077730067094066,0.22244211040178385,0.1368593454138265,-0.13683625712892528,2.3088284901210235e-05,0.049480492479999395
token_cnn,8867,140,0.0682014212375165,0.17366501596106304,-0.37834968528424273,0.06039649983052692,0.001008670126131247,0.22244211040178385,0.1369197347111756,-0.13683625712892528,8.347758225032262e-05,0.049480492479999395
token_cnn,9973,140,0.06838404826921937,0.17385475947137746,-0.382040574815641,-0.06826014295455031,0.002224183535383866,0.22244211040178385,0.1372263280186026,-0.13683625712892528,0.00039007088967732016,0.049480492479999395
token_cnn,11027,140,0.06820657982119001,0.173663733183958,-0.37845394018177814,-0.11428962138885718,2.613457893139058e-05,0.22244211040178385,0.1368384369559342,-0.13683625712892528,2.1798270089285705e-06,0.049480492479999395
token_cnn,ensemble,140,0.06840869159925207,0.17396919123577576,-0.3825386161405677,-0.046847153267940235,0.0028788847014441835,0.22244211040178374,0.13733139006056647,-0.1368362571289253,0.0004951329316411699,0.049480492479999354
zero_interaction,deterministic,140,0.06820465374505276,0.17366153717854552,-0.37841501421235635,,0.0,0.22244211040178385,0.13683625712892528,-0.13683625712892528,0.0,0.049480492479999395
