a,b,difference,lower,upper,groups,weighting,bootstrap_resamples,analysis_seed,uncertainty,cohort,resampled_unit
original_gnn,original_no_message,-0.0004307913801809065,-0.00216097642144775,0.0015199449266904757,92,rows,10000,90413,conditional on fitted predictions and observed cohort,APP,sequence_group
original_gnn,original_no_message,-0.00133081784079144,-0.003339164040353943,0.0006623222942398349,92,equal_groups,10000,90413,conditional on fitted predictions and observed cohort,APP,sequence_group
corrected_gnn,corrected_no_message,-0.000568126410131271,-0.002408061471510597,0.0015208639784649754,92,rows,10000,90413,conditional on fitted predictions and observed cohort,APP,sequence_group
corrected_gnn,corrected_no_message,-0.001362613049736895,-0.0034671869779249074,0.0007582485903579899,92,equal_groups,10000,90413,conditional on fitted predictions and observed cohort,APP,sequence_group
corrected_gnn,chemistry_tree,-0.027093949229453823,-0.041964244996252974,-0.010482307667283407,92,rows,10000,90413,conditional on fitted predictions and observed cohort,APP,sequence_group
corrected_gnn,chemistry_tree,-0.029417276599319996,-0.04444363879216349,-0.014321090717837971,92,equal_groups,10000,90413,conditional on fitted predictions and observed cohort,APP,sequence_group
original_gnn,chemistry_tree,-0.027086045121840565,-0.042288926950362835,-0.010143837721937077,92,rows,10000,90413,conditional on fitted predictions and observed cohort,APP,sequence_group
original_gnn,chemistry_tree,-0.029423630854846946,-0.044680947324287124,-0.014054086227742563,92,equal_groups,10000,90413,conditional on fitted predictions and observed cohort,APP,sequence_group
corrected_gnn,original_gnn,-7.90410761325818e-06,-0.0003823141333397999,0.00031462874262351006,92,rows,10000,90413,conditional on fitted predictions and observed cohort,APP,sequence_group
corrected_gnn,original_gnn,6.354255526941891e-06,-0.0002838712822145292,0.0003035780828660973,92,equal_groups,10000,90413,conditional on fitted predictions and observed cohort,APP,sequence_group
corrected_no_message,original_no_message,0.00012943092233710642,-0.00037793869881099125,0.0005671926119649762,92,rows,10000,90413,conditional on fitted predictions and observed cohort,APP,sequence_group
corrected_no_message,original_no_message,3.8149464472397105e-05,-0.0003703207228417254,0.000437790571132853,92,equal_groups,10000,90413,conditional on fitted predictions and observed cohort,APP,sequence_group
corrected_gnn,token_cnn,-0.0018893090596691128,-0.005688696421565199,0.0024373582118113984,92,rows,10000,90413,conditional on fitted predictions and observed cohort,APP,sequence_group
corrected_gnn,token_cnn,-0.0018882168905135467,-0.005706975093319396,0.0019455664293475913,92,equal_groups,10000,90413,conditional on fitted predictions and observed cohort,APP,sequence_group
corrected_gnn,training_equal_group_mean,-0.014345082892182403,-0.02779798737467785,-0.0024528542391548894,92,rows,10000,90413,conditional on fitted predictions and observed cohort,APP,sequence_group
corrected_gnn,training_equal_group_mean,-0.01196616363448536,-0.024659439177867618,0.0005364198640758532,92,equal_groups,10000,90413,conditional on fitted predictions and observed cohort,APP,sequence_group
corrected_gnn,training_row_mean,-0.013507430791781634,-0.02657679654524648,-0.001948850698000186,92,rows,10000,90413,conditional on fitted predictions and observed cohort,APP,sequence_group
corrected_gnn,training_row_mean,-0.01116809489610511,-0.023524406762619313,0.0010030600107079125,92,equal_groups,10000,90413,conditional on fitted predictions and observed cohort,APP,sequence_group
corrected_gnn,guide_ridge,-0.13246122785932515,-0.1685384618994162,-0.09885348122022068,92,rows,10000,90413,conditional on fitted predictions and observed cohort,APP,sequence_group
corrected_gnn,guide_ridge,-0.12042905571066419,-0.15581737138561988,-0.08549661442555992,92,equal_groups,10000,90413,conditional on fitted predictions and observed cohort,APP,sequence_group
corrected_gnn,pairwise_ridge,-0.043954721555756304,-0.06755304137897129,-0.023901817130549695,92,rows,10000,90413,conditional on fitted predictions and observed cohort,APP,sequence_group
corrected_gnn,pairwise_ridge,-0.044073675054014806,-0.06622345389018865,-0.022258878696293293,92,equal_groups,10000,90413,conditional on fitted predictions and observed cohort,APP,sequence_group
corrected_gnn,original_no_message,-0.00043869548779416467,-0.0018559823225427093,0.0011514210297287563,92,rows,10000,90413,conditional on fitted predictions and observed cohort,APP,sequence_group
corrected_gnn,original_no_message,-0.0013244635852644978,-0.0030687446591809793,0.00041107829862489136,92,equal_groups,10000,90413,conditional on fitted predictions and observed cohort,APP,sequence_group
support_by_message_interaction,zero,-0.0001373350299503646,-0.00026734901712984415,1.9051941827909063e-05,92,rows,10000,90413,conditional four-ensemble loss interaction,APP,sequence_group
original_gnn,original_no_message,0.004536922776516998,0.0021937985997479126,0.006489435916739617,76,rows,10000,90413,conditional on fitted predictions and observed cohort,Davis_S7,sequence_group
original_gnn,original_no_message,0.0036010198798205797,0.0017588614664833394,0.005415840012376242,76,equal_groups,10000,90413,conditional on fitted predictions and observed cohort,Davis_S7,sequence_group
corrected_gnn,corrected_no_message,0.004593747032070116,0.0021532226710878418,0.006631049545569235,76,rows,10000,90413,conditional on fitted predictions and observed cohort,Davis_S7,sequence_group
corrected_gnn,corrected_no_message,0.0036029835880807422,0.0016848398584105514,0.005492134596579589,76,equal_groups,10000,90413,conditional on fitted predictions and observed cohort,Davis_S7,sequence_group
corrected_gnn,chemistry_tree,0.01740182218434246,-0.008409008924977913,0.03898731388414535,76,rows,10000,90413,conditional on fitted predictions and observed cohort,Davis_S7,sequence_group
corrected_gnn,chemistry_tree,0.007145751196067693,-0.013908855796784494,0.02786494933469006,76,equal_groups,10000,90413,conditional on fitted predictions and observed cohort,Davis_S7,sequence_group
original_gnn,chemistry_tree,0.01834249799805034,-0.007994871374845886,0.04032295603080599,76,rows,10000,90413,conditional on fitted predictions and observed cohort,Davis_S7,sequence_group
original_gnn,chemistry_tree,0.007893779810866532,-0.013494168273355216,0.02892961679330701,76,equal_groups,10000,90413,conditional on fitted predictions and observed cohort,Davis_S7,sequence_group
corrected_gnn,original_gnn,-0.000940675813707883,-0.0013657041915473536,-0.0004468871661907735,76,rows,10000,90413,conditional on fitted predictions and observed cohort,Davis_S7,sequence_group
corrected_gnn,original_gnn,-0.0007480286147988383,-0.0011074003563460296,-0.0003919699125407795,76,equal_groups,10000,90413,conditional on fitted predictions and observed cohort,Davis_S7,sequence_group
corrected_no_message,original_no_message,-0.000997500069261,-0.0015197760213506255,-0.0004073583160831131,76,rows,10000,90413,conditional on fitted predictions and observed cohort,Davis_S7,sequence_group
corrected_no_message,original_no_message,-0.000749992323059001,-0.0011955453695602053,-0.00030411663585935134,76,equal_groups,10000,90413,conditional on fitted predictions and observed cohort,Davis_S7,sequence_group
corrected_gnn,token_cnn,0.007617696991718066,0.0033638618557639776,0.011161964112217737,76,rows,10000,90413,conditional on fitted predictions and observed cohort,Davis_S7,sequence_group
corrected_gnn,token_cnn,0.005952152894157573,0.0023099619865048697,0.009562214914343354,76,equal_groups,10000,90413,conditional on fitted predictions and observed cohort,Davis_S7,sequence_group
corrected_gnn,training_equal_group_mean,-0.04122139183839041,-0.054143508938958064,-0.025794501333126035,76,rows,10000,90413,conditional on fitted predictions and observed cohort,Davis_S7,sequence_group
corrected_gnn,training_equal_group_mean,-0.034931188848002497,-0.046639289067691464,-0.023086749498355905,76,equal_groups,10000,90413,conditional on fitted predictions and observed cohort,Davis_S7,sequence_group
corrected_gnn,training_row_mean,-0.03950058641011315,-0.052013853152145795,-0.024578860770626845,76,rows,10000,90413,conditional on fitted predictions and observed cohort,Davis_S7,sequence_group
corrected_gnn,training_row_mean,-0.03341154723896366,-0.04472181599065337,-0.021958088209409376,76,equal_groups,10000,90413,conditional on fitted predictions and observed cohort,Davis_S7,sequence_group
corrected_gnn,guide_ridge,-0.672152068400754,-0.7566208472665678,-0.5699819074070347,76,rows,10000,90413,conditional on fitted predictions and observed cohort,Davis_S7,sequence_group
corrected_gnn,guide_ridge,-0.6373000284126731,-0.7202050501663926,-0.5535696027075199,76,equal_groups,10000,90413,conditional on fitted predictions and observed cohort,Davis_S7,sequence_group
corrected_gnn,pairwise_ridge,-0.8605375479487265,-0.9544900419839577,-0.7457243051224808,76,rows,10000,90413,conditional on fitted predictions and observed cohort,Davis_S7,sequence_group
corrected_gnn,pairwise_ridge,-0.8149540227681648,-0.9070833157639073,-0.7220061516982469,76,equal_groups,10000,90413,conditional on fitted predictions and observed cohort,Davis_S7,sequence_group
corrected_gnn,original_no_message,0.0035962469628091145,0.0017263726733322035,0.005168431669489501,76,rows,10000,90413,conditional on fitted predictions and observed cohort,Davis_S7,sequence_group
corrected_gnn,original_no_message,0.0028529912650217416,0.0013301007429515994,0.004345160594245622,76,equal_groups,10000,90413,conditional on fitted predictions and observed cohort,Davis_S7,sequence_group
support_by_message_interaction,zero,5.6824255553117333e-05,-0.00014217364097128857,0.00022932410271586214,76,rows,10000,90413,conditional four-ensemble loss interaction,Davis_S7,sequence_group
original_gnn,original_no_message,-6.221595435488766e-05,-0.0005333813221981731,0.00040649404530873086,150,rows,10000,90413,conditional on fitted predictions and observed cohort,ENsiRNA_grouped,sequence_group
original_gnn,original_no_message,3.6913863871473274e-05,-0.0015554079410421853,0.001616487636293219,10,equal_groups,10000,90413,conditional on fitted predictions and observed cohort,ENsiRNA_grouped,study_group
corrected_gnn,corrected_no_message,-6.22040429984168e-05,-0.0005333544511408409,0.000406538334498528,150,rows,10000,90413,conditional on fitted predictions and observed cohort,ENsiRNA_grouped,sequence_group
corrected_gnn,corrected_no_message,3.691973332271741e-05,-0.0015553963488759781,0.0016164877830295002,10,equal_groups,10000,90413,conditional on fitted predictions and observed cohort,ENsiRNA_grouped,study_group
corrected_gnn,chemistry_tree,0.005526936563107691,-0.0008708885537812479,0.01381471420842587,150,rows,10000,90413,conditional on fitted predictions and observed cohort,ENsiRNA_grouped,sequence_group
corrected_gnn,chemistry_tree,0.021460910638986176,0.006041112119484541,0.04076604072987614,10,equal_groups,10000,90413,conditional on fitted predictions and observed cohort,ENsiRNA_grouped,study_group
original_gnn,chemistry_tree,0.005526995496364433,-0.0008708885537812479,0.013814871832794586,150,rows,10000,90413,conditional on fitted predictions and observed cohort,ENsiRNA_grouped,sequence_group
original_gnn,chemistry_tree,0.021460939678993332,0.006041197061505459,0.04076604072987614,10,equal_groups,10000,90413,conditional on fitted predictions and observed cohort,ENsiRNA_grouped,study_group
corrected_gnn,original_gnn,-5.8933256740692624e-08,-4.5941699828845647e-07,0.0,150,rows,10000,90413,conditional on fitted predictions and observed cohort,ENsiRNA_grouped,sequence_group
corrected_gnn,original_gnn,-2.9040007151516386e-08,-8.712002145454915e-08,0.0,10,equal_groups,10000,90413,conditional on fitted predictions and observed cohort,ENsiRNA_grouped,study_group
corrected_no_message,original_no_message,-7.084461321155029e-08,-5.522725426454116e-07,0.0,150,rows,10000,90413,conditional on fitted predictions and observed cohort,ENsiRNA_grouped,sequence_group
corrected_no_message,original_no_message,-3.490945839565786e-08,-1.047283751869736e-07,0.0,10,equal_groups,10000,90413,conditional on fitted predictions and observed cohort,ENsiRNA_grouped,study_group
corrected_gnn,token_cnn,-0.0005744187136498424,-0.004580757503876832,0.00031949214407899586,150,rows,10000,90413,conditional on fitted predictions and observed cohort,ENsiRNA_grouped,sequence_group
corrected_gnn,token_cnn,-0.000625341215584404,-0.006118077062548467,0.004500293236838328,10,equal_groups,10000,90413,conditional on fitted predictions and observed cohort,ENsiRNA_grouped,study_group
corrected_gnn,training_equal_group_mean,-0.005722435788703498,-0.009111680704442033,0.009798829411528319,150,rows,10000,90413,conditional on fitted predictions and observed cohort,ENsiRNA_grouped,sequence_group
corrected_gnn,training_equal_group_mean,0.014610088164877726,-0.006535069875180856,0.03814128267574849,10,equal_groups,10000,90413,conditional on fitted predictions and observed cohort,ENsiRNA_grouped,study_group
corrected_gnn,training_row_mean,-0.0011972691086859137,-0.004103299594682556,0.011824139222430063,150,rows,10000,90413,conditional on fitted predictions and observed cohort,ENsiRNA_grouped,sequence_group
corrected_gnn,training_row_mean,0.015155022958711536,-0.00601160017123452,0.03828468945197169,10,equal_groups,10000,90413,conditional on fitted predictions and observed cohort,ENsiRNA_grouped,study_group
corrected_gnn,guide_ridge,-0.022613221867210265,-0.03009207420869523,0.004284638126305257,150,rows,10000,90413,conditional on fitted predictions and observed cohort,ENsiRNA_grouped,sequence_group
corrected_gnn,guide_ridge,0.010793941105819238,-0.0068937141847127455,0.031216996527806316,10,equal_groups,10000,90413,conditional on fitted predictions and observed cohort,ENsiRNA_grouped,study_group
corrected_gnn,pairwise_ridge,-0.002514659706673236,-0.004437623783524855,0.005348385478235291,150,rows,10000,90413,conditional on fitted predictions and observed cohort,ENsiRNA_grouped,sequence_group
corrected_gnn,pairwise_ridge,0.01439347923670473,-0.0012313841488102155,0.03309417315705138,10,equal_groups,10000,90413,conditional on fitted predictions and observed cohort,ENsiRNA_grouped,study_group
corrected_gnn,original_no_message,-6.227488761162836e-05,-0.000533515791760896,0.00040627491777279177,150,rows,10000,90413,conditional on fitted predictions and observed cohort,ENsiRNA_grouped,sequence_group
corrected_gnn,original_no_message,3.6884823864321777e-05,-0.00155546529505631,0.0016164869102930405,10,equal_groups,10000,90413,conditional on fitted predictions and observed cohort,ENsiRNA_grouped,study_group
support_by_message_interaction,zero,1.1911356470857237e-08,-2.1104909502311672e-21,9.285554435695122e-08,150,rows,10000,90413,conditional four-ensemble loss interaction,ENsiRNA_grouped,sequence_group
