partition,feature,active_training_nodes,nonzero_training_nodes,retained
7f94a8fe6dff,0,42537,9984,True
7f94a8fe6dff,1,42537,9464,True
7f94a8fe6dff,2,42537,9452,True
7f94a8fe6dff,3,42537,10118,True
7f94a8fe6dff,4,42537,3519,True
7f94a8fe6dff,5,42537,21265,True
7f94a8fe6dff,6,42537,21272,True
7f94a8fe6dff,7,42537,2006,True
7f94a8fe6dff,8,42537,2006,True
7f94a8fe6dff,9,42537,2006,True
7f94a8fe6dff,10,42537,2006,True
7f94a8fe6dff,11,42537,2006,True
7f94a8fe6dff,12,42537,2006,True
7f94a8fe6dff,13,42537,2006,True
7f94a8fe6dff,14,42537,2006,True
7f94a8fe6dff,15,42537,2006,True
7f94a8fe6dff,16,42537,2006,True
7f94a8fe6dff,17,42537,2006,True
7f94a8fe6dff,18,42537,2006,True
7f94a8fe6dff,19,42537,2006,True
7f94a8fe6dff,20,42537,2006,True
7f94a8fe6dff,21,42537,2006,True
7f94a8fe6dff,22,42537,2006,True
7f94a8fe6dff,23,42537,2006,True
7f94a8fe6dff,24,42537,2006,True
7f94a8fe6dff,25,42537,2006,True
7f94a8fe6dff,26,42537,2003,True
7f94a8fe6dff,27,42537,2003,True
7f94a8fe6dff,28,42537,191,True
7f94a8fe6dff,29,42537,190,True
7f94a8fe6dff,30,42537,36,True
7f94a8fe6dff,31,42537,0,False
7f94a8fe6dff,32,42537,0,False
7f94a8fe6dff,33,42537,0,False
7f94a8fe6dff,34,42537,0,False
7f94a8fe6dff,35,42537,0,False
7f94a8fe6dff,36,42537,0,False
7f94a8fe6dff,37,42537,0,False
7f94a8fe6dff,38,42537,0,False
7f94a8fe6dff,39,42537,0,False
7f94a8fe6dff,40,42537,0,False
7f94a8fe6dff,41,42537,0,False
7f94a8fe6dff,42,42537,0,False
7f94a8fe6dff,43,42537,0,False
7f94a8fe6dff,44,42537,0,False
7f94a8fe6dff,45,42537,0,False
7f94a8fe6dff,46,42537,0,False
7f94a8fe6dff,47,42537,167,True
7f94a8fe6dff,48,42537,0,False
7f94a8fe6dff,49,42537,1380,True
7f94a8fe6dff,50,42537,0,False
7f94a8fe6dff,51,42537,0,False
7f94a8fe6dff,52,42537,0,False
7f94a8fe6dff,53,42537,38,True
7f94a8fe6dff,54,42537,20,True
7f94a8fe6dff,55,42537,2996,True
7f94a8fe6dff,56,42537,0,False
7f94a8fe6dff,57,42537,0,False
7f94a8fe6dff,58,42537,632,True
7f94a8fe6dff,59,42537,8,True
7f94a8fe6dff,60,42537,10,True
7f94a8fe6dff,61,42537,10,True
7f94a8fe6dff,62,42537,0,False
7f94a8fe6dff,63,42537,0,False
7f94a8fe6dff,64,42537,91,True
7f94a8fe6dff,65,42537,7,True
7f94a8fe6dff,66,42537,149,True
7f94a8fe6dff,67,42537,26,True
7f94a8fe6dff,68,42537,22,True
7f94a8fe6dff,69,42537,0,False
7f94a8fe6dff,70,42537,0,False
7f94a8fe6dff,71,42537,38,True
7f94a8fe6dff,72,42537,163,True
7f94a8fe6dff,73,42537,8,True
7f94a8fe6dff,74,42537,7,True
7f94a8fe6dff,75,42537,8,True
7f94a8fe6dff,76,42537,0,False
7f94a8fe6dff,77,42537,3,True
7f94a8fe6dff,78,42537,2,True
7f94a8fe6dff,79,42537,188,True
7f94a8fe6dff,80,42537,268,True
7f94a8fe6dff,81,42537,61,True
7f94a8fe6dff,82,42537,0,False
7f94a8fe6dff,83,42537,36258,True
7f94a8fe6dff,84,42537,42537,True
7f94a8fe6dff,85,42537,0,False
7f94a8fe6dff,86,42537,337,True
7f94a8fe6dff,87,42537,2006,True
7f94a8fe6dff,88,42537,2006,True
7f94a8fe6dff,89,42537,0,False
7f94a8fe6dff,90,42537,0,False
7f94a8fe6dff,91,42537,0,False
7f94a8fe6dff,92,42537,0,False
429e99529369,0,100256,21732,True
429e99529369,1,100256,25896,True
429e99529369,2,100256,24690,True
429e99529369,3,100256,23569,True
429e99529369,4,100256,4369,True
429e99529369,5,100256,50196,True
429e99529369,6,100256,50060,True
429e99529369,7,100256,4666,True
429e99529369,8,100256,4666,True
429e99529369,9,100256,4666,True
429e99529369,10,100256,4666,True
429e99529369,11,100256,4666,True
429e99529369,12,100256,4666,True
429e99529369,13,100256,4666,True
429e99529369,14,100256,4666,True
429e99529369,15,100256,4666,True
429e99529369,16,100256,4666,True
429e99529369,17,100256,4666,True
429e99529369,18,100256,4666,True
429e99529369,19,100256,4666,True
429e99529369,20,100256,4666,True
429e99529369,21,100256,4666,True
429e99529369,22,100256,4666,True
429e99529369,23,100256,4666,True
429e99529369,24,100256,4666,True
429e99529369,25,100256,4666,True
429e99529369,26,100256,4666,True
429e99529369,27,100256,4666,True
429e99529369,28,100256,2172,True
429e99529369,29,100256,98,True
429e99529369,30,100256,0,False
429e99529369,31,100256,0,False
429e99529369,32,100256,0,False
429e99529369,33,100256,0,False
429e99529369,34,100256,0,False
429e99529369,35,100256,0,False
429e99529369,36,100256,0,False
429e99529369,37,100256,0,False
429e99529369,38,100256,0,False
429e99529369,39,100256,280,True
429e99529369,40,100256,275,True
429e99529369,41,100256,399,True
429e99529369,42,100256,407,True
429e99529369,43,100256,360,True
429e99529369,44,100256,44,True
429e99529369,45,100256,44,True
429e99529369,46,100256,42,True
429e99529369,47,100256,2574,True
429e99529369,48,100256,255,True
429e99529369,49,100256,1111,True
429e99529369,50,100256,47,True
429e99529369,51,100256,176,True
429e99529369,52,100256,87,True
429e99529369,53,100256,38,True
429e99529369,54,100256,20,True
429e99529369,55,100256,1361,True
429e99529369,56,100256,0,False
429e99529369,57,100256,1066,True
429e99529369,58,100256,632,True
429e99529369,59,100256,8,True
429e99529369,60,100256,10,True
429e99529369,61,100256,10,True
429e99529369,62,100256,0,False
429e99529369,63,100256,368,True
429e99529369,64,100256,1145,True
429e99529369,65,100256,7,True
429e99529369,66,100256,149,True
429e99529369,67,100256,26,True
429e99529369,68,100256,22,True
429e99529369,69,100256,0,False
429e99529369,70,100256,1798,True
429e99529369,71,100256,38,True
429e99529369,72,100256,3794,True
429e99529369,73,100256,8,True
429e99529369,74,100256,7,True
429e99529369,75,100256,8,True
429e99529369,76,100256,188,True
429e99529369,77,100256,3,True
429e99529369,78,100256,0,False
429e99529369,79,100256,188,True
429e99529369,80,100256,268,True
429e99529369,81,100256,61,True
429e99529369,82,100256,517,True
429e99529369,83,100256,82482,True
429e99529369,84,100256,100256,True
429e99529369,85,100256,0,False
429e99529369,86,100256,337,True
429e99529369,87,100256,4666,True
429e99529369,88,100256,4666,True
429e99529369,89,100256,0,False
429e99529369,90,100256,0,False
429e99529369,91,100256,0,False
429e99529369,92,100256,0,False
a62d87e0e45f,0,108045,22884,True
a62d87e0e45f,1,108045,28198,True
a62d87e0e45f,2,108045,27002,True
a62d87e0e45f,3,108045,24859,True
a62d87e0e45f,4,108045,5102,True
a62d87e0e45f,5,108045,54099,True
a62d87e0e45f,6,108045,53946,True
a62d87e0e45f,7,108045,5036,True
a62d87e0e45f,8,108045,5036,True
a62d87e0e45f,9,108045,5036,True
a62d87e0e45f,10,108045,5036,True
a62d87e0e45f,11,108045,5036,True
a62d87e0e45f,12,108045,5036,True
a62d87e0e45f,13,108045,5036,True
a62d87e0e45f,14,108045,5036,True
a62d87e0e45f,15,108045,5036,True
a62d87e0e45f,16,108045,5036,True
a62d87e0e45f,17,108045,5036,True
a62d87e0e45f,18,108045,5036,True
a62d87e0e45f,19,108045,5036,True
a62d87e0e45f,20,108045,5036,True
a62d87e0e45f,21,108045,5036,True
a62d87e0e45f,22,108045,5036,True
a62d87e0e45f,23,108045,5036,True
a62d87e0e45f,24,108045,5036,True
a62d87e0e45f,25,108045,5036,True
a62d87e0e45f,26,108045,5033,True
a62d87e0e45f,27,108045,5033,True
a62d87e0e45f,28,108045,2167,True
a62d87e0e45f,29,108045,92,True
a62d87e0e45f,30,108045,36,True
a62d87e0e45f,31,108045,0,False
a62d87e0e45f,32,108045,0,False
a62d87e0e45f,33,108045,0,False
a62d87e0e45f,34,108045,0,False
a62d87e0e45f,35,108045,0,False
a62d87e0e45f,36,108045,0,False
a62d87e0e45f,37,108045,0,False
a62d87e0e45f,38,108045,0,False
a62d87e0e45f,39,108045,280,True
a62d87e0e45f,40,108045,275,True
a62d87e0e45f,41,108045,399,True
a62d87e0e45f,42,108045,407,True
a62d87e0e45f,43,108045,360,True
a62d87e0e45f,44,108045,44,True
a62d87e0e45f,45,108045,44,True
a62d87e0e45f,46,108045,42,True
a62d87e0e45f,47,108045,2407,True
a62d87e0e45f,48,108045,255,True
a62d87e0e45f,49,108045,2095,True
a62d87e0e45f,50,108045,47,True
a62d87e0e45f,51,108045,176,True
a62d87e0e45f,52,108045,87,True
a62d87e0e45f,53,108045,0,False
a62d87e0e45f,54,108045,0,False
a62d87e0e45f,55,108045,3585,True
a62d87e0e45f,56,108045,0,False
a62d87e0e45f,57,108045,1066,True
a62d87e0e45f,58,108045,0,False
a62d87e0e45f,59,108045,0,False
a62d87e0e45f,60,108045,0,False
a62d87e0e45f,61,108045,0,False
a62d87e0e45f,62,108045,0,False
a62d87e0e45f,63,108045,368,True
a62d87e0e45f,64,108045,1054,True
a62d87e0e45f,65,108045,0,False
a62d87e0e45f,66,108045,0,False
a62d87e0e45f,67,108045,0,False
a62d87e0e45f,68,108045,0,False
a62d87e0e45f,69,108045,0,False
a62d87e0e45f,70,108045,1798,True
a62d87e0e45f,71,108045,0,False
a62d87e0e45f,72,108045,3631,True
a62d87e0e45f,73,108045,0,False
a62d87e0e45f,74,108045,0,False
a62d87e0e45f,75,108045,0,False
a62d87e0e45f,76,108045,188,True
a62d87e0e45f,77,108045,0,False
a62d87e0e45f,78,108045,2,True
a62d87e0e45f,79,108045,0,False
a62d87e0e45f,80,108045,0,False
a62d87e0e45f,81,108045,0,False
a62d87e0e45f,82,108045,517,True
a62d87e0e45f,83,108045,88962,True
a62d87e0e45f,84,108045,108045,True
a62d87e0e45f,85,108045,0,False
a62d87e0e45f,86,108045,0,False
a62d87e0e45f,87,108045,5036,True
a62d87e0e45f,88,108045,5036,True
a62d87e0e45f,89,108045,0,False
a62d87e0e45f,90,108045,0,False
a62d87e0e45f,91,108045,0,False
a62d87e0e45f,92,108045,0,False
39cdf044cc74,0,17374,4416,True
39cdf044cc74,1,17374,3581,True
39cdf044cc74,2,17374,3570,True
39cdf044cc74,3,17374,4414,True
39cdf044cc74,4,17374,1393,True
39cdf044cc74,5,17374,8681,True
39cdf044cc74,6,17374,8693,True
39cdf044cc74,7,17374,818,True
39cdf044cc74,8,17374,818,True
39cdf044cc74,9,17374,818,True
39cdf044cc74,10,17374,818,True
39cdf044cc74,11,17374,818,True
39cdf044cc74,12,17374,818,True
39cdf044cc74,13,17374,818,True
39cdf044cc74,14,17374,818,True
39cdf044cc74,15,17374,818,True
39cdf044cc74,16,17374,818,True
39cdf044cc74,17,17374,818,True
39cdf044cc74,18,17374,818,True
39cdf044cc74,19,17374,818,True
39cdf044cc74,20,17374,818,True
39cdf044cc74,21,17374,818,True
39cdf044cc74,22,17374,818,True
39cdf044cc74,23,17374,818,True
39cdf044cc74,24,17374,818,True
39cdf044cc74,25,17374,818,True
39cdf044cc74,26,17374,818,True
39cdf044cc74,27,17374,818,True
39cdf044cc74,28,17374,98,True
39cdf044cc74,29,17374,98,True
39cdf044cc74,30,17374,0,False
39cdf044cc74,31,17374,0,False
39cdf044cc74,32,17374,0,False
39cdf044cc74,33,17374,0,False
39cdf044cc74,34,17374,0,False
39cdf044cc74,35,17374,0,False
39cdf044cc74,36,17374,0,False
39cdf044cc74,37,17374,0,False
39cdf044cc74,38,17374,0,False
39cdf044cc74,39,17374,0,False
39cdf044cc74,40,17374,0,False
39cdf044cc74,41,17374,0,False
39cdf044cc74,42,17374,0,False
39cdf044cc74,43,17374,0,False
39cdf044cc74,44,17374,0,False
39cdf044cc74,45,17374,0,False
39cdf044cc74,46,17374,0,False
39cdf044cc74,47,17374,167,True
39cdf044cc74,48,17374,0,False
39cdf044cc74,49,17374,198,True
39cdf044cc74,50,17374,0,False
39cdf044cc74,51,17374,0,False
39cdf044cc74,52,17374,0,False
39cdf044cc74,53,17374,38,True
39cdf044cc74,54,17374,20,True
39cdf044cc74,55,17374,386,True
39cdf044cc74,56,17374,0,False
39cdf044cc74,57,17374,0,False
39cdf044cc74,58,17374,632,True
39cdf044cc74,59,17374,8,True
39cdf044cc74,60,17374,10,True
39cdf044cc74,61,17374,10,True
39cdf044cc74,62,17374,0,False
39cdf044cc74,63,17374,0,False
39cdf044cc74,64,17374,91,True
39cdf044cc74,65,17374,7,True
39cdf044cc74,66,17374,149,True
39cdf044cc74,67,17374,26,True
39cdf044cc74,68,17374,22,True
39cdf044cc74,69,17374,0,False
39cdf044cc74,70,17374,0,False
39cdf044cc74,71,17374,38,True
39cdf044cc74,72,17374,163,True
39cdf044cc74,73,17374,8,True
39cdf044cc74,74,17374,7,True
39cdf044cc74,75,17374,8,True
39cdf044cc74,76,17374,0,False
39cdf044cc74,77,17374,3,True
39cdf044cc74,78,17374,0,False
39cdf044cc74,79,17374,188,True
39cdf044cc74,80,17374,268,True
39cdf044cc74,81,17374,61,True
39cdf044cc74,82,17374,0,False
39cdf044cc74,83,17374,14889,True
39cdf044cc74,84,17374,17374,True
39cdf044cc74,85,17374,0,False
39cdf044cc74,86,17374,337,True
39cdf044cc74,87,17374,818,True
39cdf044cc74,88,17374,818,True
39cdf044cc74,89,17374,0,False
39cdf044cc74,90,17374,0,False
39cdf044cc74,91,17374,0,False
39cdf044cc74,92,17374,0,False
6dced3b339b9,0,34221,8046,True
6dced3b339b9,1,34221,7636,True
6dced3b339b9,2,34221,7629,True
6dced3b339b9,3,34221,8244,True
6dced3b339b9,4,34221,2666,True
6dced3b339b9,5,34221,17107,True
6dced3b339b9,6,34221,17114,True
6dced3b339b9,7,34221,1610,True
6dced3b339b9,8,34221,1610,True
6dced3b339b9,9,34221,1610,True
6dced3b339b9,10,34221,1610,True
6dced3b339b9,11,34221,1610,True
6dced3b339b9,12,34221,1610,True
6dced3b339b9,13,34221,1610,True
6dced3b339b9,14,34221,1610,True
6dced3b339b9,15,34221,1610,True
6dced3b339b9,16,34221,1610,True
6dced3b339b9,17,34221,1610,True
6dced3b339b9,18,34221,1610,True
6dced3b339b9,19,34221,1610,True
6dced3b339b9,20,34221,1610,True
6dced3b339b9,21,34221,1610,True
6dced3b339b9,22,34221,1610,True
6dced3b339b9,23,34221,1610,True
6dced3b339b9,24,34221,1610,True
6dced3b339b9,25,34221,1610,True
6dced3b339b9,26,34221,1607,True
6dced3b339b9,27,34221,1607,True
6dced3b339b9,28,34221,191,True
6dced3b339b9,29,34221,190,True
6dced3b339b9,30,34221,36,True
6dced3b339b9,31,34221,0,False
6dced3b339b9,32,34221,0,False
6dced3b339b9,33,34221,0,False
6dced3b339b9,34,34221,0,False
6dced3b339b9,35,34221,0,False
6dced3b339b9,36,34221,0,False
6dced3b339b9,37,34221,0,False
6dced3b339b9,38,34221,0,False
6dced3b339b9,39,34221,0,False
6dced3b339b9,40,34221,0,False
6dced3b339b9,41,34221,0,False
6dced3b339b9,42,34221,0,False
6dced3b339b9,43,34221,0,False
6dced3b339b9,44,34221,0,False
6dced3b339b9,45,34221,0,False
6dced3b339b9,46,34221,0,False
6dced3b339b9,47,34221,76,True
6dced3b339b9,48,34221,0,False
6dced3b339b9,49,34221,1191,True
6dced3b339b9,50,34221,0,False
6dced3b339b9,51,34221,0,False
6dced3b339b9,52,34221,0,False
6dced3b339b9,53,34221,38,True
6dced3b339b9,54,34221,20,True
6dced3b339b9,55,34221,2934,True
6dced3b339b9,56,34221,0,False
6dced3b339b9,57,34221,0,False
6dced3b339b9,58,34221,0,False
6dced3b339b9,59,34221,0,False
6dced3b339b9,60,34221,0,False
6dced3b339b9,61,34221,0,False
6dced3b339b9,62,34221,0,False
6dced3b339b9,63,34221,0,False
6dced3b339b9,64,34221,91,True
6dced3b339b9,65,34221,0,False
6dced3b339b9,66,34221,149,True
6dced3b339b9,67,34221,26,True
6dced3b339b9,68,34221,0,False
6dced3b339b9,69,34221,0,False
6dced3b339b9,70,34221,0,False
6dced3b339b9,71,34221,38,True
6dced3b339b9,72,34221,0,False
6dced3b339b9,73,34221,0,False
6dced3b339b9,74,34221,0,False
6dced3b339b9,75,34221,0,False
6dced3b339b9,76,34221,0,False
6dced3b339b9,77,34221,3,True
6dced3b339b9,78,34221,2,True
6dced3b339b9,79,34221,102,True
6dced3b339b9,80,34221,268,True
6dced3b339b9,81,34221,0,False
6dced3b339b9,82,34221,0,False
6dced3b339b9,83,34221,29302,True
6dced3b339b9,84,34221,34221,True
6dced3b339b9,85,34221,0,False
6dced3b339b9,86,34221,251,True
6dced3b339b9,87,34221,1610,True
6dced3b339b9,88,34221,1610,True
6dced3b339b9,89,34221,0,False
6dced3b339b9,90,34221,0,False
6dced3b339b9,91,34221,0,False
6dced3b339b9,92,34221,0,False
9caf89a0fe29,0,33479,7506,True
9caf89a0fe29,1,33479,7711,True
9caf89a0fe29,2,33479,7705,True
9caf89a0fe29,3,33479,7578,True
9caf89a0fe29,4,33479,2979,True
9caf89a0fe29,5,33479,16742,True
9caf89a0fe29,6,33479,16737,True
9caf89a0fe29,7,33479,1584,True
9caf89a0fe29,8,33479,1584,True
9caf89a0fe29,9,33479,1584,True
9caf89a0fe29,10,33479,1584,True
9caf89a0fe29,11,33479,1584,True
9caf89a0fe29,12,33479,1584,True
9caf89a0fe29,13,33479,1584,True
9caf89a0fe29,14,33479,1584,True
9caf89a0fe29,15,33479,1584,True
9caf89a0fe29,16,33479,1584,True
9caf89a0fe29,17,33479,1584,True
9caf89a0fe29,18,33479,1584,True
9caf89a0fe29,19,33479,1584,True
9caf89a0fe29,20,33479,1584,True
9caf89a0fe29,21,33479,1584,True
9caf89a0fe29,22,33479,1584,True
9caf89a0fe29,23,33479,1584,True
9caf89a0fe29,24,33479,1584,True
9caf89a0fe29,25,33479,1584,True
9caf89a0fe29,26,33479,1581,True
9caf89a0fe29,27,33479,1581,True
9caf89a0fe29,28,33479,93,True
9caf89a0fe29,29,33479,92,True
9caf89a0fe29,30,33479,36,True
9caf89a0fe29,31,33479,0,False
9caf89a0fe29,32,33479,0,False
9caf89a0fe29,33,33479,0,False
9caf89a0fe29,34,33479,0,False
9caf89a0fe29,35,33479,0,False
9caf89a0fe29,36,33479,0,False
9caf89a0fe29,37,33479,0,False
9caf89a0fe29,38,33479,0,False
9caf89a0fe29,39,33479,0,False
9caf89a0fe29,40,33479,0,False
9caf89a0fe29,41,33479,0,False
9caf89a0fe29,42,33479,0,False
9caf89a0fe29,43,33479,0,False
9caf89a0fe29,44,33479,0,False
9caf89a0fe29,45,33479,0,False
9caf89a0fe29,46,33479,0,False
9caf89a0fe29,47,33479,91,True
9caf89a0fe29,48,33479,0,False
9caf89a0fe29,49,33479,1371,True
9caf89a0fe29,50,33479,0,False
9caf89a0fe29,51,33479,0,False
9caf89a0fe29,52,33479,0,False
9caf89a0fe29,53,33479,0,False
9caf89a0fe29,54,33479,0,False
9caf89a0fe29,55,33479,2672,True
9caf89a0fe29,56,33479,0,False
9caf89a0fe29,57,33479,0,False
9caf89a0fe29,58,33479,632,True
9caf89a0fe29,59,33479,8,True
9caf89a0fe29,60,33479,10,True
9caf89a0fe29,61,33479,10,True
9caf89a0fe29,62,33479,0,False
9caf89a0fe29,63,33479,0,False
9caf89a0fe29,64,33479,0,False
9caf89a0fe29,65,33479,7,True
9caf89a0fe29,66,33479,0,False
9caf89a0fe29,67,33479,0,False
9caf89a0fe29,68,33479,22,True
9caf89a0fe29,69,33479,0,False
9caf89a0fe29,70,33479,0,False
9caf89a0fe29,71,33479,0,False
9caf89a0fe29,72,33479,163,True
9caf89a0fe29,73,33479,8,True
9caf89a0fe29,74,33479,7,True
9caf89a0fe29,75,33479,8,True
9caf89a0fe29,76,33479,0,False
9caf89a0fe29,77,33479,0,False
9caf89a0fe29,78,33479,2,True
9caf89a0fe29,79,33479,86,True
9caf89a0fe29,80,33479,0,False
9caf89a0fe29,81,33479,61,True
9caf89a0fe29,82,33479,0,False
9caf89a0fe29,83,33479,28325,True
9caf89a0fe29,84,33479,33479,True
9caf89a0fe29,85,33479,0,False
9caf89a0fe29,86,33479,86,True
9caf89a0fe29,87,33479,1584,True
9caf89a0fe29,88,33479,1584,True
9caf89a0fe29,89,33479,0,False
9caf89a0fe29,90,33479,0,False
9caf89a0fe29,91,33479,0,False
9caf89a0fe29,92,33479,0,False
cb9e32c50d9e,0,91940,19794,True
cb9e32c50d9e,1,91940,24068,True
cb9e32c50d9e,2,91940,22867,True
cb9e32c50d9e,3,91940,21695,True
cb9e32c50d9e,4,91940,3516,True
cb9e32c50d9e,5,91940,46038,True
cb9e32c50d9e,6,91940,45902,True
cb9e32c50d9e,7,91940,4270,True
cb9e32c50d9e,8,91940,4270,True
cb9e32c50d9e,9,91940,4270,True
cb9e32c50d9e,10,91940,4270,True
cb9e32c50d9e,11,91940,4270,True
cb9e32c50d9e,12,91940,4270,True
cb9e32c50d9e,13,91940,4270,True
cb9e32c50d9e,14,91940,4270,True
cb9e32c50d9e,15,91940,4270,True
cb9e32c50d9e,16,91940,4270,True
cb9e32c50d9e,17,91940,4270,True
cb9e32c50d9e,18,91940,4270,True
cb9e32c50d9e,19,91940,4270,True
cb9e32c50d9e,20,91940,4270,True
cb9e32c50d9e,21,91940,4270,True
cb9e32c50d9e,22,91940,4270,True
cb9e32c50d9e,23,91940,4270,True
cb9e32c50d9e,24,91940,4270,True
cb9e32c50d9e,25,91940,4270,True
cb9e32c50d9e,26,91940,4270,True
cb9e32c50d9e,27,91940,4270,True
cb9e32c50d9e,28,91940,2172,True
cb9e32c50d9e,29,91940,98,True
cb9e32c50d9e,30,91940,0,False
cb9e32c50d9e,31,91940,0,False
cb9e32c50d9e,32,91940,0,False
cb9e32c50d9e,33,91940,0,False
cb9e32c50d9e,34,91940,0,False
cb9e32c50d9e,35,91940,0,False
cb9e32c50d9e,36,91940,0,False
cb9e32c50d9e,37,91940,0,False
cb9e32c50d9e,38,91940,0,False
cb9e32c50d9e,39,91940,280,True
cb9e32c50d9e,40,91940,275,True
cb9e32c50d9e,41,91940,399,True
cb9e32c50d9e,42,91940,407,True
cb9e32c50d9e,43,91940,360,True
cb9e32c50d9e,44,91940,44,True
cb9e32c50d9e,45,91940,44,True
cb9e32c50d9e,46,91940,42,True
cb9e32c50d9e,47,91940,2483,True
cb9e32c50d9e,48,91940,255,True
cb9e32c50d9e,49,91940,922,True
cb9e32c50d9e,50,91940,47,True
cb9e32c50d9e,51,91940,176,True
cb9e32c50d9e,52,91940,87,True
cb9e32c50d9e,53,91940,38,True
cb9e32c50d9e,54,91940,20,True
cb9e32c50d9e,55,91940,1299,True
cb9e32c50d9e,56,91940,0,False
cb9e32c50d9e,57,91940,1066,True
cb9e32c50d9e,58,91940,0,False
cb9e32c50d9e,59,91940,0,False
cb9e32c50d9e,60,91940,0,False
cb9e32c50d9e,61,91940,0,False
cb9e32c50d9e,62,91940,0,False
cb9e32c50d9e,63,91940,368,True
cb9e32c50d9e,64,91940,1145,True
cb9e32c50d9e,65,91940,0,False
cb9e32c50d9e,66,91940,149,True
cb9e32c50d9e,67,91940,26,True
cb9e32c50d9e,68,91940,0,False
cb9e32c50d9e,69,91940,0,False
cb9e32c50d9e,70,91940,1798,True
cb9e32c50d9e,71,91940,38,True
cb9e32c50d9e,72,91940,3631,True
cb9e32c50d9e,73,91940,0,False
cb9e32c50d9e,74,91940,0,False
cb9e32c50d9e,75,91940,0,False
cb9e32c50d9e,76,91940,188,True
cb9e32c50d9e,77,91940,3,True
cb9e32c50d9e,78,91940,0,False
cb9e32c50d9e,79,91940,102,True
cb9e32c50d9e,80,91940,268,True
cb9e32c50d9e,81,91940,0,False
cb9e32c50d9e,82,91940,517,True
cb9e32c50d9e,83,91940,75526,True
cb9e32c50d9e,84,91940,91940,True
cb9e32c50d9e,85,91940,0,False
cb9e32c50d9e,86,91940,251,True
cb9e32c50d9e,87,91940,4270,True
cb9e32c50d9e,88,91940,4270,True
cb9e32c50d9e,89,91940,0,False
cb9e32c50d9e,90,91940,0,False
cb9e32c50d9e,91,91940,0,False
cb9e32c50d9e,92,91940,0,False
835fd7f0ab06,0,91198,19254,True
835fd7f0ab06,1,91198,24143,True
835fd7f0ab06,2,91198,22943,True
835fd7f0ab06,3,91198,21029,True
835fd7f0ab06,4,91198,3829,True
835fd7f0ab06,5,91198,45673,True
835fd7f0ab06,6,91198,45525,True
835fd7f0ab06,7,91198,4244,True
835fd7f0ab06,8,91198,4244,True
835fd7f0ab06,9,91198,4244,True
835fd7f0ab06,10,91198,4244,True
835fd7f0ab06,11,91198,4244,True
835fd7f0ab06,12,91198,4244,True
835fd7f0ab06,13,91198,4244,True
835fd7f0ab06,14,91198,4244,True
835fd7f0ab06,15,91198,4244,True
835fd7f0ab06,16,91198,4244,True
835fd7f0ab06,17,91198,4244,True
835fd7f0ab06,18,91198,4244,True
835fd7f0ab06,19,91198,4244,True
835fd7f0ab06,20,91198,4244,True
835fd7f0ab06,21,91198,4244,True
835fd7f0ab06,22,91198,4244,True
835fd7f0ab06,23,91198,4244,True
835fd7f0ab06,24,91198,4244,True
835fd7f0ab06,25,91198,4244,True
835fd7f0ab06,26,91198,4244,True
835fd7f0ab06,27,91198,4244,True
835fd7f0ab06,28,91198,2074,True
835fd7f0ab06,29,91198,0,False
835fd7f0ab06,30,91198,0,False
835fd7f0ab06,31,91198,0,False
835fd7f0ab06,32,91198,0,False
835fd7f0ab06,33,91198,0,False
835fd7f0ab06,34,91198,0,False
835fd7f0ab06,35,91198,0,False
835fd7f0ab06,36,91198,0,False
835fd7f0ab06,37,91198,0,False
835fd7f0ab06,38,91198,0,False
835fd7f0ab06,39,91198,280,True
835fd7f0ab06,40,91198,275,True
835fd7f0ab06,41,91198,399,True
835fd7f0ab06,42,91198,407,True
835fd7f0ab06,43,91198,360,True
835fd7f0ab06,44,91198,44,True
835fd7f0ab06,45,91198,44,True
835fd7f0ab06,46,91198,42,True
835fd7f0ab06,47,91198,2498,True
835fd7f0ab06,48,91198,255,True
835fd7f0ab06,49,91198,1102,True
835fd7f0ab06,50,91198,47,True
835fd7f0ab06,51,91198,176,True
835fd7f0ab06,52,91198,87,True
835fd7f0ab06,53,91198,0,False
835fd7f0ab06,54,91198,0,False
835fd7f0ab06,55,91198,1037,True
835fd7f0ab06,56,91198,0,False
835fd7f0ab06,57,91198,1066,True
835fd7f0ab06,58,91198,632,True
835fd7f0ab06,59,91198,8,True
835fd7f0ab06,60,91198,10,True
835fd7f0ab06,61,91198,10,True
835fd7f0ab06,62,91198,0,False
835fd7f0ab06,63,91198,368,True
835fd7f0ab06,64,91198,1054,True
835fd7f0ab06,65,91198,7,True
835fd7f0ab06,66,91198,0,False
835fd7f0ab06,67,91198,0,False
835fd7f0ab06,68,91198,22,True
835fd7f0ab06,69,91198,0,False
835fd7f0ab06,70,91198,1798,True
835fd7f0ab06,71,91198,0,False
835fd7f0ab06,72,91198,3794,True
835fd7f0ab06,73,91198,8,True
835fd7f0ab06,74,91198,7,True
835fd7f0ab06,75,91198,8,True
835fd7f0ab06,76,91198,188,True
835fd7f0ab06,77,91198,0,False
835fd7f0ab06,78,91198,0,False
835fd7f0ab06,79,91198,86,True
835fd7f0ab06,80,91198,0,False
835fd7f0ab06,81,91198,61,True
835fd7f0ab06,82,91198,517,True
835fd7f0ab06,83,91198,74549,True
835fd7f0ab06,84,91198,91198,True
835fd7f0ab06,85,91198,0,False
835fd7f0ab06,86,91198,86,True
835fd7f0ab06,87,91198,4244,True
835fd7f0ab06,88,91198,4244,True
835fd7f0ab06,89,91198,0,False
835fd7f0ab06,90,91198,0,False
835fd7f0ab06,91,91198,0,False
835fd7f0ab06,92,91198,0,False
6f409bc7fc88,0,36069,8442,True
6f409bc7fc88,1,36069,8076,True
6f409bc7fc88,2,36069,8069,True
6f409bc7fc88,3,36069,8627,True
6f409bc7fc88,4,36069,2855,True
6f409bc7fc88,5,36069,18031,True
6f409bc7fc88,6,36069,18038,True
6f409bc7fc88,7,36069,1698,True
6f409bc7fc88,8,36069,1698,True
6f409bc7fc88,9,36069,1698,True
6f409bc7fc88,10,36069,1698,True
6f409bc7fc88,11,36069,1698,True
6f409bc7fc88,12,36069,1698,True
6f409bc7fc88,13,36069,1698,True
6f409bc7fc88,14,36069,1698,True
6f409bc7fc88,15,36069,1698,True
6f409bc7fc88,16,36069,1698,True
6f409bc7fc88,17,36069,1698,True
6f409bc7fc88,18,36069,1698,True
6f409bc7fc88,19,36069,1698,True
6f409bc7fc88,20,36069,1698,True
6f409bc7fc88,21,36069,1698,True
6f409bc7fc88,22,36069,1698,True
6f409bc7fc88,23,36069,1698,True
6f409bc7fc88,24,36069,1698,True
6f409bc7fc88,25,36069,1698,True
6f409bc7fc88,26,36069,1695,True
6f409bc7fc88,27,36069,1695,True
6f409bc7fc88,28,36069,191,True
6f409bc7fc88,29,36069,190,True
6f409bc7fc88,30,36069,36,True
6f409bc7fc88,31,36069,0,False
6f409bc7fc88,32,36069,0,False
6f409bc7fc88,33,36069,0,False
6f409bc7fc88,34,36069,0,False
6f409bc7fc88,35,36069,0,False
6f409bc7fc88,36,36069,0,False
6f409bc7fc88,37,36069,0,False
6f409bc7fc88,38,36069,0,False
6f409bc7fc88,39,36069,0,False
6f409bc7fc88,40,36069,0,False
6f409bc7fc88,41,36069,0,False
6f409bc7fc88,42,36069,0,False
6f409bc7fc88,43,36069,0,False
6f409bc7fc88,44,36069,0,False
6f409bc7fc88,45,36069,0,False
6f409bc7fc88,46,36069,0,False
6f409bc7fc88,47,36069,167,True
6f409bc7fc88,48,36069,0,False
6f409bc7fc88,49,36069,1380,True
6f409bc7fc88,50,36069,0,False
6f409bc7fc88,51,36069,0,False
6f409bc7fc88,52,36069,0,False
6f409bc7fc88,53,36069,38,True
6f409bc7fc88,54,36069,20,True
6f409bc7fc88,55,36069,2972,True
6f409bc7fc88,56,36069,0,False
6f409bc7fc88,57,36069,0,False
6f409bc7fc88,58,36069,0,False
6f409bc7fc88,59,36069,8,True
6f409bc7fc88,60,36069,10,True
6f409bc7fc88,61,36069,10,True
6f409bc7fc88,62,36069,0,False
6f409bc7fc88,63,36069,0,False
6f409bc7fc88,64,36069,91,True
6f409bc7fc88,65,36069,0,False
6f409bc7fc88,66,36069,149,True
6f409bc7fc88,67,36069,26,True
6f409bc7fc88,68,36069,22,True
6f409bc7fc88,69,36069,0,False
6f409bc7fc88,70,36069,0,False
6f409bc7fc88,71,36069,38,True
6f409bc7fc88,72,36069,0,False
6f409bc7fc88,73,36069,0,False
6f409bc7fc88,74,36069,0,False
6f409bc7fc88,75,36069,0,False
6f409bc7fc88,76,36069,0,False
6f409bc7fc88,77,36069,3,True
6f409bc7fc88,78,36069,2,True
6f409bc7fc88,79,36069,188,True
6f409bc7fc88,80,36069,268,True
6f409bc7fc88,81,36069,61,True
6f409bc7fc88,82,36069,0,False
6f409bc7fc88,83,36069,30636,True
6f409bc7fc88,84,36069,36069,True
6f409bc7fc88,85,36069,0,False
6f409bc7fc88,86,36069,337,True
6f409bc7fc88,87,36069,1698,True
6f409bc7fc88,88,36069,1698,True
6f409bc7fc88,89,36069,0,False
6f409bc7fc88,90,36069,0,False
6f409bc7fc88,91,36069,0,False
6f409bc7fc88,92,36069,0,False
ce6c6cadb284,0,93788,20190,True
ce6c6cadb284,1,93788,24508,True
ce6c6cadb284,2,93788,23307,True
ce6c6cadb284,3,93788,22078,True
ce6c6cadb284,4,93788,3705,True
ce6c6cadb284,5,93788,46962,True
ce6c6cadb284,6,93788,46826,True
ce6c6cadb284,7,93788,4358,True
ce6c6cadb284,8,93788,4358,True
ce6c6cadb284,9,93788,4358,True
ce6c6cadb284,10,93788,4358,True
ce6c6cadb284,11,93788,4358,True
ce6c6cadb284,12,93788,4358,True
ce6c6cadb284,13,93788,4358,True
ce6c6cadb284,14,93788,4358,True
ce6c6cadb284,15,93788,4358,True
ce6c6cadb284,16,93788,4358,True
ce6c6cadb284,17,93788,4358,True
ce6c6cadb284,18,93788,4358,True
ce6c6cadb284,19,93788,4358,True
ce6c6cadb284,20,93788,4358,True
ce6c6cadb284,21,93788,4358,True
ce6c6cadb284,22,93788,4358,True
ce6c6cadb284,23,93788,4358,True
ce6c6cadb284,24,93788,4358,True
ce6c6cadb284,25,93788,4358,True
ce6c6cadb284,26,93788,4358,True
ce6c6cadb284,27,93788,4358,True
ce6c6cadb284,28,93788,2172,True
ce6c6cadb284,29,93788,98,True
ce6c6cadb284,30,93788,0,False
ce6c6cadb284,31,93788,0,False
ce6c6cadb284,32,93788,0,False
ce6c6cadb284,33,93788,0,False
ce6c6cadb284,34,93788,0,False
ce6c6cadb284,35,93788,0,False
ce6c6cadb284,36,93788,0,False
ce6c6cadb284,37,93788,0,False
ce6c6cadb284,38,93788,0,False
ce6c6cadb284,39,93788,280,True
ce6c6cadb284,40,93788,275,True
ce6c6cadb284,41,93788,399,True
ce6c6cadb284,42,93788,407,True
ce6c6cadb284,43,93788,360,True
ce6c6cadb284,44,93788,44,True
ce6c6cadb284,45,93788,44,True
ce6c6cadb284,46,93788,42,True
ce6c6cadb284,47,93788,2574,True
ce6c6cadb284,48,93788,255,True
ce6c6cadb284,49,93788,1111,True
ce6c6cadb284,50,93788,47,True
ce6c6cadb284,51,93788,176,True
ce6c6cadb284,52,93788,87,True
ce6c6cadb284,53,93788,38,True
ce6c6cadb284,54,93788,20,True
ce6c6cadb284,55,93788,1337,True
ce6c6cadb284,56,93788,0,False
ce6c6cadb284,57,93788,1066,True
ce6c6cadb284,58,93788,0,False
ce6c6cadb284,59,93788,8,True
ce6c6cadb284,60,93788,10,True
ce6c6cadb284,61,93788,10,True
ce6c6cadb284,62,93788,0,False
ce6c6cadb284,63,93788,368,True
ce6c6cadb284,64,93788,1145,True
ce6c6cadb284,65,93788,0,False
ce6c6cadb284,66,93788,149,True
ce6c6cadb284,67,93788,26,True
ce6c6cadb284,68,93788,22,True
ce6c6cadb284,69,93788,0,False
ce6c6cadb284,70,93788,1798,True
ce6c6cadb284,71,93788,38,True
ce6c6cadb284,72,93788,3631,True
ce6c6cadb284,73,93788,0,False
ce6c6cadb284,74,93788,0,False
ce6c6cadb284,75,93788,0,False
ce6c6cadb284,76,93788,188,True
ce6c6cadb284,77,93788,3,True
ce6c6cadb284,78,93788,0,False
ce6c6cadb284,79,93788,188,True
ce6c6cadb284,80,93788,268,True
ce6c6cadb284,81,93788,61,True
ce6c6cadb284,82,93788,517,True
ce6c6cadb284,83,93788,76860,True
ce6c6cadb284,84,93788,93788,True
ce6c6cadb284,85,93788,0,False
ce6c6cadb284,86,93788,337,True
ce6c6cadb284,87,93788,4358,True
ce6c6cadb284,88,93788,4358,True
ce6c6cadb284,89,93788,0,False
ce6c6cadb284,90,93788,0,False
ce6c6cadb284,91,93788,0,False
ce6c6cadb284,92,93788,0,False
c068a8afa836,0,37455,8741,True
c068a8afa836,1,37455,8388,True
c068a8afa836,2,37455,8376,True
c068a8afa836,3,37455,8888,True
c068a8afa836,4,37455,3062,True
c068a8afa836,5,37455,18724,True
c068a8afa836,6,37455,18731,True
c068a8afa836,7,37455,1764,True
c068a8afa836,8,37455,1764,True
c068a8afa836,9,37455,1764,True
c068a8afa836,10,37455,1764,True
c068a8afa836,11,37455,1764,True
c068a8afa836,12,37455,1764,True
c068a8afa836,13,37455,1764,True
c068a8afa836,14,37455,1764,True
c068a8afa836,15,37455,1764,True
c068a8afa836,16,37455,1764,True
c068a8afa836,17,37455,1764,True
c068a8afa836,18,37455,1764,True
c068a8afa836,19,37455,1764,True
c068a8afa836,20,37455,1764,True
c068a8afa836,21,37455,1764,True
c068a8afa836,22,37455,1764,True
c068a8afa836,23,37455,1764,True
c068a8afa836,24,37455,1764,True
c068a8afa836,25,37455,1764,True
c068a8afa836,26,37455,1761,True
c068a8afa836,27,37455,1761,True
c068a8afa836,28,37455,191,True
c068a8afa836,29,37455,190,True
c068a8afa836,30,37455,36,True
c068a8afa836,31,37455,0,False
c068a8afa836,32,37455,0,False
c068a8afa836,33,37455,0,False
c068a8afa836,34,37455,0,False
c068a8afa836,35,37455,0,False
c068a8afa836,36,37455,0,False
c068a8afa836,37,37455,0,False
c068a8afa836,38,37455,0,False
c068a8afa836,39,37455,0,False
c068a8afa836,40,37455,0,False
c068a8afa836,41,37455,0,False
c068a8afa836,42,37455,0,False
c068a8afa836,43,37455,0,False
c068a8afa836,44,37455,0,False
c068a8afa836,45,37455,0,False
c068a8afa836,46,37455,0,False
c068a8afa836,47,37455,76,True
c068a8afa836,48,37455,0,False
c068a8afa836,49,37455,1191,True
c068a8afa836,50,37455,0,False
c068a8afa836,51,37455,0,False
c068a8afa836,52,37455,0,False
c068a8afa836,53,37455,0,False
c068a8afa836,54,37455,0,False
c068a8afa836,55,37455,2958,True
c068a8afa836,56,37455,0,False
c068a8afa836,57,37455,0,False
c068a8afa836,58,37455,632,True
c068a8afa836,59,37455,0,False
c068a8afa836,60,37455,0,False
c068a8afa836,61,37455,0,False
c068a8afa836,62,37455,0,False
c068a8afa836,63,37455,0,False
c068a8afa836,64,37455,91,True
c068a8afa836,65,37455,7,True
c068a8afa836,66,37455,149,True
c068a8afa836,67,37455,26,True
c068a8afa836,68,37455,0,False
c068a8afa836,69,37455,0,False
c068a8afa836,70,37455,0,False
c068a8afa836,71,37455,0,False
c068a8afa836,72,37455,163,True
c068a8afa836,73,37455,8,True
c068a8afa836,74,37455,7,True
c068a8afa836,75,37455,8,True
c068a8afa836,76,37455,0,False
c068a8afa836,77,37455,3,True
c068a8afa836,78,37455,2,True
c068a8afa836,79,37455,102,True
c068a8afa836,80,37455,268,True
c068a8afa836,81,37455,0,False
c068a8afa836,82,37455,0,False
c068a8afa836,83,37455,31767,True
c068a8afa836,84,37455,37455,True
c068a8afa836,85,37455,0,False
c068a8afa836,86,37455,251,True
c068a8afa836,87,37455,1764,True
c068a8afa836,88,37455,1764,True
c068a8afa836,89,37455,0,False
c068a8afa836,90,37455,0,False
c068a8afa836,91,37455,0,False
c068a8afa836,92,37455,0,False
d19a4e523670,0,95174,20489,True
d19a4e523670,1,95174,24820,True
d19a4e523670,2,95174,23614,True
d19a4e523670,3,95174,22339,True
d19a4e523670,4,95174,3912,True
d19a4e523670,5,95174,47655,True
d19a4e523670,6,95174,47519,True
d19a4e523670,7,95174,4424,True
d19a4e523670,8,95174,4424,True
d19a4e523670,9,95174,4424,True
d19a4e523670,10,95174,4424,True
d19a4e523670,11,95174,4424,True
d19a4e523670,12,95174,4424,True
d19a4e523670,13,95174,4424,True
d19a4e523670,14,95174,4424,True
d19a4e523670,15,95174,4424,True
d19a4e523670,16,95174,4424,True
d19a4e523670,17,95174,4424,True
d19a4e523670,18,95174,4424,True
d19a4e523670,19,95174,4424,True
d19a4e523670,20,95174,4424,True
d19a4e523670,21,95174,4424,True
d19a4e523670,22,95174,4424,True
d19a4e523670,23,95174,4424,True
d19a4e523670,24,95174,4424,True
d19a4e523670,25,95174,4424,True
d19a4e523670,26,95174,4424,True
d19a4e523670,27,95174,4424,True
d19a4e523670,28,95174,2172,True
d19a4e523670,29,95174,98,True
d19a4e523670,30,95174,0,False
d19a4e523670,31,95174,0,False
d19a4e523670,32,95174,0,False
d19a4e523670,33,95174,0,False
d19a4e523670,34,95174,0,False
d19a4e523670,35,95174,0,False
d19a4e523670,36,95174,0,False
d19a4e523670,37,95174,0,False
d19a4e523670,38,95174,0,False
d19a4e523670,39,95174,280,True
d19a4e523670,40,95174,275,True
d19a4e523670,41,95174,399,True
d19a4e523670,42,95174,407,True
d19a4e523670,43,95174,360,True
d19a4e523670,44,95174,44,True
d19a4e523670,45,95174,44,True
d19a4e523670,46,95174,42,True
d19a4e523670,47,95174,2483,True
d19a4e523670,48,95174,255,True
d19a4e523670,49,95174,922,True
d19a4e523670,50,95174,47,True
d19a4e523670,51,95174,176,True
d19a4e523670,52,95174,87,True
d19a4e523670,53,95174,0,False
d19a4e523670,54,95174,0,False
d19a4e523670,55,95174,1323,True
d19a4e523670,56,95174,0,False
d19a4e523670,57,95174,1066,True
d19a4e523670,58,95174,632,True
d19a4e523670,59,95174,0,False
d19a4e523670,60,95174,0,False
d19a4e523670,61,95174,0,False
d19a4e523670,62,95174,0,False
d19a4e523670,63,95174,368,True
d19a4e523670,64,95174,1145,True
d19a4e523670,65,95174,7,True
d19a4e523670,66,95174,149,True
d19a4e523670,67,95174,26,True
d19a4e523670,68,95174,0,False
d19a4e523670,69,95174,0,False
d19a4e523670,70,95174,1798,True
d19a4e523670,71,95174,0,False
d19a4e523670,72,95174,3794,True
d19a4e523670,73,95174,8,True
d19a4e523670,74,95174,7,True
d19a4e523670,75,95174,8,True
d19a4e523670,76,95174,188,True
d19a4e523670,77,95174,3,True
d19a4e523670,78,95174,0,False
d19a4e523670,79,95174,102,True
d19a4e523670,80,95174,268,True
d19a4e523670,81,95174,0,False
d19a4e523670,82,95174,517,True
d19a4e523670,83,95174,77991,True
d19a4e523670,84,95174,95174,True
d19a4e523670,85,95174,0,False
d19a4e523670,86,95174,251,True
d19a4e523670,87,95174,4424,True
d19a4e523670,88,95174,4424,True
d19a4e523670,89,95174,0,False
d19a4e523670,90,95174,0,False
d19a4e523670,91,95174,0,False
d19a4e523670,92,95174,0,False
b4bfd536f04f,0,36713,8353,True
b4bfd536f04f,1,36713,8347,True
b4bfd536f04f,2,36713,8341,True
b4bfd536f04f,3,36713,8425,True
b4bfd536f04f,4,36713,3247,True
b4bfd536f04f,5,36713,18359,True
b4bfd536f04f,6,36713,18354,True
b4bfd536f04f,7,36713,1738,True
b4bfd536f04f,8,36713,1738,True
b4bfd536f04f,9,36713,1738,True
b4bfd536f04f,10,36713,1738,True
b4bfd536f04f,11,36713,1738,True
b4bfd536f04f,12,36713,1738,True
b4bfd536f04f,13,36713,1738,True
b4bfd536f04f,14,36713,1738,True
b4bfd536f04f,15,36713,1738,True
b4bfd536f04f,16,36713,1738,True
b4bfd536f04f,17,36713,1738,True
b4bfd536f04f,18,36713,1738,True
b4bfd536f04f,19,36713,1738,True
b4bfd536f04f,20,36713,1738,True
b4bfd536f04f,21,36713,1738,True
b4bfd536f04f,22,36713,1738,True
b4bfd536f04f,23,36713,1738,True
b4bfd536f04f,24,36713,1738,True
b4bfd536f04f,25,36713,1738,True
b4bfd536f04f,26,36713,1735,True
b4bfd536f04f,27,36713,1735,True
b4bfd536f04f,28,36713,93,True
b4bfd536f04f,29,36713,92,True
b4bfd536f04f,30,36713,36,True
b4bfd536f04f,31,36713,0,False
b4bfd536f04f,32,36713,0,False
b4bfd536f04f,33,36713,0,False
b4bfd536f04f,34,36713,0,False
b4bfd536f04f,35,36713,0,False
b4bfd536f04f,36,36713,0,False
b4bfd536f04f,37,36713,0,False
b4bfd536f04f,38,36713,0,False
b4bfd536f04f,39,36713,0,False
b4bfd536f04f,40,36713,0,False
b4bfd536f04f,41,36713,0,False
b4bfd536f04f,42,36713,0,False
b4bfd536f04f,43,36713,0,False
b4bfd536f04f,44,36713,0,False
b4bfd536f04f,45,36713,0,False
b4bfd536f04f,46,36713,0,False
b4bfd536f04f,47,36713,91,True
b4bfd536f04f,48,36713,0,False
b4bfd536f04f,49,36713,1371,True
b4bfd536f04f,50,36713,0,False
b4bfd536f04f,51,36713,0,False
b4bfd536f04f,52,36713,0,False
b4bfd536f04f,53,36713,38,True
b4bfd536f04f,54,36713,20,True
b4bfd536f04f,55,36713,2672,True
b4bfd536f04f,56,36713,0,False
b4bfd536f04f,57,36713,0,False
b4bfd536f04f,58,36713,632,True
b4bfd536f04f,59,36713,8,True
b4bfd536f04f,60,36713,10,True
b4bfd536f04f,61,36713,10,True
b4bfd536f04f,62,36713,0,False
b4bfd536f04f,63,36713,0,False
b4bfd536f04f,64,36713,0,False
b4bfd536f04f,65,36713,7,True
b4bfd536f04f,66,36713,0,False
b4bfd536f04f,67,36713,0,False
b4bfd536f04f,68,36713,22,True
b4bfd536f04f,69,36713,0,False
b4bfd536f04f,70,36713,0,False
b4bfd536f04f,71,36713,38,True
b4bfd536f04f,72,36713,163,True
b4bfd536f04f,73,36713,8,True
b4bfd536f04f,74,36713,7,True
b4bfd536f04f,75,36713,8,True
b4bfd536f04f,76,36713,0,False
b4bfd536f04f,77,36713,0,False
b4bfd536f04f,78,36713,2,True
b4bfd536f04f,79,36713,86,True
b4bfd536f04f,80,36713,0,False
b4bfd536f04f,81,36713,61,True
b4bfd536f04f,82,36713,0,False
b4bfd536f04f,83,36713,31482,True
b4bfd536f04f,84,36713,36713,True
b4bfd536f04f,85,36713,0,False
b4bfd536f04f,86,36713,86,True
b4bfd536f04f,87,36713,1738,True
b4bfd536f04f,88,36713,1738,True
b4bfd536f04f,89,36713,0,False
b4bfd536f04f,90,36713,0,False
b4bfd536f04f,91,36713,0,False
b4bfd536f04f,92,36713,0,False
5932f57e4f97,0,94432,20101,True
5932f57e4f97,1,94432,24779,True
5932f57e4f97,2,94432,23579,True
5932f57e4f97,3,94432,21876,True
5932f57e4f97,4,94432,4097,True
5932f57e4f97,5,94432,47290,True
5932f57e4f97,6,94432,47142,True
5932f57e4f97,7,94432,4398,True
5932f57e4f97,8,94432,4398,True
5932f57e4f97,9,94432,4398,True
5932f57e4f97,10,94432,4398,True
5932f57e4f97,11,94432,4398,True
5932f57e4f97,12,94432,4398,True
5932f57e4f97,13,94432,4398,True
5932f57e4f97,14,94432,4398,True
5932f57e4f97,15,94432,4398,True
5932f57e4f97,16,94432,4398,True
5932f57e4f97,17,94432,4398,True
5932f57e4f97,18,94432,4398,True
5932f57e4f97,19,94432,4398,True
5932f57e4f97,20,94432,4398,True
5932f57e4f97,21,94432,4398,True
5932f57e4f97,22,94432,4398,True
5932f57e4f97,23,94432,4398,True
5932f57e4f97,24,94432,4398,True
5932f57e4f97,25,94432,4398,True
5932f57e4f97,26,94432,4398,True
5932f57e4f97,27,94432,4398,True
5932f57e4f97,28,94432,2074,True
5932f57e4f97,29,94432,0,False
5932f57e4f97,30,94432,0,False
5932f57e4f97,31,94432,0,False
5932f57e4f97,32,94432,0,False
5932f57e4f97,33,94432,0,False
5932f57e4f97,34,94432,0,False
5932f57e4f97,35,94432,0,False
5932f57e4f97,36,94432,0,False
5932f57e4f97,37,94432,0,False
5932f57e4f97,38,94432,0,False
5932f57e4f97,39,94432,280,True
5932f57e4f97,40,94432,275,True
5932f57e4f97,41,94432,399,True
5932f57e4f97,42,94432,407,True
5932f57e4f97,43,94432,360,True
5932f57e4f97,44,94432,44,True
5932f57e4f97,45,94432,44,True
5932f57e4f97,46,94432,42,True
5932f57e4f97,47,94432,2498,True
5932f57e4f97,48,94432,255,True
5932f57e4f97,49,94432,1102,True
5932f57e4f97,50,94432,47,True
5932f57e4f97,51,94432,176,True
5932f57e4f97,52,94432,87,True
5932f57e4f97,53,94432,38,True
5932f57e4f97,54,94432,20,True
5932f57e4f97,55,94432,1037,True
5932f57e4f97,56,94432,0,False
5932f57e4f97,57,94432,1066,True
5932f57e4f97,58,94432,632,True
5932f57e4f97,59,94432,8,True
5932f57e4f97,60,94432,10,True
5932f57e4f97,61,94432,10,True
5932f57e4f97,62,94432,0,False
5932f57e4f97,63,94432,368,True
5932f57e4f97,64,94432,1054,True
5932f57e4f97,65,94432,7,True
5932f57e4f97,66,94432,0,False
5932f57e4f97,67,94432,0,False
5932f57e4f97,68,94432,22,True
5932f57e4f97,69,94432,0,False
5932f57e4f97,70,94432,1798,True
5932f57e4f97,71,94432,38,True
5932f57e4f97,72,94432,3794,True
5932f57e4f97,73,94432,8,True
5932f57e4f97,74,94432,7,True
5932f57e4f97,75,94432,8,True
5932f57e4f97,76,94432,188,True
5932f57e4f97,77,94432,0,False
5932f57e4f97,78,94432,0,False
5932f57e4f97,79,94432,86,True
5932f57e4f97,80,94432,0,False
5932f57e4f97,81,94432,61,True
5932f57e4f97,82,94432,517,True
5932f57e4f97,83,94432,77706,True
5932f57e4f97,84,94432,94432,True
5932f57e4f97,85,94432,0,False
5932f57e4f97,86,94432,86,True
5932f57e4f97,87,94432,4398,True
5932f57e4f97,88,94432,4398,True
5932f57e4f97,89,94432,0,False
5932f57e4f97,90,94432,0,False
5932f57e4f97,91,94432,0,False
5932f57e4f97,92,94432,0,False
d18682ba5419,0,7392,2328,True
d18682ba5419,1,7392,1404,True
d18682ba5419,2,7392,1380,True
d18682ba5419,3,7392,2280,True
d18682ba5419,4,7392,0,False
d18682ba5419,5,7392,3864,True
d18682ba5419,6,7392,3528,True
d18682ba5419,7,7392,336,True
d18682ba5419,8,7392,336,True
d18682ba5419,9,7392,336,True
d18682ba5419,10,7392,336,True
d18682ba5419,11,7392,336,True
d18682ba5419,12,7392,336,True
d18682ba5419,13,7392,336,True
d18682ba5419,14,7392,336,True
d18682ba5419,15,7392,336,True
d18682ba5419,16,7392,336,True
d18682ba5419,17,7392,336,True
d18682ba5419,18,7392,336,True
d18682ba5419,19,7392,336,True
d18682ba5419,20,7392,336,True
d18682ba5419,21,7392,336,True
d18682ba5419,22,7392,336,True
d18682ba5419,23,7392,336,True
d18682ba5419,24,7392,336,True
d18682ba5419,25,7392,336,True
d18682ba5419,26,7392,336,True
d18682ba5419,27,7392,336,True
d18682ba5419,28,7392,168,True
d18682ba5419,29,7392,168,True
d18682ba5419,30,7392,0,False
d18682ba5419,31,7392,0,False
d18682ba5419,32,7392,0,False
d18682ba5419,33,7392,0,False
d18682ba5419,34,7392,0,False
d18682ba5419,35,7392,0,False
d18682ba5419,36,7392,0,False
d18682ba5419,37,7392,0,False
d18682ba5419,38,7392,0,False
d18682ba5419,39,7392,0,False
d18682ba5419,40,7392,0,False
d18682ba5419,41,7392,0,False
d18682ba5419,42,7392,0,False
d18682ba5419,43,7392,0,False
d18682ba5419,44,7392,0,False
d18682ba5419,45,7392,0,False
d18682ba5419,46,7392,0,False
d18682ba5419,47,7392,0,False
d18682ba5419,48,7392,0,False
d18682ba5419,49,7392,1428,True
d18682ba5419,50,7392,0,False
d18682ba5419,51,7392,0,False
d18682ba5419,52,7392,0,False
d18682ba5419,53,7392,0,False
d18682ba5419,54,7392,0,False
d18682ba5419,55,7392,5712,True
d18682ba5419,56,7392,168,True
d18682ba5419,57,7392,0,False
d18682ba5419,58,7392,0,False
d18682ba5419,59,7392,0,False
d18682ba5419,60,7392,0,False
d18682ba5419,61,7392,0,False
d18682ba5419,62,7392,168,True
d18682ba5419,63,7392,0,False
d18682ba5419,64,7392,0,False
d18682ba5419,65,7392,0,False
d18682ba5419,66,7392,0,False
d18682ba5419,67,7392,0,False
d18682ba5419,68,7392,0,False
d18682ba5419,69,7392,84,True
d18682ba5419,70,7392,0,False
d18682ba5419,71,7392,0,False
d18682ba5419,72,7392,0,False
d18682ba5419,73,7392,0,False
d18682ba5419,74,7392,0,False
d18682ba5419,75,7392,0,False
d18682ba5419,76,7392,0,False
d18682ba5419,77,7392,0,False
d18682ba5419,78,7392,0,False
d18682ba5419,79,7392,1008,True
d18682ba5419,80,7392,0,False
d18682ba5419,81,7392,0,False
d18682ba5419,82,7392,0,False
d18682ba5419,83,7392,0,False
d18682ba5419,84,7392,7392,True
d18682ba5419,85,7392,0,False
d18682ba5419,86,7392,0,False
d18682ba5419,87,7392,336,True
d18682ba5419,88,7392,336,True
d18682ba5419,89,7392,168,True
d18682ba5419,90,7392,168,True
d18682ba5419,91,7392,0,False
d18682ba5419,92,7392,0,False
9e2b10c35d6d,0,7920,2460,True
9e2b10c35d6d,1,7920,1536,True
9e2b10c35d6d,2,7920,1584,True
9e2b10c35d6d,3,7920,2340,True
9e2b10c35d6d,4,7920,0,False
9e2b10c35d6d,5,7920,4140,True
9e2b10c35d6d,6,7920,3780,True
9e2b10c35d6d,7,7920,360,True
9e2b10c35d6d,8,7920,360,True
9e2b10c35d6d,9,7920,360,True
9e2b10c35d6d,10,7920,360,True
9e2b10c35d6d,11,7920,360,True
9e2b10c35d6d,12,7920,360,True
9e2b10c35d6d,13,7920,360,True
9e2b10c35d6d,14,7920,360,True
9e2b10c35d6d,15,7920,360,True
9e2b10c35d6d,16,7920,360,True
9e2b10c35d6d,17,7920,360,True
9e2b10c35d6d,18,7920,360,True
9e2b10c35d6d,19,7920,360,True
9e2b10c35d6d,20,7920,360,True
9e2b10c35d6d,21,7920,360,True
9e2b10c35d6d,22,7920,360,True
9e2b10c35d6d,23,7920,360,True
9e2b10c35d6d,24,7920,360,True
9e2b10c35d6d,25,7920,360,True
9e2b10c35d6d,26,7920,360,True
9e2b10c35d6d,27,7920,360,True
9e2b10c35d6d,28,7920,180,True
9e2b10c35d6d,29,7920,180,True
9e2b10c35d6d,30,7920,0,False
9e2b10c35d6d,31,7920,0,False
9e2b10c35d6d,32,7920,0,False
9e2b10c35d6d,33,7920,0,False
9e2b10c35d6d,34,7920,0,False
9e2b10c35d6d,35,7920,0,False
9e2b10c35d6d,36,7920,0,False
9e2b10c35d6d,37,7920,0,False
9e2b10c35d6d,38,7920,0,False
9e2b10c35d6d,39,7920,0,False
9e2b10c35d6d,40,7920,0,False
9e2b10c35d6d,41,7920,0,False
9e2b10c35d6d,42,7920,0,False
9e2b10c35d6d,43,7920,0,False
9e2b10c35d6d,44,7920,0,False
9e2b10c35d6d,45,7920,0,False
9e2b10c35d6d,46,7920,0,False
9e2b10c35d6d,47,7920,0,False
9e2b10c35d6d,48,7920,0,False
9e2b10c35d6d,49,7920,1530,True
9e2b10c35d6d,50,7920,0,False
9e2b10c35d6d,51,7920,0,False
9e2b10c35d6d,52,7920,0,False
9e2b10c35d6d,53,7920,0,False
9e2b10c35d6d,54,7920,0,False
9e2b10c35d6d,55,7920,6120,True
9e2b10c35d6d,56,7920,180,True
9e2b10c35d6d,57,7920,0,False
9e2b10c35d6d,58,7920,0,False
9e2b10c35d6d,59,7920,0,False
9e2b10c35d6d,60,7920,0,False
9e2b10c35d6d,61,7920,0,False
9e2b10c35d6d,62,7920,180,True
9e2b10c35d6d,63,7920,0,False
9e2b10c35d6d,64,7920,0,False
9e2b10c35d6d,65,7920,0,False
9e2b10c35d6d,66,7920,0,False
9e2b10c35d6d,67,7920,0,False
9e2b10c35d6d,68,7920,0,False
9e2b10c35d6d,69,7920,90,True
9e2b10c35d6d,70,7920,0,False
9e2b10c35d6d,71,7920,0,False
9e2b10c35d6d,72,7920,0,False
9e2b10c35d6d,73,7920,0,False
9e2b10c35d6d,74,7920,0,False
9e2b10c35d6d,75,7920,0,False
9e2b10c35d6d,76,7920,0,False
9e2b10c35d6d,77,7920,0,False
9e2b10c35d6d,78,7920,0,False
9e2b10c35d6d,79,7920,1080,True
9e2b10c35d6d,80,7920,0,False
9e2b10c35d6d,81,7920,0,False
9e2b10c35d6d,82,7920,0,False
9e2b10c35d6d,83,7920,0,False
9e2b10c35d6d,84,7920,7920,True
9e2b10c35d6d,85,7920,0,False
9e2b10c35d6d,86,7920,0,False
9e2b10c35d6d,87,7920,360,True
9e2b10c35d6d,88,7920,360,True
9e2b10c35d6d,89,7920,180,True
9e2b10c35d6d,90,7920,180,True
9e2b10c35d6d,91,7920,0,False
9e2b10c35d6d,92,7920,0,False
e245a445a0b9,0,7920,2604,True
e245a445a0b9,1,7920,1404,True
e245a445a0b9,2,7920,1428,True
e245a445a0b9,3,7920,2484,True
e245a445a0b9,4,7920,0,False
e245a445a0b9,5,7920,4140,True
e245a445a0b9,6,7920,3780,True
e245a445a0b9,7,7920,360,True
e245a445a0b9,8,7920,360,True
e245a445a0b9,9,7920,360,True
e245a445a0b9,10,7920,360,True
e245a445a0b9,11,7920,360,True
e245a445a0b9,12,7920,360,True
e245a445a0b9,13,7920,360,True
e245a445a0b9,14,7920,360,True
e245a445a0b9,15,7920,360,True
e245a445a0b9,16,7920,360,True
e245a445a0b9,17,7920,360,True
e245a445a0b9,18,7920,360,True
e245a445a0b9,19,7920,360,True
e245a445a0b9,20,7920,360,True
e245a445a0b9,21,7920,360,True
e245a445a0b9,22,7920,360,True
e245a445a0b9,23,7920,360,True
e245a445a0b9,24,7920,360,True
e245a445a0b9,25,7920,360,True
e245a445a0b9,26,7920,360,True
e245a445a0b9,27,7920,360,True
e245a445a0b9,28,7920,180,True
e245a445a0b9,29,7920,180,True
e245a445a0b9,30,7920,0,False
e245a445a0b9,31,7920,0,False
e245a445a0b9,32,7920,0,False
e245a445a0b9,33,7920,0,False
e245a445a0b9,34,7920,0,False
e245a445a0b9,35,7920,0,False
e245a445a0b9,36,7920,0,False
e245a445a0b9,37,7920,0,False
e245a445a0b9,38,7920,0,False
e245a445a0b9,39,7920,0,False
e245a445a0b9,40,7920,0,False
e245a445a0b9,41,7920,0,False
e245a445a0b9,42,7920,0,False
e245a445a0b9,43,7920,0,False
e245a445a0b9,44,7920,0,False
e245a445a0b9,45,7920,0,False
e245a445a0b9,46,7920,0,False
e245a445a0b9,47,7920,0,False
e245a445a0b9,48,7920,0,False
e245a445a0b9,49,7920,1530,True
e245a445a0b9,50,7920,0,False
e245a445a0b9,51,7920,0,False
e245a445a0b9,52,7920,0,False
e245a445a0b9,53,7920,0,False
e245a445a0b9,54,7920,0,False
e245a445a0b9,55,7920,6120,True
e245a445a0b9,56,7920,180,True
e245a445a0b9,57,7920,0,False
e245a445a0b9,58,7920,0,False
e245a445a0b9,59,7920,0,False
e245a445a0b9,60,7920,0,False
e245a445a0b9,61,7920,0,False
e245a445a0b9,62,7920,180,True
e245a445a0b9,63,7920,0,False
e245a445a0b9,64,7920,0,False
e245a445a0b9,65,7920,0,False
e245a445a0b9,66,7920,0,False
e245a445a0b9,67,7920,0,False
e245a445a0b9,68,7920,0,False
e245a445a0b9,69,7920,90,True
e245a445a0b9,70,7920,0,False
e245a445a0b9,71,7920,0,False
e245a445a0b9,72,7920,0,False
e245a445a0b9,73,7920,0,False
e245a445a0b9,74,7920,0,False
e245a445a0b9,75,7920,0,False
e245a445a0b9,76,7920,0,False
e245a445a0b9,77,7920,0,False
e245a445a0b9,78,7920,0,False
e245a445a0b9,79,7920,1080,True
e245a445a0b9,80,7920,0,False
e245a445a0b9,81,7920,0,False
e245a445a0b9,82,7920,0,False
e245a445a0b9,83,7920,0,False
e245a445a0b9,84,7920,7920,True
e245a445a0b9,85,7920,0,False
e245a445a0b9,86,7920,0,False
e245a445a0b9,87,7920,360,True
e245a445a0b9,88,7920,360,True
e245a445a0b9,89,7920,180,True
e245a445a0b9,90,7920,180,True
e245a445a0b9,91,7920,0,False
e245a445a0b9,92,7920,0,False
6be235bf1da7,0,6336,1980,True
6be235bf1da7,1,6336,1152,True
6be235bf1da7,2,6336,1224,True
6be235bf1da7,3,6336,1980,True
6be235bf1da7,4,6336,0,False
6be235bf1da7,5,6336,3312,True
6be235bf1da7,6,6336,3024,True
6be235bf1da7,7,6336,288,True
6be235bf1da7,8,6336,288,True
6be235bf1da7,9,6336,288,True
6be235bf1da7,10,6336,288,True
6be235bf1da7,11,6336,288,True
6be235bf1da7,12,6336,288,True
6be235bf1da7,13,6336,288,True
6be235bf1da7,14,6336,288,True
6be235bf1da7,15,6336,288,True
6be235bf1da7,16,6336,288,True
6be235bf1da7,17,6336,288,True
6be235bf1da7,18,6336,288,True
6be235bf1da7,19,6336,288,True
6be235bf1da7,20,6336,288,True
6be235bf1da7,21,6336,288,True
6be235bf1da7,22,6336,288,True
6be235bf1da7,23,6336,288,True
6be235bf1da7,24,6336,288,True
6be235bf1da7,25,6336,288,True
6be235bf1da7,26,6336,288,True
6be235bf1da7,27,6336,288,True
6be235bf1da7,28,6336,144,True
6be235bf1da7,29,6336,144,True
6be235bf1da7,30,6336,0,False
6be235bf1da7,31,6336,0,False
6be235bf1da7,32,6336,0,False
6be235bf1da7,33,6336,0,False
6be235bf1da7,34,6336,0,False
6be235bf1da7,35,6336,0,False
6be235bf1da7,36,6336,0,False
6be235bf1da7,37,6336,0,False
6be235bf1da7,38,6336,0,False
6be235bf1da7,39,6336,0,False
6be235bf1da7,40,6336,0,False
6be235bf1da7,41,6336,0,False
6be235bf1da7,42,6336,0,False
6be235bf1da7,43,6336,0,False
6be235bf1da7,44,6336,0,False
6be235bf1da7,45,6336,0,False
6be235bf1da7,46,6336,0,False
6be235bf1da7,47,6336,0,False
6be235bf1da7,48,6336,0,False
6be235bf1da7,49,6336,1224,True
6be235bf1da7,50,6336,0,False
6be235bf1da7,51,6336,0,False
6be235bf1da7,52,6336,0,False
6be235bf1da7,53,6336,0,False
6be235bf1da7,54,6336,0,False
6be235bf1da7,55,6336,4896,True
6be235bf1da7,56,6336,144,True
6be235bf1da7,57,6336,0,False
6be235bf1da7,58,6336,0,False
6be235bf1da7,59,6336,0,False
6be235bf1da7,60,6336,0,False
6be235bf1da7,61,6336,0,False
6be235bf1da7,62,6336,144,True
6be235bf1da7,63,6336,0,False
6be235bf1da7,64,6336,0,False
6be235bf1da7,65,6336,0,False
6be235bf1da7,66,6336,0,False
6be235bf1da7,67,6336,0,False
6be235bf1da7,68,6336,0,False
6be235bf1da7,69,6336,72,True
6be235bf1da7,70,6336,0,False
6be235bf1da7,71,6336,0,False
6be235bf1da7,72,6336,0,False
6be235bf1da7,73,6336,0,False
6be235bf1da7,74,6336,0,False
6be235bf1da7,75,6336,0,False
6be235bf1da7,76,6336,0,False
6be235bf1da7,77,6336,0,False
6be235bf1da7,78,6336,0,False
6be235bf1da7,79,6336,864,True
6be235bf1da7,80,6336,0,False
6be235bf1da7,81,6336,0,False
6be235bf1da7,82,6336,0,False
6be235bf1da7,83,6336,0,False
6be235bf1da7,84,6336,6336,True
6be235bf1da7,85,6336,0,False
6be235bf1da7,86,6336,0,False
6be235bf1da7,87,6336,288,True
6be235bf1da7,88,6336,288,True
6be235bf1da7,89,6336,144,True
6be235bf1da7,90,6336,144,True
6be235bf1da7,91,6336,0,False
6be235bf1da7,92,6336,0,False
df6382401159,0,6336,2064,True
df6382401159,1,6336,1116,True
df6382401159,2,6336,1128,True
df6382401159,3,6336,2028,True
df6382401159,4,6336,0,False
df6382401159,5,6336,3312,True
df6382401159,6,6336,3024,True
df6382401159,7,6336,288,True
df6382401159,8,6336,288,True
df6382401159,9,6336,288,True
df6382401159,10,6336,288,True
df6382401159,11,6336,288,True
df6382401159,12,6336,288,True
df6382401159,13,6336,288,True
df6382401159,14,6336,288,True
df6382401159,15,6336,288,True
df6382401159,16,6336,288,True
df6382401159,17,6336,288,True
df6382401159,18,6336,288,True
df6382401159,19,6336,288,True
df6382401159,20,6336,288,True
df6382401159,21,6336,288,True
df6382401159,22,6336,288,True
df6382401159,23,6336,288,True
df6382401159,24,6336,288,True
df6382401159,25,6336,288,True
df6382401159,26,6336,288,True
df6382401159,27,6336,288,True
df6382401159,28,6336,144,True
df6382401159,29,6336,144,True
df6382401159,30,6336,0,False
df6382401159,31,6336,0,False
df6382401159,32,6336,0,False
df6382401159,33,6336,0,False
df6382401159,34,6336,0,False
df6382401159,35,6336,0,False
df6382401159,36,6336,0,False
df6382401159,37,6336,0,False
df6382401159,38,6336,0,False
df6382401159,39,6336,0,False
df6382401159,40,6336,0,False
df6382401159,41,6336,0,False
df6382401159,42,6336,0,False
df6382401159,43,6336,0,False
df6382401159,44,6336,0,False
df6382401159,45,6336,0,False
df6382401159,46,6336,0,False
df6382401159,47,6336,0,False
df6382401159,48,6336,0,False
df6382401159,49,6336,1224,True
df6382401159,50,6336,0,False
df6382401159,51,6336,0,False
df6382401159,52,6336,0,False
df6382401159,53,6336,0,False
df6382401159,54,6336,0,False
df6382401159,55,6336,4896,True
df6382401159,56,6336,144,True
df6382401159,57,6336,0,False
df6382401159,58,6336,0,False
df6382401159,59,6336,0,False
df6382401159,60,6336,0,False
df6382401159,61,6336,0,False
df6382401159,62,6336,144,True
df6382401159,63,6336,0,False
df6382401159,64,6336,0,False
df6382401159,65,6336,0,False
df6382401159,66,6336,0,False
df6382401159,67,6336,0,False
df6382401159,68,6336,0,False
df6382401159,69,6336,72,True
df6382401159,70,6336,0,False
df6382401159,71,6336,0,False
df6382401159,72,6336,0,False
df6382401159,73,6336,0,False
df6382401159,74,6336,0,False
df6382401159,75,6336,0,False
df6382401159,76,6336,0,False
df6382401159,77,6336,0,False
df6382401159,78,6336,0,False
df6382401159,79,6336,864,True
df6382401159,80,6336,0,False
df6382401159,81,6336,0,False
df6382401159,82,6336,0,False
df6382401159,83,6336,0,False
df6382401159,84,6336,6336,True
df6382401159,85,6336,0,False
df6382401159,86,6336,0,False
df6382401159,87,6336,288,True
df6382401159,88,6336,288,True
df6382401159,89,6336,144,True
df6382401159,90,6336,144,True
df6382401159,91,6336,0,False
df6382401159,92,6336,0,False
41d47f79b05c,0,6336,1908,True
41d47f79b05c,1,6336,1260,True
41d47f79b05c,2,6336,1248,True
41d47f79b05c,3,6336,1920,True
41d47f79b05c,4,6336,0,False
41d47f79b05c,5,6336,3312,True
41d47f79b05c,6,6336,3024,True
41d47f79b05c,7,6336,288,True
41d47f79b05c,8,6336,288,True
41d47f79b05c,9,6336,288,True
41d47f79b05c,10,6336,288,True
41d47f79b05c,11,6336,288,True
41d47f79b05c,12,6336,288,True
41d47f79b05c,13,6336,288,True
41d47f79b05c,14,6336,288,True
41d47f79b05c,15,6336,288,True
41d47f79b05c,16,6336,288,True
41d47f79b05c,17,6336,288,True
41d47f79b05c,18,6336,288,True
41d47f79b05c,19,6336,288,True
41d47f79b05c,20,6336,288,True
41d47f79b05c,21,6336,288,True
41d47f79b05c,22,6336,288,True
41d47f79b05c,23,6336,288,True
41d47f79b05c,24,6336,288,True
41d47f79b05c,25,6336,288,True
41d47f79b05c,26,6336,288,True
41d47f79b05c,27,6336,288,True
41d47f79b05c,28,6336,144,True
41d47f79b05c,29,6336,144,True
41d47f79b05c,30,6336,0,False
41d47f79b05c,31,6336,0,False
41d47f79b05c,32,6336,0,False
41d47f79b05c,33,6336,0,False
41d47f79b05c,34,6336,0,False
41d47f79b05c,35,6336,0,False
41d47f79b05c,36,6336,0,False
41d47f79b05c,37,6336,0,False
41d47f79b05c,38,6336,0,False
41d47f79b05c,39,6336,0,False
41d47f79b05c,40,6336,0,False
41d47f79b05c,41,6336,0,False
41d47f79b05c,42,6336,0,False
41d47f79b05c,43,6336,0,False
41d47f79b05c,44,6336,0,False
41d47f79b05c,45,6336,0,False
41d47f79b05c,46,6336,0,False
41d47f79b05c,47,6336,0,False
41d47f79b05c,48,6336,0,False
41d47f79b05c,49,6336,1224,True
41d47f79b05c,50,6336,0,False
41d47f79b05c,51,6336,0,False
41d47f79b05c,52,6336,0,False
41d47f79b05c,53,6336,0,False
41d47f79b05c,54,6336,0,False
41d47f79b05c,55,6336,4896,True
41d47f79b05c,56,6336,144,True
41d47f79b05c,57,6336,0,False
41d47f79b05c,58,6336,0,False
41d47f79b05c,59,6336,0,False
41d47f79b05c,60,6336,0,False
41d47f79b05c,61,6336,0,False
41d47f79b05c,62,6336,144,True
41d47f79b05c,63,6336,0,False
41d47f79b05c,64,6336,0,False
41d47f79b05c,65,6336,0,False
41d47f79b05c,66,6336,0,False
41d47f79b05c,67,6336,0,False
41d47f79b05c,68,6336,0,False
41d47f79b05c,69,6336,72,True
41d47f79b05c,70,6336,0,False
41d47f79b05c,71,6336,0,False
41d47f79b05c,72,6336,0,False
41d47f79b05c,73,6336,0,False
41d47f79b05c,74,6336,0,False
41d47f79b05c,75,6336,0,False
41d47f79b05c,76,6336,0,False
41d47f79b05c,77,6336,0,False
41d47f79b05c,78,6336,0,False
41d47f79b05c,79,6336,864,True
41d47f79b05c,80,6336,0,False
41d47f79b05c,81,6336,0,False
41d47f79b05c,82,6336,0,False
41d47f79b05c,83,6336,0,False
41d47f79b05c,84,6336,6336,True
41d47f79b05c,85,6336,0,False
41d47f79b05c,86,6336,0,False
41d47f79b05c,87,6336,288,True
41d47f79b05c,88,6336,288,True
41d47f79b05c,89,6336,144,True
41d47f79b05c,90,6336,144,True
41d47f79b05c,91,6336,0,False
41d47f79b05c,92,6336,0,False
3bcf538b361f,0,6336,1932,True
3bcf538b361f,1,6336,1236,True
3bcf538b361f,2,6336,1260,True
3bcf538b361f,3,6336,1908,True
3bcf538b361f,4,6336,0,False
3bcf538b361f,5,6336,3312,True
3bcf538b361f,6,6336,3024,True
3bcf538b361f,7,6336,288,True
3bcf538b361f,8,6336,288,True
3bcf538b361f,9,6336,288,True
3bcf538b361f,10,6336,288,True
3bcf538b361f,11,6336,288,True
3bcf538b361f,12,6336,288,True
3bcf538b361f,13,6336,288,True
3bcf538b361f,14,6336,288,True
3bcf538b361f,15,6336,288,True
3bcf538b361f,16,6336,288,True
3bcf538b361f,17,6336,288,True
3bcf538b361f,18,6336,288,True
3bcf538b361f,19,6336,288,True
3bcf538b361f,20,6336,288,True
3bcf538b361f,21,6336,288,True
3bcf538b361f,22,6336,288,True
3bcf538b361f,23,6336,288,True
3bcf538b361f,24,6336,288,True
3bcf538b361f,25,6336,288,True
3bcf538b361f,26,6336,288,True
3bcf538b361f,27,6336,288,True
3bcf538b361f,28,6336,144,True
3bcf538b361f,29,6336,144,True
3bcf538b361f,30,6336,0,False
3bcf538b361f,31,6336,0,False
3bcf538b361f,32,6336,0,False
3bcf538b361f,33,6336,0,False
3bcf538b361f,34,6336,0,False
3bcf538b361f,35,6336,0,False
3bcf538b361f,36,6336,0,False
3bcf538b361f,37,6336,0,False
3bcf538b361f,38,6336,0,False
3bcf538b361f,39,6336,0,False
3bcf538b361f,40,6336,0,False
3bcf538b361f,41,6336,0,False
3bcf538b361f,42,6336,0,False
3bcf538b361f,43,6336,0,False
3bcf538b361f,44,6336,0,False
3bcf538b361f,45,6336,0,False
3bcf538b361f,46,6336,0,False
3bcf538b361f,47,6336,0,False
3bcf538b361f,48,6336,0,False
3bcf538b361f,49,6336,1224,True
3bcf538b361f,50,6336,0,False
3bcf538b361f,51,6336,0,False
3bcf538b361f,52,6336,0,False
3bcf538b361f,53,6336,0,False
3bcf538b361f,54,6336,0,False
3bcf538b361f,55,6336,4896,True
3bcf538b361f,56,6336,144,True
3bcf538b361f,57,6336,0,False
3bcf538b361f,58,6336,0,False
3bcf538b361f,59,6336,0,False
3bcf538b361f,60,6336,0,False
3bcf538b361f,61,6336,0,False
3bcf538b361f,62,6336,144,True
3bcf538b361f,63,6336,0,False
3bcf538b361f,64,6336,0,False
3bcf538b361f,65,6336,0,False
3bcf538b361f,66,6336,0,False
3bcf538b361f,67,6336,0,False
3bcf538b361f,68,6336,0,False
3bcf538b361f,69,6336,72,True
3bcf538b361f,70,6336,0,False
3bcf538b361f,71,6336,0,False
3bcf538b361f,72,6336,0,False
3bcf538b361f,73,6336,0,False
3bcf538b361f,74,6336,0,False
3bcf538b361f,75,6336,0,False
3bcf538b361f,76,6336,0,False
3bcf538b361f,77,6336,0,False
3bcf538b361f,78,6336,0,False
3bcf538b361f,79,6336,864,True
3bcf538b361f,80,6336,0,False
3bcf538b361f,81,6336,0,False
3bcf538b361f,82,6336,0,False
3bcf538b361f,83,6336,0,False
3bcf538b361f,84,6336,6336,True
3bcf538b361f,85,6336,0,False
3bcf538b361f,86,6336,0,False
3bcf538b361f,87,6336,288,True
3bcf538b361f,88,6336,288,True
3bcf538b361f,89,6336,144,True
3bcf538b361f,90,6336,144,True
3bcf538b361f,91,6336,0,False
3bcf538b361f,92,6336,0,False
3109bb1b5319,0,6336,2016,True
3109bb1b5319,1,6336,1188,True
3109bb1b5319,2,6336,1200,True
3109bb1b5319,3,6336,1932,True
3109bb1b5319,4,6336,0,False
3109bb1b5319,5,6336,3312,True
3109bb1b5319,6,6336,3024,True
3109bb1b5319,7,6336,288,True
3109bb1b5319,8,6336,288,True
3109bb1b5319,9,6336,288,True
3109bb1b5319,10,6336,288,True
3109bb1b5319,11,6336,288,True
3109bb1b5319,12,6336,288,True
3109bb1b5319,13,6336,288,True
3109bb1b5319,14,6336,288,True
3109bb1b5319,15,6336,288,True
3109bb1b5319,16,6336,288,True
3109bb1b5319,17,6336,288,True
3109bb1b5319,18,6336,288,True
3109bb1b5319,19,6336,288,True
3109bb1b5319,20,6336,288,True
3109bb1b5319,21,6336,288,True
3109bb1b5319,22,6336,288,True
3109bb1b5319,23,6336,288,True
3109bb1b5319,24,6336,288,True
3109bb1b5319,25,6336,288,True
3109bb1b5319,26,6336,288,True
3109bb1b5319,27,6336,288,True
3109bb1b5319,28,6336,144,True
3109bb1b5319,29,6336,144,True
3109bb1b5319,30,6336,0,False
3109bb1b5319,31,6336,0,False
3109bb1b5319,32,6336,0,False
3109bb1b5319,33,6336,0,False
3109bb1b5319,34,6336,0,False
3109bb1b5319,35,6336,0,False
3109bb1b5319,36,6336,0,False
3109bb1b5319,37,6336,0,False
3109bb1b5319,38,6336,0,False
3109bb1b5319,39,6336,0,False
3109bb1b5319,40,6336,0,False
3109bb1b5319,41,6336,0,False
3109bb1b5319,42,6336,0,False
3109bb1b5319,43,6336,0,False
3109bb1b5319,44,6336,0,False
3109bb1b5319,45,6336,0,False
3109bb1b5319,46,6336,0,False
3109bb1b5319,47,6336,0,False
3109bb1b5319,48,6336,0,False
3109bb1b5319,49,6336,1224,True
3109bb1b5319,50,6336,0,False
3109bb1b5319,51,6336,0,False
3109bb1b5319,52,6336,0,False
3109bb1b5319,53,6336,0,False
3109bb1b5319,54,6336,0,False
3109bb1b5319,55,6336,4896,True
3109bb1b5319,56,6336,144,True
3109bb1b5319,57,6336,0,False
3109bb1b5319,58,6336,0,False
3109bb1b5319,59,6336,0,False
3109bb1b5319,60,6336,0,False
3109bb1b5319,61,6336,0,False
3109bb1b5319,62,6336,144,True
3109bb1b5319,63,6336,0,False
3109bb1b5319,64,6336,0,False
3109bb1b5319,65,6336,0,False
3109bb1b5319,66,6336,0,False
3109bb1b5319,67,6336,0,False
3109bb1b5319,68,6336,0,False
3109bb1b5319,69,6336,72,True
3109bb1b5319,70,6336,0,False
3109bb1b5319,71,6336,0,False
3109bb1b5319,72,6336,0,False
3109bb1b5319,73,6336,0,False
3109bb1b5319,74,6336,0,False
3109bb1b5319,75,6336,0,False
3109bb1b5319,76,6336,0,False
3109bb1b5319,77,6336,0,False
3109bb1b5319,78,6336,0,False
3109bb1b5319,79,6336,864,True
3109bb1b5319,80,6336,0,False
3109bb1b5319,81,6336,0,False
3109bb1b5319,82,6336,0,False
3109bb1b5319,83,6336,0,False
3109bb1b5319,84,6336,6336,True
3109bb1b5319,85,6336,0,False
3109bb1b5319,86,6336,0,False
3109bb1b5319,87,6336,288,True
3109bb1b5319,88,6336,288,True
3109bb1b5319,89,6336,144,True
3109bb1b5319,90,6336,144,True
3109bb1b5319,91,6336,0,False
3109bb1b5319,92,6336,0,False
9f79ccb1337c,0,6336,1836,True
9f79ccb1337c,1,6336,1344,True
9f79ccb1337c,2,6336,1356,True
9f79ccb1337c,3,6336,1800,True
9f79ccb1337c,4,6336,0,False
9f79ccb1337c,5,6336,3312,True
9f79ccb1337c,6,6336,3024,True
9f79ccb1337c,7,6336,288,True
9f79ccb1337c,8,6336,288,True
9f79ccb1337c,9,6336,288,True
9f79ccb1337c,10,6336,288,True
9f79ccb1337c,11,6336,288,True
9f79ccb1337c,12,6336,288,True
9f79ccb1337c,13,6336,288,True
9f79ccb1337c,14,6336,288,True
9f79ccb1337c,15,6336,288,True
9f79ccb1337c,16,6336,288,True
9f79ccb1337c,17,6336,288,True
9f79ccb1337c,18,6336,288,True
9f79ccb1337c,19,6336,288,True
9f79ccb1337c,20,6336,288,True
9f79ccb1337c,21,6336,288,True
9f79ccb1337c,22,6336,288,True
9f79ccb1337c,23,6336,288,True
9f79ccb1337c,24,6336,288,True
9f79ccb1337c,25,6336,288,True
9f79ccb1337c,26,6336,288,True
9f79ccb1337c,27,6336,288,True
9f79ccb1337c,28,6336,144,True
9f79ccb1337c,29,6336,144,True
9f79ccb1337c,30,6336,0,False
9f79ccb1337c,31,6336,0,False
9f79ccb1337c,32,6336,0,False
9f79ccb1337c,33,6336,0,False
9f79ccb1337c,34,6336,0,False
9f79ccb1337c,35,6336,0,False
9f79ccb1337c,36,6336,0,False
9f79ccb1337c,37,6336,0,False
9f79ccb1337c,38,6336,0,False
9f79ccb1337c,39,6336,0,False
9f79ccb1337c,40,6336,0,False
9f79ccb1337c,41,6336,0,False
9f79ccb1337c,42,6336,0,False
9f79ccb1337c,43,6336,0,False
9f79ccb1337c,44,6336,0,False
9f79ccb1337c,45,6336,0,False
9f79ccb1337c,46,6336,0,False
9f79ccb1337c,47,6336,0,False
9f79ccb1337c,48,6336,0,False
9f79ccb1337c,49,6336,1224,True
9f79ccb1337c,50,6336,0,False
9f79ccb1337c,51,6336,0,False
9f79ccb1337c,52,6336,0,False
9f79ccb1337c,53,6336,0,False
9f79ccb1337c,54,6336,0,False
9f79ccb1337c,55,6336,4896,True
9f79ccb1337c,56,6336,144,True
9f79ccb1337c,57,6336,0,False
9f79ccb1337c,58,6336,0,False
9f79ccb1337c,59,6336,0,False
9f79ccb1337c,60,6336,0,False
9f79ccb1337c,61,6336,0,False
9f79ccb1337c,62,6336,144,True
9f79ccb1337c,63,6336,0,False
9f79ccb1337c,64,6336,0,False
9f79ccb1337c,65,6336,0,False
9f79ccb1337c,66,6336,0,False
9f79ccb1337c,67,6336,0,False
9f79ccb1337c,68,6336,0,False
9f79ccb1337c,69,6336,72,True
9f79ccb1337c,70,6336,0,False
9f79ccb1337c,71,6336,0,False
9f79ccb1337c,72,6336,0,False
9f79ccb1337c,73,6336,0,False
9f79ccb1337c,74,6336,0,False
9f79ccb1337c,75,6336,0,False
9f79ccb1337c,76,6336,0,False
9f79ccb1337c,77,6336,0,False
9f79ccb1337c,78,6336,0,False
9f79ccb1337c,79,6336,864,True
9f79ccb1337c,80,6336,0,False
9f79ccb1337c,81,6336,0,False
9f79ccb1337c,82,6336,0,False
9f79ccb1337c,83,6336,0,False
9f79ccb1337c,84,6336,6336,True
9f79ccb1337c,85,6336,0,False
9f79ccb1337c,86,6336,0,False
9f79ccb1337c,87,6336,288,True
9f79ccb1337c,88,6336,288,True
9f79ccb1337c,89,6336,144,True
9f79ccb1337c,90,6336,144,True
9f79ccb1337c,91,6336,0,False
9f79ccb1337c,92,6336,0,False
5888a9ecb84b,0,6864,2160,True
5888a9ecb84b,1,6864,1284,True
5888a9ecb84b,2,6864,1296,True
5888a9ecb84b,3,6864,2124,True
5888a9ecb84b,4,6864,0,False
5888a9ecb84b,5,6864,3588,True
5888a9ecb84b,6,6864,3276,True
5888a9ecb84b,7,6864,312,True
5888a9ecb84b,8,6864,312,True
5888a9ecb84b,9,6864,312,True
5888a9ecb84b,10,6864,312,True
5888a9ecb84b,11,6864,312,True
5888a9ecb84b,12,6864,312,True
5888a9ecb84b,13,6864,312,True
5888a9ecb84b,14,6864,312,True
5888a9ecb84b,15,6864,312,True
5888a9ecb84b,16,6864,312,True
5888a9ecb84b,17,6864,312,True
5888a9ecb84b,18,6864,312,True
5888a9ecb84b,19,6864,312,True
5888a9ecb84b,20,6864,312,True
5888a9ecb84b,21,6864,312,True
5888a9ecb84b,22,6864,312,True
5888a9ecb84b,23,6864,312,True
5888a9ecb84b,24,6864,312,True
5888a9ecb84b,25,6864,312,True
5888a9ecb84b,26,6864,312,True
5888a9ecb84b,27,6864,312,True
5888a9ecb84b,28,6864,156,True
5888a9ecb84b,29,6864,156,True
5888a9ecb84b,30,6864,0,False
5888a9ecb84b,31,6864,0,False
5888a9ecb84b,32,6864,0,False
5888a9ecb84b,33,6864,0,False
5888a9ecb84b,34,6864,0,False
5888a9ecb84b,35,6864,0,False
5888a9ecb84b,36,6864,0,False
5888a9ecb84b,37,6864,0,False
5888a9ecb84b,38,6864,0,False
5888a9ecb84b,39,6864,0,False
5888a9ecb84b,40,6864,0,False
5888a9ecb84b,41,6864,0,False
5888a9ecb84b,42,6864,0,False
5888a9ecb84b,43,6864,0,False
5888a9ecb84b,44,6864,0,False
5888a9ecb84b,45,6864,0,False
5888a9ecb84b,46,6864,0,False
5888a9ecb84b,47,6864,0,False
5888a9ecb84b,48,6864,0,False
5888a9ecb84b,49,6864,1326,True
5888a9ecb84b,50,6864,0,False
5888a9ecb84b,51,6864,0,False
5888a9ecb84b,52,6864,0,False
5888a9ecb84b,53,6864,0,False
5888a9ecb84b,54,6864,0,False
5888a9ecb84b,55,6864,5304,True
5888a9ecb84b,56,6864,156,True
5888a9ecb84b,57,6864,0,False
5888a9ecb84b,58,6864,0,False
5888a9ecb84b,59,6864,0,False
5888a9ecb84b,60,6864,0,False
5888a9ecb84b,61,6864,0,False
5888a9ecb84b,62,6864,156,True
5888a9ecb84b,63,6864,0,False
5888a9ecb84b,64,6864,0,False
5888a9ecb84b,65,6864,0,False
5888a9ecb84b,66,6864,0,False
5888a9ecb84b,67,6864,0,False
5888a9ecb84b,68,6864,0,False
5888a9ecb84b,69,6864,78,True
5888a9ecb84b,70,6864,0,False
5888a9ecb84b,71,6864,0,False
5888a9ecb84b,72,6864,0,False
5888a9ecb84b,73,6864,0,False
5888a9ecb84b,74,6864,0,False
5888a9ecb84b,75,6864,0,False
5888a9ecb84b,76,6864,0,False
5888a9ecb84b,77,6864,0,False
5888a9ecb84b,78,6864,0,False
5888a9ecb84b,79,6864,936,True
5888a9ecb84b,80,6864,0,False
5888a9ecb84b,81,6864,0,False
5888a9ecb84b,82,6864,0,False
5888a9ecb84b,83,6864,0,False
5888a9ecb84b,84,6864,6864,True
5888a9ecb84b,85,6864,0,False
5888a9ecb84b,86,6864,0,False
5888a9ecb84b,87,6864,312,True
5888a9ecb84b,88,6864,312,True
5888a9ecb84b,89,6864,156,True
5888a9ecb84b,90,6864,156,True
5888a9ecb84b,91,6864,0,False
5888a9ecb84b,92,6864,0,False
cb1e80dbab74,0,6864,2148,True
cb1e80dbab74,1,6864,1296,True
cb1e80dbab74,2,6864,1356,True
cb1e80dbab74,3,6864,2064,True
cb1e80dbab74,4,6864,0,False
cb1e80dbab74,5,6864,3588,True
cb1e80dbab74,6,6864,3276,True
cb1e80dbab74,7,6864,312,True
cb1e80dbab74,8,6864,312,True
cb1e80dbab74,9,6864,312,True
cb1e80dbab74,10,6864,312,True
cb1e80dbab74,11,6864,312,True
cb1e80dbab74,12,6864,312,True
cb1e80dbab74,13,6864,312,True
cb1e80dbab74,14,6864,312,True
cb1e80dbab74,15,6864,312,True
cb1e80dbab74,16,6864,312,True
cb1e80dbab74,17,6864,312,True
cb1e80dbab74,18,6864,312,True
cb1e80dbab74,19,6864,312,True
cb1e80dbab74,20,6864,312,True
cb1e80dbab74,21,6864,312,True
cb1e80dbab74,22,6864,312,True
cb1e80dbab74,23,6864,312,True
cb1e80dbab74,24,6864,312,True
cb1e80dbab74,25,6864,312,True
cb1e80dbab74,26,6864,312,True
cb1e80dbab74,27,6864,312,True
cb1e80dbab74,28,6864,156,True
cb1e80dbab74,29,6864,156,True
cb1e80dbab74,30,6864,0,False
cb1e80dbab74,31,6864,0,False
cb1e80dbab74,32,6864,0,False
cb1e80dbab74,33,6864,0,False
cb1e80dbab74,34,6864,0,False
cb1e80dbab74,35,6864,0,False
cb1e80dbab74,36,6864,0,False
cb1e80dbab74,37,6864,0,False
cb1e80dbab74,38,6864,0,False
cb1e80dbab74,39,6864,0,False
cb1e80dbab74,40,6864,0,False
cb1e80dbab74,41,6864,0,False
cb1e80dbab74,42,6864,0,False
cb1e80dbab74,43,6864,0,False
cb1e80dbab74,44,6864,0,False
cb1e80dbab74,45,6864,0,False
cb1e80dbab74,46,6864,0,False
cb1e80dbab74,47,6864,0,False
cb1e80dbab74,48,6864,0,False
cb1e80dbab74,49,6864,1326,True
cb1e80dbab74,50,6864,0,False
cb1e80dbab74,51,6864,0,False
cb1e80dbab74,52,6864,0,False
cb1e80dbab74,53,6864,0,False
cb1e80dbab74,54,6864,0,False
cb1e80dbab74,55,6864,5304,True
cb1e80dbab74,56,6864,156,True
cb1e80dbab74,57,6864,0,False
cb1e80dbab74,58,6864,0,False
cb1e80dbab74,59,6864,0,False
cb1e80dbab74,60,6864,0,False
cb1e80dbab74,61,6864,0,False
cb1e80dbab74,62,6864,156,True
cb1e80dbab74,63,6864,0,False
cb1e80dbab74,64,6864,0,False
cb1e80dbab74,65,6864,0,False
cb1e80dbab74,66,6864,0,False
cb1e80dbab74,67,6864,0,False
cb1e80dbab74,68,6864,0,False
cb1e80dbab74,69,6864,78,True
cb1e80dbab74,70,6864,0,False
cb1e80dbab74,71,6864,0,False
cb1e80dbab74,72,6864,0,False
cb1e80dbab74,73,6864,0,False
cb1e80dbab74,74,6864,0,False
cb1e80dbab74,75,6864,0,False
cb1e80dbab74,76,6864,0,False
cb1e80dbab74,77,6864,0,False
cb1e80dbab74,78,6864,0,False
cb1e80dbab74,79,6864,936,True
cb1e80dbab74,80,6864,0,False
cb1e80dbab74,81,6864,0,False
cb1e80dbab74,82,6864,0,False
cb1e80dbab74,83,6864,0,False
cb1e80dbab74,84,6864,6864,True
cb1e80dbab74,85,6864,0,False
cb1e80dbab74,86,6864,0,False
cb1e80dbab74,87,6864,312,True
cb1e80dbab74,88,6864,312,True
cb1e80dbab74,89,6864,156,True
cb1e80dbab74,90,6864,156,True
cb1e80dbab74,91,6864,0,False
cb1e80dbab74,92,6864,0,False
f3c4e1017c56,0,7392,2340,True
f3c4e1017c56,1,7392,1404,True
f3c4e1017c56,2,7392,1380,True
f3c4e1017c56,3,7392,2268,True
f3c4e1017c56,4,7392,0,False
f3c4e1017c56,5,7392,3864,True
f3c4e1017c56,6,7392,3528,True
f3c4e1017c56,7,7392,336,True
f3c4e1017c56,8,7392,336,True
f3c4e1017c56,9,7392,336,True
f3c4e1017c56,10,7392,336,True
f3c4e1017c56,11,7392,336,True
f3c4e1017c56,12,7392,336,True
f3c4e1017c56,13,7392,336,True
f3c4e1017c56,14,7392,336,True
f3c4e1017c56,15,7392,336,True
f3c4e1017c56,16,7392,336,True
f3c4e1017c56,17,7392,336,True
f3c4e1017c56,18,7392,336,True
f3c4e1017c56,19,7392,336,True
f3c4e1017c56,20,7392,336,True
f3c4e1017c56,21,7392,336,True
f3c4e1017c56,22,7392,336,True
f3c4e1017c56,23,7392,336,True
f3c4e1017c56,24,7392,336,True
f3c4e1017c56,25,7392,336,True
f3c4e1017c56,26,7392,336,True
f3c4e1017c56,27,7392,336,True
f3c4e1017c56,28,7392,168,True
f3c4e1017c56,29,7392,168,True
f3c4e1017c56,30,7392,0,False
f3c4e1017c56,31,7392,0,False
f3c4e1017c56,32,7392,0,False
f3c4e1017c56,33,7392,0,False
f3c4e1017c56,34,7392,0,False
f3c4e1017c56,35,7392,0,False
f3c4e1017c56,36,7392,0,False
f3c4e1017c56,37,7392,0,False
f3c4e1017c56,38,7392,0,False
f3c4e1017c56,39,7392,0,False
f3c4e1017c56,40,7392,0,False
f3c4e1017c56,41,7392,0,False
f3c4e1017c56,42,7392,0,False
f3c4e1017c56,43,7392,0,False
f3c4e1017c56,44,7392,0,False
f3c4e1017c56,45,7392,0,False
f3c4e1017c56,46,7392,0,False
f3c4e1017c56,47,7392,0,False
f3c4e1017c56,48,7392,0,False
f3c4e1017c56,49,7392,1428,True
f3c4e1017c56,50,7392,0,False
f3c4e1017c56,51,7392,0,False
f3c4e1017c56,52,7392,0,False
f3c4e1017c56,53,7392,0,False
f3c4e1017c56,54,7392,0,False
f3c4e1017c56,55,7392,5712,True
f3c4e1017c56,56,7392,168,True
f3c4e1017c56,57,7392,0,False
f3c4e1017c56,58,7392,0,False
f3c4e1017c56,59,7392,0,False
f3c4e1017c56,60,7392,0,False
f3c4e1017c56,61,7392,0,False
f3c4e1017c56,62,7392,168,True
f3c4e1017c56,63,7392,0,False
f3c4e1017c56,64,7392,0,False
f3c4e1017c56,65,7392,0,False
f3c4e1017c56,66,7392,0,False
f3c4e1017c56,67,7392,0,False
f3c4e1017c56,68,7392,0,False
f3c4e1017c56,69,7392,84,True
f3c4e1017c56,70,7392,0,False
f3c4e1017c56,71,7392,0,False
f3c4e1017c56,72,7392,0,False
f3c4e1017c56,73,7392,0,False
f3c4e1017c56,74,7392,0,False
f3c4e1017c56,75,7392,0,False
f3c4e1017c56,76,7392,0,False
f3c4e1017c56,77,7392,0,False
f3c4e1017c56,78,7392,0,False
f3c4e1017c56,79,7392,1008,True
f3c4e1017c56,80,7392,0,False
f3c4e1017c56,81,7392,0,False
f3c4e1017c56,82,7392,0,False
f3c4e1017c56,83,7392,0,False
f3c4e1017c56,84,7392,7392,True
f3c4e1017c56,85,7392,0,False
f3c4e1017c56,86,7392,0,False
f3c4e1017c56,87,7392,336,True
f3c4e1017c56,88,7392,336,True
f3c4e1017c56,89,7392,168,True
f3c4e1017c56,90,7392,168,True
f3c4e1017c56,91,7392,0,False
f3c4e1017c56,92,7392,0,False
