original_fit,corrected_fit,population,seed,same_training_and_validation,same_selected_configuration,same_selected_epoch,same_executed_updates,validation_prediction_max_absolute_difference,selected_parameter_max_absolute_difference,selected_parameters_bit_identical,qualification
activity/deployment/final/original_gnn/s11027,activity/deployment/final/corrected_gnn/s11027,deployment,11027,True,True,True,True,0.0,0.0,True,Saved-state comparison only. Different inference routing can change APP/S7 predictions even with identical selected tensors.
activity/deployment/final/original_gnn/s1103,activity/deployment/final/corrected_gnn/s1103,deployment,1103,True,True,True,True,0.0,0.0,True,Saved-state comparison only. Different inference routing can change APP/S7 predictions even with identical selected tensors.
activity/deployment/final/original_gnn/s2207,activity/deployment/final/corrected_gnn/s2207,deployment,2207,True,True,True,True,0.0,0.0,True,Saved-state comparison only. Different inference routing can change APP/S7 predictions even with identical selected tensors.
activity/deployment/final/original_gnn/s3301,activity/deployment/final/corrected_gnn/s3301,deployment,3301,True,True,True,True,0.0,0.0,True,Saved-state comparison only. Different inference routing can change APP/S7 predictions even with identical selected tensors.
activity/deployment/final/original_gnn/s4409,activity/deployment/final/corrected_gnn/s4409,deployment,4409,True,True,True,True,0.0,0.0,True,Saved-state comparison only. Different inference routing can change APP/S7 predictions even with identical selected tensors.
activity/deployment/final/original_gnn/s5519,activity/deployment/final/corrected_gnn/s5519,deployment,5519,True,True,True,True,0.0,0.0,True,Saved-state comparison only. Different inference routing can change APP/S7 predictions even with identical selected tensors.
activity/deployment/final/original_gnn/s6637,activity/deployment/final/corrected_gnn/s6637,deployment,6637,True,True,True,True,0.0,0.0,True,Saved-state comparison only. Different inference routing can change APP/S7 predictions even with identical selected tensors.
activity/deployment/final/original_gnn/s7753,activity/deployment/final/corrected_gnn/s7753,deployment,7753,True,True,True,True,0.0,0.0,True,Saved-state comparison only. Different inference routing can change APP/S7 predictions even with identical selected tensors.
activity/deployment/final/original_gnn/s8867,activity/deployment/final/corrected_gnn/s8867,deployment,8867,True,True,True,True,0.0,0.0,True,Saved-state comparison only. Different inference routing can change APP/S7 predictions even with identical selected tensors.
activity/deployment/final/original_gnn/s9973,activity/deployment/final/corrected_gnn/s9973,deployment,9973,True,True,True,True,0.0,0.0,True,Saved-state comparison only. Different inference routing can change APP/S7 predictions even with identical selected tensors.
activity/deployment/final/original_no_message/s11027,activity/deployment/final/corrected_no_message/s11027,deployment,11027,True,True,True,True,0.0,0.0,True,Saved-state comparison only. Different inference routing can change APP/S7 predictions even with identical selected tensors.
activity/deployment/final/original_no_message/s1103,activity/deployment/final/corrected_no_message/s1103,deployment,1103,True,True,True,True,0.0,0.0,True,Saved-state comparison only. Different inference routing can change APP/S7 predictions even with identical selected tensors.
activity/deployment/final/original_no_message/s2207,activity/deployment/final/corrected_no_message/s2207,deployment,2207,True,True,True,True,0.0,0.0,True,Saved-state comparison only. Different inference routing can change APP/S7 predictions even with identical selected tensors.
activity/deployment/final/original_no_message/s3301,activity/deployment/final/corrected_no_message/s3301,deployment,3301,True,True,True,True,0.0,0.0,True,Saved-state comparison only. Different inference routing can change APP/S7 predictions even with identical selected tensors.
activity/deployment/final/original_no_message/s4409,activity/deployment/final/corrected_no_message/s4409,deployment,4409,True,True,True,True,0.0,0.0,True,Saved-state comparison only. Different inference routing can change APP/S7 predictions even with identical selected tensors.
activity/deployment/final/original_no_message/s5519,activity/deployment/final/corrected_no_message/s5519,deployment,5519,True,True,True,True,0.0,0.0,True,Saved-state comparison only. Different inference routing can change APP/S7 predictions even with identical selected tensors.
activity/deployment/final/original_no_message/s6637,activity/deployment/final/corrected_no_message/s6637,deployment,6637,True,True,True,True,0.0,0.0,True,Saved-state comparison only. Different inference routing can change APP/S7 predictions even with identical selected tensors.
activity/deployment/final/original_no_message/s7753,activity/deployment/final/corrected_no_message/s7753,deployment,7753,True,True,True,True,0.0,0.0,True,Saved-state comparison only. Different inference routing can change APP/S7 predictions even with identical selected tensors.
activity/deployment/final/original_no_message/s8867,activity/deployment/final/corrected_no_message/s8867,deployment,8867,True,True,True,True,0.0,0.0,True,Saved-state comparison only. Different inference routing can change APP/S7 predictions even with identical selected tensors.
activity/deployment/final/original_no_message/s9973,activity/deployment/final/corrected_no_message/s9973,deployment,9973,True,True,True,True,0.0,0.0,True,Saved-state comparison only. Different inference routing can change APP/S7 predictions even with identical selected tensors.
activity/outer0/final/original_gnn/s11027,activity/outer0/final/corrected_gnn/s11027,outer0,11027,True,True,True,True,0.0,0.0,True,Saved-state comparison only. Different inference routing can change APP/S7 predictions even with identical selected tensors.
activity/outer0/final/original_gnn/s1103,activity/outer0/final/corrected_gnn/s1103,outer0,1103,True,True,True,True,0.0,0.0,True,Saved-state comparison only. Different inference routing can change APP/S7 predictions even with identical selected tensors.
activity/outer0/final/original_gnn/s2207,activity/outer0/final/corrected_gnn/s2207,outer0,2207,True,True,True,True,0.0,0.0,True,Saved-state comparison only. Different inference routing can change APP/S7 predictions even with identical selected tensors.
activity/outer0/final/original_gnn/s3301,activity/outer0/final/corrected_gnn/s3301,outer0,3301,True,True,True,True,0.0,0.0,True,Saved-state comparison only. Different inference routing can change APP/S7 predictions even with identical selected tensors.
activity/outer0/final/original_gnn/s4409,activity/outer0/final/corrected_gnn/s4409,outer0,4409,True,True,True,True,0.0,0.0,True,Saved-state comparison only. Different inference routing can change APP/S7 predictions even with identical selected tensors.
activity/outer0/final/original_gnn/s5519,activity/outer0/final/corrected_gnn/s5519,outer0,5519,True,True,True,True,0.0,0.0,True,Saved-state comparison only. Different inference routing can change APP/S7 predictions even with identical selected tensors.
activity/outer0/final/original_gnn/s6637,activity/outer0/final/corrected_gnn/s6637,outer0,6637,True,True,True,True,0.0,0.0,True,Saved-state comparison only. Different inference routing can change APP/S7 predictions even with identical selected tensors.
activity/outer0/final/original_gnn/s7753,activity/outer0/final/corrected_gnn/s7753,outer0,7753,True,True,True,True,0.0,0.0,True,Saved-state comparison only. Different inference routing can change APP/S7 predictions even with identical selected tensors.
activity/outer0/final/original_gnn/s8867,activity/outer0/final/corrected_gnn/s8867,outer0,8867,True,True,True,True,0.0,0.0,True,Saved-state comparison only. Different inference routing can change APP/S7 predictions even with identical selected tensors.
activity/outer0/final/original_gnn/s9973,activity/outer0/final/corrected_gnn/s9973,outer0,9973,True,True,True,True,0.0,0.0,True,Saved-state comparison only. Different inference routing can change APP/S7 predictions even with identical selected tensors.
activity/outer0/final/original_no_message/s11027,activity/outer0/final/corrected_no_message/s11027,outer0,11027,True,True,True,True,0.0,0.0,True,Saved-state comparison only. Different inference routing can change APP/S7 predictions even with identical selected tensors.
activity/outer0/final/original_no_message/s1103,activity/outer0/final/corrected_no_message/s1103,outer0,1103,True,True,True,True,0.0,0.0,True,Saved-state comparison only. Different inference routing can change APP/S7 predictions even with identical selected tensors.
activity/outer0/final/original_no_message/s2207,activity/outer0/final/corrected_no_message/s2207,outer0,2207,True,True,True,True,0.0,0.0,True,Saved-state comparison only. Different inference routing can change APP/S7 predictions even with identical selected tensors.
activity/outer0/final/original_no_message/s3301,activity/outer0/final/corrected_no_message/s3301,outer0,3301,True,True,True,True,0.0,0.0,True,Saved-state comparison only. Different inference routing can change APP/S7 predictions even with identical selected tensors.
activity/outer0/final/original_no_message/s4409,activity/outer0/final/corrected_no_message/s4409,outer0,4409,True,True,True,True,0.0,0.0,True,Saved-state comparison only. Different inference routing can change APP/S7 predictions even with identical selected tensors.
activity/outer0/final/original_no_message/s5519,activity/outer0/final/corrected_no_message/s5519,outer0,5519,True,True,True,True,0.0,0.0,True,Saved-state comparison only. Different inference routing can change APP/S7 predictions even with identical selected tensors.
activity/outer0/final/original_no_message/s6637,activity/outer0/final/corrected_no_message/s6637,outer0,6637,True,True,True,True,0.0,0.0,True,Saved-state comparison only. Different inference routing can change APP/S7 predictions even with identical selected tensors.
activity/outer0/final/original_no_message/s7753,activity/outer0/final/corrected_no_message/s7753,outer0,7753,True,True,True,True,0.0,0.0,True,Saved-state comparison only. Different inference routing can change APP/S7 predictions even with identical selected tensors.
activity/outer0/final/original_no_message/s8867,activity/outer0/final/corrected_no_message/s8867,outer0,8867,True,True,True,True,0.0,0.0,True,Saved-state comparison only. Different inference routing can change APP/S7 predictions even with identical selected tensors.
activity/outer0/final/original_no_message/s9973,activity/outer0/final/corrected_no_message/s9973,outer0,9973,True,True,True,True,0.0,0.0,True,Saved-state comparison only. Different inference routing can change APP/S7 predictions even with identical selected tensors.
activity/outer1/final/original_gnn/s11027,activity/outer1/final/corrected_gnn/s11027,outer1,11027,True,True,True,True,0.0023419857025146484,0.0,True,Saved-state comparison only. Different inference routing can change APP/S7 predictions even with identical selected tensors.
activity/outer1/final/original_gnn/s1103,activity/outer1/final/corrected_gnn/s1103,outer1,1103,True,True,True,True,0.0010304450988769531,0.0,True,Saved-state comparison only. Different inference routing can change APP/S7 predictions even with identical selected tensors.
activity/outer1/final/original_gnn/s2207,activity/outer1/final/corrected_gnn/s2207,outer1,2207,True,True,True,True,0.0019309520721435547,0.0,True,Saved-state comparison only. Different inference routing can change APP/S7 predictions even with identical selected tensors.
activity/outer1/final/original_gnn/s3301,activity/outer1/final/corrected_gnn/s3301,outer1,3301,True,True,True,True,0.002169668674468994,0.0,True,Saved-state comparison only. Different inference routing can change APP/S7 predictions even with identical selected tensors.
activity/outer1/final/original_gnn/s4409,activity/outer1/final/corrected_gnn/s4409,outer1,4409,True,True,True,True,0.0010395646095275879,0.0,True,Saved-state comparison only. Different inference routing can change APP/S7 predictions even with identical selected tensors.
activity/outer1/final/original_gnn/s5519,activity/outer1/final/corrected_gnn/s5519,outer1,5519,True,True,True,True,0.0010704398155212402,0.0,True,Saved-state comparison only. Different inference routing can change APP/S7 predictions even with identical selected tensors.
activity/outer1/final/original_gnn/s6637,activity/outer1/final/corrected_gnn/s6637,outer1,6637,True,True,True,True,0.0002453327178955078,0.0,True,Saved-state comparison only. Different inference routing can change APP/S7 predictions even with identical selected tensors.
activity/outer1/final/original_gnn/s7753,activity/outer1/final/corrected_gnn/s7753,outer1,7753,True,True,True,True,0.0005297064781188965,0.0,True,Saved-state comparison only. Different inference routing can change APP/S7 predictions even with identical selected tensors.
activity/outer1/final/original_gnn/s8867,activity/outer1/final/corrected_gnn/s8867,outer1,8867,True,True,True,True,0.0010491609573364258,0.0,True,Saved-state comparison only. Different inference routing can change APP/S7 predictions even with identical selected tensors.
activity/outer1/final/original_gnn/s9973,activity/outer1/final/corrected_gnn/s9973,outer1,9973,True,True,True,True,0.0007418990135192871,0.0,True,Saved-state comparison only. Different inference routing can change APP/S7 predictions even with identical selected tensors.
activity/outer1/final/original_no_message/s11027,activity/outer1/final/corrected_no_message/s11027,outer1,11027,True,True,True,True,0.0014873147010803223,0.0,True,Saved-state comparison only. Different inference routing can change APP/S7 predictions even with identical selected tensors.
activity/outer1/final/original_no_message/s1103,activity/outer1/final/corrected_no_message/s1103,outer1,1103,True,True,True,True,0.0020011067390441895,0.0,True,Saved-state comparison only. Different inference routing can change APP/S7 predictions even with identical selected tensors.
activity/outer1/final/original_no_message/s2207,activity/outer1/final/corrected_no_message/s2207,outer1,2207,True,True,True,True,0.002099156379699707,0.0,True,Saved-state comparison only. Different inference routing can change APP/S7 predictions even with identical selected tensors.
activity/outer1/final/original_no_message/s3301,activity/outer1/final/corrected_no_message/s3301,outer1,3301,True,True,True,True,0.0014514923095703125,0.0,True,Saved-state comparison only. Different inference routing can change APP/S7 predictions even with identical selected tensors.
activity/outer1/final/original_no_message/s4409,activity/outer1/final/corrected_no_message/s4409,outer1,4409,True,True,True,True,0.002235233783721924,0.0,True,Saved-state comparison only. Different inference routing can change APP/S7 predictions even with identical selected tensors.
activity/outer1/final/original_no_message/s5519,activity/outer1/final/corrected_no_message/s5519,outer1,5519,True,True,True,True,0.0008590817451477051,0.0,True,Saved-state comparison only. Different inference routing can change APP/S7 predictions even with identical selected tensors.
activity/outer1/final/original_no_message/s6637,activity/outer1/final/corrected_no_message/s6637,outer1,6637,True,True,True,True,0.0016979575157165527,0.0,True,Saved-state comparison only. Different inference routing can change APP/S7 predictions even with identical selected tensors.
activity/outer1/final/original_no_message/s7753,activity/outer1/final/corrected_no_message/s7753,outer1,7753,True,True,True,True,0.0016932487487792969,0.0,True,Saved-state comparison only. Different inference routing can change APP/S7 predictions even with identical selected tensors.
activity/outer1/final/original_no_message/s8867,activity/outer1/final/corrected_no_message/s8867,outer1,8867,True,True,True,True,0.0012195706367492676,0.0,True,Saved-state comparison only. Different inference routing can change APP/S7 predictions even with identical selected tensors.
activity/outer1/final/original_no_message/s9973,activity/outer1/final/corrected_no_message/s9973,outer1,9973,True,True,True,True,0.0018551349639892578,0.0,True,Saved-state comparison only. Different inference routing can change APP/S7 predictions even with identical selected tensors.
activity/outer2/final/original_gnn/s11027,activity/outer2/final/corrected_gnn/s11027,outer2,11027,True,True,True,True,0.0,0.0,True,Saved-state comparison only. Different inference routing can change APP/S7 predictions even with identical selected tensors.
activity/outer2/final/original_gnn/s1103,activity/outer2/final/corrected_gnn/s1103,outer2,1103,True,True,True,True,0.0,0.0,True,Saved-state comparison only. Different inference routing can change APP/S7 predictions even with identical selected tensors.
activity/outer2/final/original_gnn/s2207,activity/outer2/final/corrected_gnn/s2207,outer2,2207,True,True,True,True,0.0,0.0,True,Saved-state comparison only. Different inference routing can change APP/S7 predictions even with identical selected tensors.
activity/outer2/final/original_gnn/s3301,activity/outer2/final/corrected_gnn/s3301,outer2,3301,True,True,True,True,0.0,0.0,True,Saved-state comparison only. Different inference routing can change APP/S7 predictions even with identical selected tensors.
activity/outer2/final/original_gnn/s4409,activity/outer2/final/corrected_gnn/s4409,outer2,4409,True,True,True,True,0.0,0.0,True,Saved-state comparison only. Different inference routing can change APP/S7 predictions even with identical selected tensors.
activity/outer2/final/original_gnn/s5519,activity/outer2/final/corrected_gnn/s5519,outer2,5519,True,True,True,True,0.0,0.0,True,Saved-state comparison only. Different inference routing can change APP/S7 predictions even with identical selected tensors.
activity/outer2/final/original_gnn/s6637,activity/outer2/final/corrected_gnn/s6637,outer2,6637,True,True,True,True,0.0,0.0,True,Saved-state comparison only. Different inference routing can change APP/S7 predictions even with identical selected tensors.
activity/outer2/final/original_gnn/s7753,activity/outer2/final/corrected_gnn/s7753,outer2,7753,True,True,True,True,0.0,0.0,True,Saved-state comparison only. Different inference routing can change APP/S7 predictions even with identical selected tensors.
activity/outer2/final/original_gnn/s8867,activity/outer2/final/corrected_gnn/s8867,outer2,8867,True,True,True,True,0.0,0.0,True,Saved-state comparison only. Different inference routing can change APP/S7 predictions even with identical selected tensors.
activity/outer2/final/original_gnn/s9973,activity/outer2/final/corrected_gnn/s9973,outer2,9973,True,True,True,True,0.0,0.0,True,Saved-state comparison only. Different inference routing can change APP/S7 predictions even with identical selected tensors.
activity/outer2/final/original_no_message/s11027,activity/outer2/final/corrected_no_message/s11027,outer2,11027,True,True,True,True,0.0,0.0,True,Saved-state comparison only. Different inference routing can change APP/S7 predictions even with identical selected tensors.
activity/outer2/final/original_no_message/s1103,activity/outer2/final/corrected_no_message/s1103,outer2,1103,True,True,True,True,0.0,0.0,True,Saved-state comparison only. Different inference routing can change APP/S7 predictions even with identical selected tensors.
activity/outer2/final/original_no_message/s2207,activity/outer2/final/corrected_no_message/s2207,outer2,2207,True,True,True,True,0.0,0.0,True,Saved-state comparison only. Different inference routing can change APP/S7 predictions even with identical selected tensors.
activity/outer2/final/original_no_message/s3301,activity/outer2/final/corrected_no_message/s3301,outer2,3301,True,True,True,True,0.0,0.0,True,Saved-state comparison only. Different inference routing can change APP/S7 predictions even with identical selected tensors.
activity/outer2/final/original_no_message/s4409,activity/outer2/final/corrected_no_message/s4409,outer2,4409,True,True,True,True,0.0,0.0,True,Saved-state comparison only. Different inference routing can change APP/S7 predictions even with identical selected tensors.
activity/outer2/final/original_no_message/s5519,activity/outer2/final/corrected_no_message/s5519,outer2,5519,True,True,True,True,0.0,0.0,True,Saved-state comparison only. Different inference routing can change APP/S7 predictions even with identical selected tensors.
activity/outer2/final/original_no_message/s6637,activity/outer2/final/corrected_no_message/s6637,outer2,6637,True,True,True,True,0.0,0.0,True,Saved-state comparison only. Different inference routing can change APP/S7 predictions even with identical selected tensors.
activity/outer2/final/original_no_message/s7753,activity/outer2/final/corrected_no_message/s7753,outer2,7753,True,True,True,True,0.0,0.0,True,Saved-state comparison only. Different inference routing can change APP/S7 predictions even with identical selected tensors.
activity/outer2/final/original_no_message/s8867,activity/outer2/final/corrected_no_message/s8867,outer2,8867,True,True,True,True,0.0,0.0,True,Saved-state comparison only. Different inference routing can change APP/S7 predictions even with identical selected tensors.
activity/outer2/final/original_no_message/s9973,activity/outer2/final/corrected_no_message/s9973,outer2,9973,True,True,True,True,0.0,0.0,True,Saved-state comparison only. Different inference routing can change APP/S7 predictions even with identical selected tensors.
activity/outer3/final/original_gnn/s11027,activity/outer3/final/corrected_gnn/s11027,outer3,11027,True,True,True,True,0.0,0.0,True,Saved-state comparison only. Different inference routing can change APP/S7 predictions even with identical selected tensors.
activity/outer3/final/original_gnn/s1103,activity/outer3/final/corrected_gnn/s1103,outer3,1103,True,True,True,True,0.0,0.0,True,Saved-state comparison only. Different inference routing can change APP/S7 predictions even with identical selected tensors.
activity/outer3/final/original_gnn/s2207,activity/outer3/final/corrected_gnn/s2207,outer3,2207,True,True,True,True,0.0,0.0,True,Saved-state comparison only. Different inference routing can change APP/S7 predictions even with identical selected tensors.
activity/outer3/final/original_gnn/s3301,activity/outer3/final/corrected_gnn/s3301,outer3,3301,True,True,True,True,0.0,0.0,True,Saved-state comparison only. Different inference routing can change APP/S7 predictions even with identical selected tensors.
activity/outer3/final/original_gnn/s4409,activity/outer3/final/corrected_gnn/s4409,outer3,4409,True,True,True,True,0.0,0.0,True,Saved-state comparison only. Different inference routing can change APP/S7 predictions even with identical selected tensors.
activity/outer3/final/original_gnn/s5519,activity/outer3/final/corrected_gnn/s5519,outer3,5519,True,True,True,True,0.0,0.0,True,Saved-state comparison only. Different inference routing can change APP/S7 predictions even with identical selected tensors.
activity/outer3/final/original_gnn/s6637,activity/outer3/final/corrected_gnn/s6637,outer3,6637,True,True,True,True,0.0,0.0,True,Saved-state comparison only. Different inference routing can change APP/S7 predictions even with identical selected tensors.
activity/outer3/final/original_gnn/s7753,activity/outer3/final/corrected_gnn/s7753,outer3,7753,True,True,True,True,0.0,0.0,True,Saved-state comparison only. Different inference routing can change APP/S7 predictions even with identical selected tensors.
activity/outer3/final/original_gnn/s8867,activity/outer3/final/corrected_gnn/s8867,outer3,8867,True,True,True,True,0.0,0.0,True,Saved-state comparison only. Different inference routing can change APP/S7 predictions even with identical selected tensors.
activity/outer3/final/original_gnn/s9973,activity/outer3/final/corrected_gnn/s9973,outer3,9973,True,True,True,True,0.0,0.0,True,Saved-state comparison only. Different inference routing can change APP/S7 predictions even with identical selected tensors.
activity/outer3/final/original_no_message/s11027,activity/outer3/final/corrected_no_message/s11027,outer3,11027,True,True,True,True,0.0,0.0,True,Saved-state comparison only. Different inference routing can change APP/S7 predictions even with identical selected tensors.
activity/outer3/final/original_no_message/s1103,activity/outer3/final/corrected_no_message/s1103,outer3,1103,True,True,True,True,0.0,0.0,True,Saved-state comparison only. Different inference routing can change APP/S7 predictions even with identical selected tensors.
activity/outer3/final/original_no_message/s2207,activity/outer3/final/corrected_no_message/s2207,outer3,2207,True,True,True,True,0.0,0.0,True,Saved-state comparison only. Different inference routing can change APP/S7 predictions even with identical selected tensors.
activity/outer3/final/original_no_message/s3301,activity/outer3/final/corrected_no_message/s3301,outer3,3301,True,True,True,True,0.0,0.0,True,Saved-state comparison only. Different inference routing can change APP/S7 predictions even with identical selected tensors.
activity/outer3/final/original_no_message/s4409,activity/outer3/final/corrected_no_message/s4409,outer3,4409,True,True,True,True,0.0,0.0,True,Saved-state comparison only. Different inference routing can change APP/S7 predictions even with identical selected tensors.
activity/outer3/final/original_no_message/s5519,activity/outer3/final/corrected_no_message/s5519,outer3,5519,True,True,True,True,0.0,0.0,True,Saved-state comparison only. Different inference routing can change APP/S7 predictions even with identical selected tensors.
activity/outer3/final/original_no_message/s6637,activity/outer3/final/corrected_no_message/s6637,outer3,6637,True,True,True,True,0.0,0.0,True,Saved-state comparison only. Different inference routing can change APP/S7 predictions even with identical selected tensors.
activity/outer3/final/original_no_message/s7753,activity/outer3/final/corrected_no_message/s7753,outer3,7753,True,True,True,True,0.0,0.0,True,Saved-state comparison only. Different inference routing can change APP/S7 predictions even with identical selected tensors.
activity/outer3/final/original_no_message/s8867,activity/outer3/final/corrected_no_message/s8867,outer3,8867,True,True,True,True,0.0,0.0,True,Saved-state comparison only. Different inference routing can change APP/S7 predictions even with identical selected tensors.
activity/outer3/final/original_no_message/s9973,activity/outer3/final/corrected_no_message/s9973,outer3,9973,True,True,True,True,0.0,0.0,True,Saved-state comparison only. Different inference routing can change APP/S7 predictions even with identical selected tensors.
activity/outer4/final/original_gnn/s11027,activity/outer4/final/corrected_gnn/s11027,outer4,11027,True,True,True,True,0.0,0.0,True,Saved-state comparison only. Different inference routing can change APP/S7 predictions even with identical selected tensors.
activity/outer4/final/original_gnn/s1103,activity/outer4/final/corrected_gnn/s1103,outer4,1103,True,True,True,True,0.0,0.0,True,Saved-state comparison only. Different inference routing can change APP/S7 predictions even with identical selected tensors.
activity/outer4/final/original_gnn/s2207,activity/outer4/final/corrected_gnn/s2207,outer4,2207,True,True,True,True,0.0,0.0,True,Saved-state comparison only. Different inference routing can change APP/S7 predictions even with identical selected tensors.
activity/outer4/final/original_gnn/s3301,activity/outer4/final/corrected_gnn/s3301,outer4,3301,True,True,True,True,0.0,0.0,True,Saved-state comparison only. Different inference routing can change APP/S7 predictions even with identical selected tensors.
activity/outer4/final/original_gnn/s4409,activity/outer4/final/corrected_gnn/s4409,outer4,4409,True,True,True,True,0.0,0.0,True,Saved-state comparison only. Different inference routing can change APP/S7 predictions even with identical selected tensors.
activity/outer4/final/original_gnn/s5519,activity/outer4/final/corrected_gnn/s5519,outer4,5519,True,True,True,True,0.0,0.0,True,Saved-state comparison only. Different inference routing can change APP/S7 predictions even with identical selected tensors.
activity/outer4/final/original_gnn/s6637,activity/outer4/final/corrected_gnn/s6637,outer4,6637,True,True,True,True,0.0,0.0,True,Saved-state comparison only. Different inference routing can change APP/S7 predictions even with identical selected tensors.
activity/outer4/final/original_gnn/s7753,activity/outer4/final/corrected_gnn/s7753,outer4,7753,True,True,True,True,0.0,0.0,True,Saved-state comparison only. Different inference routing can change APP/S7 predictions even with identical selected tensors.
activity/outer4/final/original_gnn/s8867,activity/outer4/final/corrected_gnn/s8867,outer4,8867,True,True,True,True,0.0,0.0,True,Saved-state comparison only. Different inference routing can change APP/S7 predictions even with identical selected tensors.
activity/outer4/final/original_gnn/s9973,activity/outer4/final/corrected_gnn/s9973,outer4,9973,True,True,True,True,0.0,0.0,True,Saved-state comparison only. Different inference routing can change APP/S7 predictions even with identical selected tensors.
activity/outer4/final/original_no_message/s11027,activity/outer4/final/corrected_no_message/s11027,outer4,11027,True,True,True,True,0.0,0.0,True,Saved-state comparison only. Different inference routing can change APP/S7 predictions even with identical selected tensors.
activity/outer4/final/original_no_message/s1103,activity/outer4/final/corrected_no_message/s1103,outer4,1103,True,True,True,True,0.0,0.0,True,Saved-state comparison only. Different inference routing can change APP/S7 predictions even with identical selected tensors.
activity/outer4/final/original_no_message/s2207,activity/outer4/final/corrected_no_message/s2207,outer4,2207,True,True,True,True,0.0,0.0,True,Saved-state comparison only. Different inference routing can change APP/S7 predictions even with identical selected tensors.
activity/outer4/final/original_no_message/s3301,activity/outer4/final/corrected_no_message/s3301,outer4,3301,True,True,True,True,0.0,0.0,True,Saved-state comparison only. Different inference routing can change APP/S7 predictions even with identical selected tensors.
activity/outer4/final/original_no_message/s4409,activity/outer4/final/corrected_no_message/s4409,outer4,4409,True,True,True,True,0.0,0.0,True,Saved-state comparison only. Different inference routing can change APP/S7 predictions even with identical selected tensors.
activity/outer4/final/original_no_message/s5519,activity/outer4/final/corrected_no_message/s5519,outer4,5519,True,True,True,True,0.0,0.0,True,Saved-state comparison only. Different inference routing can change APP/S7 predictions even with identical selected tensors.
activity/outer4/final/original_no_message/s6637,activity/outer4/final/corrected_no_message/s6637,outer4,6637,True,True,True,True,0.0,0.0,True,Saved-state comparison only. Different inference routing can change APP/S7 predictions even with identical selected tensors.
activity/outer4/final/original_no_message/s7753,activity/outer4/final/corrected_no_message/s7753,outer4,7753,True,True,True,True,0.0,0.0,True,Saved-state comparison only. Different inference routing can change APP/S7 predictions even with identical selected tensors.
activity/outer4/final/original_no_message/s8867,activity/outer4/final/corrected_no_message/s8867,outer4,8867,True,True,True,True,0.0,0.0,True,Saved-state comparison only. Different inference routing can change APP/S7 predictions even with identical selected tensors.
activity/outer4/final/original_no_message/s9973,activity/outer4/final/corrected_no_message/s9973,outer4,9973,True,True,True,True,0.0,0.0,True,Saved-state comparison only. Different inference routing can change APP/S7 predictions even with identical selected tensors.
