a,b,seed,weighting,difference
pair_gnn,training_mean,1103,rows,-0.03470673927575344
pair_gnn,training_mean,1103,equal_sequence,0.00010616671329571964
pair_gnn,training_mean,2207,rows,-0.04476645802485662
pair_gnn,training_mean,2207,equal_sequence,-0.0191325729882505
pair_gnn,training_mean,3301,rows,-0.049381252487842794
pair_gnn,training_mean,3301,equal_sequence,-0.023807696562856587
pair_gnn,training_mean,4409,rows,-0.03491901496105124
pair_gnn,training_mean,4409,equal_sequence,-0.005607343637756225
pair_gnn,training_mean,5519,rows,-0.04218915112136407
pair_gnn,training_mean,5519,equal_sequence,-0.009962229413815905
pair_gnn,training_mean,6637,rows,-0.03733112879766919
pair_gnn,training_mean,6637,equal_sequence,-0.007022660887445839
pair_gnn,training_mean,7753,rows,-0.03788887838139674
pair_gnn,training_mean,7753,equal_sequence,-0.005777094052725111
pair_gnn,training_mean,8867,rows,-0.045185013138855736
pair_gnn,training_mean,8867,equal_sequence,-0.022711231029911665
pair_gnn,training_mean,9973,rows,-0.03406034963913396
pair_gnn,training_mean,9973,equal_sequence,-0.0009534584770472237
pair_gnn,training_mean,11027,rows,-0.03601841130720485
pair_gnn,training_mean,11027,equal_sequence,-0.010246301737973256
pair_gnn,pair_no_message,1103,rows,-0.0021731766291888913
pair_gnn,pair_no_message,1103,equal_sequence,-0.0035240468266863278
pair_gnn,pair_no_message,2207,rows,-0.00027204269189844127
pair_gnn,pair_no_message,2207,equal_sequence,0.002620189320113016
pair_gnn,pair_no_message,3301,rows,-0.003574688706783752
pair_gnn,pair_no_message,3301,equal_sequence,-0.0035668548446970184
pair_gnn,pair_no_message,4409,rows,-0.0019942116732274942
pair_gnn,pair_no_message,4409,equal_sequence,0.0019238600010319067
pair_gnn,pair_no_message,5519,rows,0.004623868948522655
pair_gnn,pair_no_message,5519,equal_sequence,0.009221552502335303
pair_gnn,pair_no_message,6637,rows,-0.0027114459315337246
pair_gnn,pair_no_message,6637,equal_sequence,-0.0027426640984730263
pair_gnn,pair_no_message,7753,rows,-0.0021555041676089943
pair_gnn,pair_no_message,7753,equal_sequence,-0.004904309492117336
pair_gnn,pair_no_message,8867,rows,-0.0020747480990738654
pair_gnn,pair_no_message,8867,equal_sequence,-0.0019840508813383736
pair_gnn,pair_no_message,9973,rows,-0.0036229704436044428
pair_gnn,pair_no_message,9973,equal_sequence,-0.006920015384376232
pair_gnn,pair_no_message,11027,rows,0.013717113746217752
pair_gnn,pair_no_message,11027,equal_sequence,0.023182635444303094
pair_gnn,pair_tree,1103,rows,-0.01570307808994159
pair_gnn,pair_tree,1103,equal_sequence,0.02365496962694343
pair_gnn,pair_tree,2207,rows,-0.0245676295771807
pair_gnn,pair_tree,2207,equal_sequence,0.005640486166534073
pair_gnn,pair_tree,3301,rows,-0.030274636702822138
pair_gnn,pair_tree,3301,equal_sequence,0.0006386694283771021
pair_gnn,pair_tree,4409,rows,-0.0143740812057358
pair_gnn,pair_tree,4409,equal_sequence,0.01746682432898966
pair_gnn,pair_tree,5519,rows,-0.020570091258831212
pair_gnn,pair_tree,5519,equal_sequence,0.015268509973328168
pair_gnn,pair_tree,6637,rows,-0.02012963878657887
pair_gnn,pair_tree,6637,equal_sequence,0.01289379161576334
pair_gnn,pair_tree,7753,rows,-0.013935514476786185
pair_gnn,pair_tree,7753,equal_sequence,0.019934252304085187
pair_gnn,pair_tree,8867,rows,-0.028955540380115857
pair_gnn,pair_tree,8867,equal_sequence,-0.0025655793237334317
pair_gnn,pair_tree,9973,rows,-0.01457146539669701
pair_gnn,pair_tree,9973,equal_sequence,0.02229401695542446
pair_gnn,pair_tree,11027,rows,-0.015729577750443043
pair_gnn,pair_tree,11027,equal_sequence,0.0131045330437622
pair_gnn,activity_gnn,1103,rows,-0.022984127769358386
pair_gnn,activity_gnn,1103,equal_sequence,-0.05431399722368815
pair_gnn,activity_gnn,2207,rows,-0.016916607800255938
pair_gnn,activity_gnn,2207,equal_sequence,-0.04116354536116219
pair_gnn,activity_gnn,3301,rows,-0.01887596900257687
pair_gnn,activity_gnn,3301,equal_sequence,-0.040612242385799024
pair_gnn,activity_gnn,4409,rows,-0.0012267659302413088
pair_gnn,activity_gnn,4409,equal_sequence,-0.014967621801824224
pair_gnn,activity_gnn,5519,rows,-0.017110972463816206
pair_gnn,activity_gnn,5519,equal_sequence,-0.03865858622775855
pair_gnn,activity_gnn,6637,rows,-0.01048960451749778
pair_gnn,activity_gnn,6637,equal_sequence,-0.03315624669017902
pair_gnn,activity_gnn,7753,rows,-0.006893814770507451
pair_gnn,activity_gnn,7753,equal_sequence,-0.019110467691637406
pair_gnn,activity_gnn,8867,rows,-0.01460193987089998
pair_gnn,activity_gnn,8867,equal_sequence,-0.03446698968069393
pair_gnn,activity_gnn,9973,rows,-0.025305228813709623
pair_gnn,activity_gnn,9973,equal_sequence,-0.05859190934962705
pair_gnn,activity_gnn,11027,rows,-0.004548704484613729
pair_gnn,activity_gnn,11027,equal_sequence,-0.02353466798477451
