method,weighting,n,mse,mae,r_squared,correlation,prediction_sd,label_sd,mean_bias,label_mean,prediction_mean,oracle_test_mean_mse,sign_accuracy,non_tie_correct,non_ties,negative_calls,zero_calls,positive_calls
activity_gnn,rows,156,0.2350880293966478,0.2919032729734213,-0.024843493366703884,0.083054610230522,0.03602867684011468,0.4789459263007692,0.08524734022388092,-0.22674935897435897,-0.14150201875047805,0.22938920032010185,0.7115384615384616,111,137,156,0,0
activity_gnn,equal_sequence,156,0.35602212129644517,0.36490729128412625,-0.12710480131124635,0.11799465454032747,0.03856871182415423,0.5620259156685687,0.2092292890952473,-0.3439375925925926,-0.1347083034973453,0.31587312988309313,0.7888888888888889,111,137,156,0,0
activity_gnn,equal_background,156,0.2350880293966478,0.2919032729734213,-0.024843493366703884,0.083054610230522,0.03602867684011468,0.4789459263007692,0.08524734022388092,-0.22674935897435897,-0.14150201875047805,0.22938920032010185,0.7115384615384616,111,137,156,0,0
pair_gnn,rows,156,0.22211461328378304,0.2941283995460241,0.03171285756333542,0.24752199158143282,0.03809590587971165,0.4789459263007692,0.017510782410089798,-0.22674935897435897,-0.20923857656426917,0.22938920032010185,0.7115384615384616,111,137,156,0,0
pair_gnn,equal_sequence,156,0.3211249390874544,0.34594062337694337,-0.016626324645926616,0.321261901566624,0.0433448319182234,0.5620259156685687,0.13793297276792704,-0.3439375925925926,-0.20600461982466556,0.31587312988309313,0.7888888888888889,111,137,156,0,0
pair_gnn,equal_background,156,0.22211461328378304,0.2941283995460241,0.03171285756333542,0.24752199158143282,0.03809590587971165,0.4789459263007692,0.017510782410089798,-0.22674935897435897,-0.20923857656426917,0.22938920032010185,0.7115384615384616,111,137,156,0,0
pair_no_message,rows,156,0.22201278862133372,0.29403499019466905,0.03215675231647652,0.227997849499725,0.04346208041133916,0.4789459263007692,0.015054438510155088,-0.22674935897435897,-0.21169492046420388,0.22938920032010185,0.7115384615384616,111,137,156,0,0
pair_no_message,equal_sequence,156,0.31957148260030266,0.34421147558557763,-0.011708348597357254,0.3173189710636463,0.047700779443347024,0.5620259156685687,0.1357830772472532,-0.3439375925925926,-0.2081545153453394,0.31587312988309313,0.7888888888888889,111,137,156,0,0
pair_no_message,equal_background,156,0.22201278862133372,0.29403499019466905,0.03215675231647652,0.227997849499725,0.04346208041133916,0.4789459263007692,0.015054438510155088,-0.22674935897435897,-0.21169492046420388,0.22938920032010185,0.7115384615384616,111,137,156,0,0
pair_ridge,rows,156,0.21929662866653402,0.2916967783353267,0.04399758855030722,0.2256894798129907,0.14752870753569694,0.4789459263007692,-0.006030487098602211,-0.22674935897435897,-0.23277984607296118,0.22938920032010185,0.6858974358974359,105,137,144,6,6
pair_ridge,equal_sequence,156,0.28883602883205556,0.31714496737577297,0.08559481162909988,0.32832569706217135,0.1516769454365422,0.5620259156685687,0.0770334576545822,-0.3439375925925926,-0.2669041349380104,0.31587312988309313,0.7777777777777778,105,137,144,6,6
pair_ridge,equal_background,156,0.21929662866653402,0.2916967783353267,0.04399758855030722,0.2256894798129907,0.14752870753569694,0.4789459263007692,-0.006030487098602211,-0.22674935897435897,-0.23277984607296118,0.22938920032010185,0.6858974358974359,105,137,144,6,6
pair_tree,rows,156,0.2437716608305867,0.32925895650492387,-0.06269894350045613,0.11985722314346997,0.1673411911493959,0.4789459263007692,-0.07477881722464855,-0.22674935897435897,-0.3015281761990075,0.22938920032010185,0.7115384615384616,109,137,150,6,0
pair_tree,equal_sequence,156,0.31005098731291875,0.35394277689512244,0.018431901986500687,0.17710710956983955,0.16239376779102244,0.5620259156685687,0.011622324477363555,-0.3439375925925926,-0.33231526811522905,0.31587312988309313,0.788888888888889,109,137,150,6,0
pair_tree,equal_background,156,0.2437716608305867,0.32925895650492387,-0.06269894350045613,0.11985722314346997,0.1673411911493959,0.4789459263007692,-0.07477881722464855,-0.22674935897435897,-0.3015281761990075,0.22938920032010185,0.7115384615384616,109,137,150,6,0
training_majority,rows,156,,,,,,0.4789459263007692,,-0.22674935897435897,,0.22938920032010185,0.7115384615384616,111,137,156,0,0
training_majority,equal_sequence,156,,,,,,0.5620259156685687,,-0.3439375925925926,,0.31587312988309313,0.7888888888888889,111,137,156,0,0
training_majority,equal_background,156,,,,,,0.4789459263007692,,-0.22674935897435897,,0.22938920032010185,0.7115384615384616,111,137,156,0,0
training_mean,rows,156,0.26377040348841985,0.36634716117216104,-0.14988152502533092,-0.07576709379707731,0.06375432398510414,0.4789459263007692,-0.16027948107448095,-0.22674935897435897,-0.3870288400488399,0.22938920032010185,0.7115384615384616,111,137,156,0,0
training_mean,equal_sequence,156,0.33359737564721165,0.38673362948265727,-0.05611191357327039,-0.15159179388592403,0.06291429492342304,0.5620259156685687,-0.05518720899470897,-0.3439375925925926,-0.39912480158730157,0.31587312988309313,0.7888888888888889,111,137,156,0,0
training_mean,equal_background,156,0.26377040348841985,0.36634716117216104,-0.14988152502533092,-0.07576709379707731,0.06375432398510414,0.4789459263007692,-0.16027948107448095,-0.22674935897435897,-0.3870288400488399,0.22938920032010185,0.7115384615384616,111,137,156,0,0
zero,rows,156,0.28080447211538456,0.3218621794871794,-0.22413989727299777,,0.0,0.4789459263007692,0.22674935897435897,-0.22674935897435897,0.0,0.22938920032010185,0.12179487179487179,0,137,0,156,0
zero,equal_sequence,156,0.43416619748148144,0.421665462962963,-0.3744955059715571,,0.0,0.5620259156685687,0.3439375925925926,-0.3439375925925926,0.0,0.31587312988309313,0.0949074074074074,0,137,0,156,0
zero,equal_background,156,0.28080447211538456,0.3218621794871794,-0.22413989727299777,,0.0,0.4789459263007692,0.22674935897435897,-0.22674935897435897,0.0,0.22938920032010185,0.12179487179487179,0,137,0,156,0
