pool,chemistry_tree,corrected_gnn,corrected_no_message,guide_ridge,original_gnn,original_no_message,pairwise_ridge,token_cnn,training_equal_group_mean,training_row_mean,tree_minus_corrected_gnn,corrected_gnn_minus_no_message
US20220002724A1|Table17|Be(2)C cell line|0.1nM|24h,0.5752808988764044,0.47415730337078654,0.5213483146067416,0.2898876404494382,0.46516853932584273,0.5213483146067416,0.4337078651685394,0.4943820224719101,0.5,0.5,0.10112359550561789,-0.04719101123595504
US20220002724A1|Table17|Be(2)C cell line|1.0nM|24h,0.5089887640449439,0.5550561797752808,0.6516853932584269,0.2910112359550562,0.5685393258426966,0.6516853932584269,0.3382022471910112,0.49101123595505614,0.5,0.5,-0.0460674157303369,-0.09662921348314613
US20220002724A1|Table17|Be(2)C cell line|10.0nM|24h,0.5752808988764045,0.4382022471910112,0.5191011235955056,0.3235955056179775,0.5146067415730338,0.5191011235955056,0.3752808988764045,0.5910112359550561,0.5,0.5,0.13707865168539335,-0.08089887640449445
US20220002724A1|Table18|Neuro2A cell line|0.1nM|24h,0.5955056179775281,0.4404494382022472,0.507865168539326,0.5617977528089887,0.4337078651685394,0.507865168539326,0.6404494382022472,0.5752808988764044,0.4999999999999997,0.4999999999999997,0.1550561797752809,-0.06741573033707876
US20220002724A1|Table18|Neuro2A cell line|1.0nM|24h,0.4584269662921348,0.49213483146067416,0.5730337078651686,0.4224719101123595,0.4606741573033708,0.5730337078651686,0.45617977528089887,0.44269662921348313,0.5,0.5,-0.03370786516853935,-0.08089887640449445
US20220002724A1|Table18|Neuro2A cell line|10.0nM|24h,0.5370786516853931,0.3640449438202247,0.41011235955056174,0.42921348314606733,0.4224719101123595,0.41011235955056174,0.48764044943820223,0.5584269662921348,0.4999999999999999,0.4999999999999999,0.17303370786516847,-0.04606741573033707
US20220002724A1|Table4|Be(2)C cell line|0.1nM|24h,0.5572115384615384,0.6288461538461538,0.7004807692307693,0.3384615384615385,0.5259615384615385,0.7004807692307693,0.44423076923076915,0.4264423076923077,0.5,0.5,-0.07163461538461546,-0.07163461538461546
US20220002724A1|Table4|Be(2)C cell line|10.0nM|24h,0.48269230769230764,0.6038461538461538,0.6461538461538462,0.2899038461538462,0.5899038461538462,0.6461538461538462,0.4591346153846153,0.3932692307692308,0.4999999999999999,0.4999999999999999,-0.12115384615384617,-0.04230769230769238
US20220002724A1|Table4|Primary Cynomolgus Monkey Hepatocytes|0.1nM|24h,0.3158653846153846,0.6923076923076923,0.6677884615384616,0.3240384615384616,0.5408653846153847,0.6677884615384616,0.3894230769230769,0.2658653846153846,0.5000000000000001,0.5000000000000001,-0.3764423076923077,0.024519230769230682
US20220002724A1|Table4|Primary Cynomolgus Monkey Hepatocytes|10.0nM|24h,0.520673076923077,0.5980769230769231,0.679326923076923,0.34134615384615385,0.7182692307692308,0.679326923076923,0.43076923076923074,0.46875,0.4999999999999999,0.4999999999999999,-0.0774038461538461,-0.08124999999999993
US20220002724A1|Table7|Neuro2A cell line|0.1nM|24h,0.33555555555555555,0.5488888888888889,0.5288888888888889,0.711111111111111,0.571111111111111,0.5288888888888889,0.6022222222222222,0.9,0.49999999999999983,0.49999999999999983,-0.21333333333333332,0.020000000000000018
US20220002724A1|Table7|Neuro2A cell line|10.0nM|24h,0.3288888888888889,0.6966666666666667,0.6544444444444444,0.7688888888888888,0.6155555555555556,0.6544444444444444,0.6688888888888889,0.6866666666666666,0.49999999999999967,0.49999999999999967,-0.36777777777777776,0.04222222222222227
US20220002724A1|Table7|Primary mouse hepatocytes|0.1nM|24h,0.2511111111111111,0.5355555555555556,0.5622222222222222,0.5199999999999999,0.54,0.5622222222222222,0.5611111111111111,0.9355555555555556,0.4999999999999997,0.4999999999999997,-0.28444444444444444,-0.026666666666666616
US20220002724A1|Table7|Primary mouse hepatocytes|10.0nM|24h,0.2588888888888889,0.7044444444444444,0.7044444444444444,0.57,0.6155555555555556,0.7044444444444444,0.4688888888888888,0.8355555555555556,0.4999999999999997,0.4999999999999997,-0.44555555555555554,0.0
US20240117349A1|Table6|Be(2)C cell line|0.1nM|24h,0.5375,0.51875,0.590625,0.4625,0.51875,0.625,0.565625,0.640625,0.5000000000000001,0.5000000000000001,0.018749999999999933,-0.07187499999999991
US20240117349A1|Table6|Be(2)C cell line|1.0nM|24h,0.34375,0.459375,0.515625,0.403125,0.459375,0.578125,0.4,0.659375,0.5,0.5,-0.11562499999999998,-0.05625000000000002
US20240117349A1|Table6|Be(2)C cell line|10.0nM|24h,0.378125,0.325,0.375,0.3375,0.325,0.465625,0.415625,0.540625,0.5,0.5,0.05312499999999998,-0.04999999999999999
