method,pools,top5_mean_percentile,selected_mean_activity
chemistry_tree,17,0.4447543264640918,0.49596117647058824
corrected_gnn,17,0.533870730732512,0.5555482352941176
corrected_no_message,17,0.5769497686715136,0.5894635294117647
guide_ridge,17,0.4344030898876404,0.45557411764705885
original_gnn,17,0.5226773977381215,0.5551623529411766
original_no_message,17,0.5879791804362194,0.5947576470588235
pairwise_ridge,17,0.47866938103388856,0.49811529411764705
token_cnn,17,0.5826787464481615,0.6074223529411764
training_equal_group_mean,17,0.4999999999999999,0.5243493698286578
training_row_mean,17,0.4999999999999999,0.5243493698286578
