pool_a,pool_b,shared_sequence_components
US20220002724A1|Table17|Be(2)C cell line|0.1nM|24h,US20220002724A1|Table17|Be(2)C cell line|1.0nM|24h,14
US20220002724A1|Table17|Be(2)C cell line|0.1nM|24h,US20220002724A1|Table17|Be(2)C cell line|10.0nM|24h,14
US20220002724A1|Table17|Be(2)C cell line|0.1nM|24h,US20220002724A1|Table18|Neuro2A cell line|0.1nM|24h,14
US20220002724A1|Table17|Be(2)C cell line|0.1nM|24h,US20220002724A1|Table18|Neuro2A cell line|1.0nM|24h,14
US20220002724A1|Table17|Be(2)C cell line|0.1nM|24h,US20220002724A1|Table18|Neuro2A cell line|10.0nM|24h,14
US20220002724A1|Table17|Be(2)C cell line|0.1nM|24h,US20220002724A1|Table4|Be(2)C cell line|0.1nM|24h,8
US20220002724A1|Table17|Be(2)C cell line|0.1nM|24h,US20220002724A1|Table4|Be(2)C cell line|10.0nM|24h,8
US20220002724A1|Table17|Be(2)C cell line|0.1nM|24h,US20220002724A1|Table4|Primary Cynomolgus Monkey Hepatocytes|0.1nM|24h,8
US20220002724A1|Table17|Be(2)C cell line|0.1nM|24h,US20220002724A1|Table4|Primary Cynomolgus Monkey Hepatocytes|10.0nM|24h,8
US20220002724A1|Table17|Be(2)C cell line|0.1nM|24h,US20220002724A1|Table7|Neuro2A cell line|0.1nM|24h,3
US20220002724A1|Table17|Be(2)C cell line|0.1nM|24h,US20220002724A1|Table7|Neuro2A cell line|10.0nM|24h,3
US20220002724A1|Table17|Be(2)C cell line|0.1nM|24h,US20220002724A1|Table7|Primary mouse hepatocytes|0.1nM|24h,3
US20220002724A1|Table17|Be(2)C cell line|0.1nM|24h,US20220002724A1|Table7|Primary mouse hepatocytes|10.0nM|24h,3
US20220002724A1|Table17|Be(2)C cell line|0.1nM|24h,US20240117349A1|Table6|Be(2)C cell line|0.1nM|24h,3
US20220002724A1|Table17|Be(2)C cell line|0.1nM|24h,US20240117349A1|Table6|Be(2)C cell line|1.0nM|24h,3
US20220002724A1|Table17|Be(2)C cell line|0.1nM|24h,US20240117349A1|Table6|Be(2)C cell line|10.0nM|24h,3
US20220002724A1|Table17|Be(2)C cell line|1.0nM|24h,US20220002724A1|Table17|Be(2)C cell line|10.0nM|24h,14
US20220002724A1|Table17|Be(2)C cell line|1.0nM|24h,US20220002724A1|Table18|Neuro2A cell line|0.1nM|24h,14
US20220002724A1|Table17|Be(2)C cell line|1.0nM|24h,US20220002724A1|Table18|Neuro2A cell line|1.0nM|24h,14
US20220002724A1|Table17|Be(2)C cell line|1.0nM|24h,US20220002724A1|Table18|Neuro2A cell line|10.0nM|24h,14
US20220002724A1|Table17|Be(2)C cell line|1.0nM|24h,US20220002724A1|Table4|Be(2)C cell line|0.1nM|24h,8
US20220002724A1|Table17|Be(2)C cell line|1.0nM|24h,US20220002724A1|Table4|Be(2)C cell line|10.0nM|24h,8
US20220002724A1|Table17|Be(2)C cell line|1.0nM|24h,US20220002724A1|Table4|Primary Cynomolgus Monkey Hepatocytes|0.1nM|24h,8
US20220002724A1|Table17|Be(2)C cell line|1.0nM|24h,US20220002724A1|Table4|Primary Cynomolgus Monkey Hepatocytes|10.0nM|24h,8
US20220002724A1|Table17|Be(2)C cell line|1.0nM|24h,US20220002724A1|Table7|Neuro2A cell line|0.1nM|24h,3
US20220002724A1|Table17|Be(2)C cell line|1.0nM|24h,US20220002724A1|Table7|Neuro2A cell line|10.0nM|24h,3
US20220002724A1|Table17|Be(2)C cell line|1.0nM|24h,US20220002724A1|Table7|Primary mouse hepatocytes|0.1nM|24h,3
US20220002724A1|Table17|Be(2)C cell line|1.0nM|24h,US20220002724A1|Table7|Primary mouse hepatocytes|10.0nM|24h,3
US20220002724A1|Table17|Be(2)C cell line|1.0nM|24h,US20240117349A1|Table6|Be(2)C cell line|0.1nM|24h,3
US20220002724A1|Table17|Be(2)C cell line|1.0nM|24h,US20240117349A1|Table6|Be(2)C cell line|1.0nM|24h,3
US20220002724A1|Table17|Be(2)C cell line|1.0nM|24h,US20240117349A1|Table6|Be(2)C cell line|10.0nM|24h,3
US20220002724A1|Table17|Be(2)C cell line|10.0nM|24h,US20220002724A1|Table18|Neuro2A cell line|0.1nM|24h,14
US20220002724A1|Table17|Be(2)C cell line|10.0nM|24h,US20220002724A1|Table18|Neuro2A cell line|1.0nM|24h,14
US20220002724A1|Table17|Be(2)C cell line|10.0nM|24h,US20220002724A1|Table18|Neuro2A cell line|10.0nM|24h,14
US20220002724A1|Table17|Be(2)C cell line|10.0nM|24h,US20220002724A1|Table4|Be(2)C cell line|0.1nM|24h,8
US20220002724A1|Table17|Be(2)C cell line|10.0nM|24h,US20220002724A1|Table4|Be(2)C cell line|10.0nM|24h,8
US20220002724A1|Table17|Be(2)C cell line|10.0nM|24h,US20220002724A1|Table4|Primary Cynomolgus Monkey Hepatocytes|0.1nM|24h,8
US20220002724A1|Table17|Be(2)C cell line|10.0nM|24h,US20220002724A1|Table4|Primary Cynomolgus Monkey Hepatocytes|10.0nM|24h,8
US20220002724A1|Table17|Be(2)C cell line|10.0nM|24h,US20220002724A1|Table7|Neuro2A cell line|0.1nM|24h,3
US20220002724A1|Table17|Be(2)C cell line|10.0nM|24h,US20220002724A1|Table7|Neuro2A cell line|10.0nM|24h,3
US20220002724A1|Table17|Be(2)C cell line|10.0nM|24h,US20220002724A1|Table7|Primary mouse hepatocytes|0.1nM|24h,3
US20220002724A1|Table17|Be(2)C cell line|10.0nM|24h,US20220002724A1|Table7|Primary mouse hepatocytes|10.0nM|24h,3
US20220002724A1|Table17|Be(2)C cell line|10.0nM|24h,US20240117349A1|Table6|Be(2)C cell line|0.1nM|24h,3
US20220002724A1|Table17|Be(2)C cell line|10.0nM|24h,US20240117349A1|Table6|Be(2)C cell line|1.0nM|24h,3
US20220002724A1|Table17|Be(2)C cell line|10.0nM|24h,US20240117349A1|Table6|Be(2)C cell line|10.0nM|24h,3
US20220002724A1|Table18|Neuro2A cell line|0.1nM|24h,US20220002724A1|Table18|Neuro2A cell line|1.0nM|24h,14
US20220002724A1|Table18|Neuro2A cell line|0.1nM|24h,US20220002724A1|Table18|Neuro2A cell line|10.0nM|24h,14
US20220002724A1|Table18|Neuro2A cell line|0.1nM|24h,US20220002724A1|Table4|Be(2)C cell line|0.1nM|24h,8
US20220002724A1|Table18|Neuro2A cell line|0.1nM|24h,US20220002724A1|Table4|Be(2)C cell line|10.0nM|24h,8
US20220002724A1|Table18|Neuro2A cell line|0.1nM|24h,US20220002724A1|Table4|Primary Cynomolgus Monkey Hepatocytes|0.1nM|24h,8
US20220002724A1|Table18|Neuro2A cell line|0.1nM|24h,US20220002724A1|Table4|Primary Cynomolgus Monkey Hepatocytes|10.0nM|24h,8
US20220002724A1|Table18|Neuro2A cell line|0.1nM|24h,US20220002724A1|Table7|Neuro2A cell line|0.1nM|24h,3
US20220002724A1|Table18|Neuro2A cell line|0.1nM|24h,US20220002724A1|Table7|Neuro2A cell line|10.0nM|24h,3
US20220002724A1|Table18|Neuro2A cell line|0.1nM|24h,US20220002724A1|Table7|Primary mouse hepatocytes|0.1nM|24h,3
US20220002724A1|Table18|Neuro2A cell line|0.1nM|24h,US20220002724A1|Table7|Primary mouse hepatocytes|10.0nM|24h,3
US20220002724A1|Table18|Neuro2A cell line|0.1nM|24h,US20240117349A1|Table6|Be(2)C cell line|0.1nM|24h,3
US20220002724A1|Table18|Neuro2A cell line|0.1nM|24h,US20240117349A1|Table6|Be(2)C cell line|1.0nM|24h,3
US20220002724A1|Table18|Neuro2A cell line|0.1nM|24h,US20240117349A1|Table6|Be(2)C cell line|10.0nM|24h,3
US20220002724A1|Table18|Neuro2A cell line|1.0nM|24h,US20220002724A1|Table18|Neuro2A cell line|10.0nM|24h,14
US20220002724A1|Table18|Neuro2A cell line|1.0nM|24h,US20220002724A1|Table4|Be(2)C cell line|0.1nM|24h,8
US20220002724A1|Table18|Neuro2A cell line|1.0nM|24h,US20220002724A1|Table4|Be(2)C cell line|10.0nM|24h,8
US20220002724A1|Table18|Neuro2A cell line|1.0nM|24h,US20220002724A1|Table4|Primary Cynomolgus Monkey Hepatocytes|0.1nM|24h,8
US20220002724A1|Table18|Neuro2A cell line|1.0nM|24h,US20220002724A1|Table4|Primary Cynomolgus Monkey Hepatocytes|10.0nM|24h,8
US20220002724A1|Table18|Neuro2A cell line|1.0nM|24h,US20220002724A1|Table7|Neuro2A cell line|0.1nM|24h,3
US20220002724A1|Table18|Neuro2A cell line|1.0nM|24h,US20220002724A1|Table7|Neuro2A cell line|10.0nM|24h,3
US20220002724A1|Table18|Neuro2A cell line|1.0nM|24h,US20220002724A1|Table7|Primary mouse hepatocytes|0.1nM|24h,3
US20220002724A1|Table18|Neuro2A cell line|1.0nM|24h,US20220002724A1|Table7|Primary mouse hepatocytes|10.0nM|24h,3
US20220002724A1|Table18|Neuro2A cell line|1.0nM|24h,US20240117349A1|Table6|Be(2)C cell line|0.1nM|24h,3
US20220002724A1|Table18|Neuro2A cell line|1.0nM|24h,US20240117349A1|Table6|Be(2)C cell line|1.0nM|24h,3
US20220002724A1|Table18|Neuro2A cell line|1.0nM|24h,US20240117349A1|Table6|Be(2)C cell line|10.0nM|24h,3
US20220002724A1|Table18|Neuro2A cell line|10.0nM|24h,US20220002724A1|Table4|Be(2)C cell line|0.1nM|24h,8
US20220002724A1|Table18|Neuro2A cell line|10.0nM|24h,US20220002724A1|Table4|Be(2)C cell line|10.0nM|24h,8
US20220002724A1|Table18|Neuro2A cell line|10.0nM|24h,US20220002724A1|Table4|Primary Cynomolgus Monkey Hepatocytes|0.1nM|24h,8
US20220002724A1|Table18|Neuro2A cell line|10.0nM|24h,US20220002724A1|Table4|Primary Cynomolgus Monkey Hepatocytes|10.0nM|24h,8
US20220002724A1|Table18|Neuro2A cell line|10.0nM|24h,US20220002724A1|Table7|Neuro2A cell line|0.1nM|24h,3
US20220002724A1|Table18|Neuro2A cell line|10.0nM|24h,US20220002724A1|Table7|Neuro2A cell line|10.0nM|24h,3
US20220002724A1|Table18|Neuro2A cell line|10.0nM|24h,US20220002724A1|Table7|Primary mouse hepatocytes|0.1nM|24h,3
US20220002724A1|Table18|Neuro2A cell line|10.0nM|24h,US20220002724A1|Table7|Primary mouse hepatocytes|10.0nM|24h,3
US20220002724A1|Table18|Neuro2A cell line|10.0nM|24h,US20240117349A1|Table6|Be(2)C cell line|0.1nM|24h,3
US20220002724A1|Table18|Neuro2A cell line|10.0nM|24h,US20240117349A1|Table6|Be(2)C cell line|1.0nM|24h,3
US20220002724A1|Table18|Neuro2A cell line|10.0nM|24h,US20240117349A1|Table6|Be(2)C cell line|10.0nM|24h,3
US20220002724A1|Table4|Be(2)C cell line|0.1nM|24h,US20220002724A1|Table4|Be(2)C cell line|10.0nM|24h,37
US20220002724A1|Table4|Be(2)C cell line|0.1nM|24h,US20220002724A1|Table4|Primary Cynomolgus Monkey Hepatocytes|0.1nM|24h,37
US20220002724A1|Table4|Be(2)C cell line|0.1nM|24h,US20220002724A1|Table4|Primary Cynomolgus Monkey Hepatocytes|10.0nM|24h,37
US20220002724A1|Table4|Be(2)C cell line|0.1nM|24h,US20220002724A1|Table7|Neuro2A cell line|0.1nM|24h,2
US20220002724A1|Table4|Be(2)C cell line|0.1nM|24h,US20220002724A1|Table7|Neuro2A cell line|10.0nM|24h,2
US20220002724A1|Table4|Be(2)C cell line|0.1nM|24h,US20220002724A1|Table7|Primary mouse hepatocytes|0.1nM|24h,2
US20220002724A1|Table4|Be(2)C cell line|0.1nM|24h,US20220002724A1|Table7|Primary mouse hepatocytes|10.0nM|24h,2
US20220002724A1|Table4|Be(2)C cell line|0.1nM|24h,US20240117349A1|Table6|Be(2)C cell line|0.1nM|24h,0
US20220002724A1|Table4|Be(2)C cell line|0.1nM|24h,US20240117349A1|Table6|Be(2)C cell line|1.0nM|24h,0
US20220002724A1|Table4|Be(2)C cell line|0.1nM|24h,US20240117349A1|Table6|Be(2)C cell line|10.0nM|24h,0
US20220002724A1|Table4|Be(2)C cell line|10.0nM|24h,US20220002724A1|Table4|Primary Cynomolgus Monkey Hepatocytes|0.1nM|24h,37
US20220002724A1|Table4|Be(2)C cell line|10.0nM|24h,US20220002724A1|Table4|Primary Cynomolgus Monkey Hepatocytes|10.0nM|24h,37
US20220002724A1|Table4|Be(2)C cell line|10.0nM|24h,US20220002724A1|Table7|Neuro2A cell line|0.1nM|24h,2
US20220002724A1|Table4|Be(2)C cell line|10.0nM|24h,US20220002724A1|Table7|Neuro2A cell line|10.0nM|24h,2
US20220002724A1|Table4|Be(2)C cell line|10.0nM|24h,US20220002724A1|Table7|Primary mouse hepatocytes|0.1nM|24h,2
US20220002724A1|Table4|Be(2)C cell line|10.0nM|24h,US20220002724A1|Table7|Primary mouse hepatocytes|10.0nM|24h,2
US20220002724A1|Table4|Be(2)C cell line|10.0nM|24h,US20240117349A1|Table6|Be(2)C cell line|0.1nM|24h,0
US20220002724A1|Table4|Be(2)C cell line|10.0nM|24h,US20240117349A1|Table6|Be(2)C cell line|1.0nM|24h,0
US20220002724A1|Table4|Be(2)C cell line|10.0nM|24h,US20240117349A1|Table6|Be(2)C cell line|10.0nM|24h,0
US20220002724A1|Table4|Primary Cynomolgus Monkey Hepatocytes|0.1nM|24h,US20220002724A1|Table4|Primary Cynomolgus Monkey Hepatocytes|10.0nM|24h,37
US20220002724A1|Table4|Primary Cynomolgus Monkey Hepatocytes|0.1nM|24h,US20220002724A1|Table7|Neuro2A cell line|0.1nM|24h,2
US20220002724A1|Table4|Primary Cynomolgus Monkey Hepatocytes|0.1nM|24h,US20220002724A1|Table7|Neuro2A cell line|10.0nM|24h,2
US20220002724A1|Table4|Primary Cynomolgus Monkey Hepatocytes|0.1nM|24h,US20220002724A1|Table7|Primary mouse hepatocytes|0.1nM|24h,2
US20220002724A1|Table4|Primary Cynomolgus Monkey Hepatocytes|0.1nM|24h,US20220002724A1|Table7|Primary mouse hepatocytes|10.0nM|24h,2
US20220002724A1|Table4|Primary Cynomolgus Monkey Hepatocytes|0.1nM|24h,US20240117349A1|Table6|Be(2)C cell line|0.1nM|24h,0
US20220002724A1|Table4|Primary Cynomolgus Monkey Hepatocytes|0.1nM|24h,US20240117349A1|Table6|Be(2)C cell line|1.0nM|24h,0
US20220002724A1|Table4|Primary Cynomolgus Monkey Hepatocytes|0.1nM|24h,US20240117349A1|Table6|Be(2)C cell line|10.0nM|24h,0
US20220002724A1|Table4|Primary Cynomolgus Monkey Hepatocytes|10.0nM|24h,US20220002724A1|Table7|Neuro2A cell line|0.1nM|24h,2
US20220002724A1|Table4|Primary Cynomolgus Monkey Hepatocytes|10.0nM|24h,US20220002724A1|Table7|Neuro2A cell line|10.0nM|24h,2
US20220002724A1|Table4|Primary Cynomolgus Monkey Hepatocytes|10.0nM|24h,US20220002724A1|Table7|Primary mouse hepatocytes|0.1nM|24h,2
US20220002724A1|Table4|Primary Cynomolgus Monkey Hepatocytes|10.0nM|24h,US20220002724A1|Table7|Primary mouse hepatocytes|10.0nM|24h,2
US20220002724A1|Table4|Primary Cynomolgus Monkey Hepatocytes|10.0nM|24h,US20240117349A1|Table6|Be(2)C cell line|0.1nM|24h,0
US20220002724A1|Table4|Primary Cynomolgus Monkey Hepatocytes|10.0nM|24h,US20240117349A1|Table6|Be(2)C cell line|1.0nM|24h,0
US20220002724A1|Table4|Primary Cynomolgus Monkey Hepatocytes|10.0nM|24h,US20240117349A1|Table6|Be(2)C cell line|10.0nM|24h,0
US20220002724A1|Table7|Neuro2A cell line|0.1nM|24h,US20220002724A1|Table7|Neuro2A cell line|10.0nM|24h,29
US20220002724A1|Table7|Neuro2A cell line|0.1nM|24h,US20220002724A1|Table7|Primary mouse hepatocytes|0.1nM|24h,29
US20220002724A1|Table7|Neuro2A cell line|0.1nM|24h,US20220002724A1|Table7|Primary mouse hepatocytes|10.0nM|24h,29
US20220002724A1|Table7|Neuro2A cell line|0.1nM|24h,US20240117349A1|Table6|Be(2)C cell line|0.1nM|24h,7
US20220002724A1|Table7|Neuro2A cell line|0.1nM|24h,US20240117349A1|Table6|Be(2)C cell line|1.0nM|24h,7
US20220002724A1|Table7|Neuro2A cell line|0.1nM|24h,US20240117349A1|Table6|Be(2)C cell line|10.0nM|24h,7
US20220002724A1|Table7|Neuro2A cell line|10.0nM|24h,US20220002724A1|Table7|Primary mouse hepatocytes|0.1nM|24h,29
US20220002724A1|Table7|Neuro2A cell line|10.0nM|24h,US20220002724A1|Table7|Primary mouse hepatocytes|10.0nM|24h,29
US20220002724A1|Table7|Neuro2A cell line|10.0nM|24h,US20240117349A1|Table6|Be(2)C cell line|0.1nM|24h,7
US20220002724A1|Table7|Neuro2A cell line|10.0nM|24h,US20240117349A1|Table6|Be(2)C cell line|1.0nM|24h,7
US20220002724A1|Table7|Neuro2A cell line|10.0nM|24h,US20240117349A1|Table6|Be(2)C cell line|10.0nM|24h,7
US20220002724A1|Table7|Primary mouse hepatocytes|0.1nM|24h,US20220002724A1|Table7|Primary mouse hepatocytes|10.0nM|24h,29
US20220002724A1|Table7|Primary mouse hepatocytes|0.1nM|24h,US20240117349A1|Table6|Be(2)C cell line|0.1nM|24h,7
US20220002724A1|Table7|Primary mouse hepatocytes|0.1nM|24h,US20240117349A1|Table6|Be(2)C cell line|1.0nM|24h,7
US20220002724A1|Table7|Primary mouse hepatocytes|0.1nM|24h,US20240117349A1|Table6|Be(2)C cell line|10.0nM|24h,7
US20220002724A1|Table7|Primary mouse hepatocytes|10.0nM|24h,US20240117349A1|Table6|Be(2)C cell line|0.1nM|24h,7
US20220002724A1|Table7|Primary mouse hepatocytes|10.0nM|24h,US20240117349A1|Table6|Be(2)C cell line|1.0nM|24h,7
US20220002724A1|Table7|Primary mouse hepatocytes|10.0nM|24h,US20240117349A1|Table6|Be(2)C cell line|10.0nM|24h,7
US20240117349A1|Table6|Be(2)C cell line|0.1nM|24h,US20240117349A1|Table6|Be(2)C cell line|1.0nM|24h,33
US20240117349A1|Table6|Be(2)C cell line|0.1nM|24h,US20240117349A1|Table6|Be(2)C cell line|10.0nM|24h,33
US20240117349A1|Table6|Be(2)C cell line|1.0nM|24h,US20240117349A1|Table6|Be(2)C cell line|10.0nM|24h,33
