stage,population,method,kind,configuration,validation_score,selected
activity,outer0,original_gnn,activity_config,lr0.0001_wd1e-06,0.05364578471743819,False
activity,outer0,original_gnn,activity_config,lr0.0001_wd0.0001,0.05364578471743819,True
activity,outer0,original_gnn,activity_config,lr0.0003_wd1e-06,0.05409552963202189,False
activity,outer0,original_gnn,activity_config,lr0.0003_wd0.0001,0.05409629081157128,False
activity,outer0,original_gnn,activity_config,lr0.001_wd1e-06,0.05388650614926468,False
activity,outer0,original_gnn,activity_config,lr0.001_wd0.0001,0.05389211529210433,False
activity,outer0,corrected_gnn,activity_config,lr0.0001_wd1e-06,0.05364578471743819,False
activity,outer0,corrected_gnn,activity_config,lr0.0001_wd0.0001,0.05364578471743819,True
activity,outer0,corrected_gnn,activity_config,lr0.0003_wd1e-06,0.05409552963202189,False
activity,outer0,corrected_gnn,activity_config,lr0.0003_wd0.0001,0.05409629081157128,False
activity,outer0,corrected_gnn,activity_config,lr0.001_wd1e-06,0.05388650614926468,False
activity,outer0,corrected_gnn,activity_config,lr0.001_wd0.0001,0.05389211529210433,False
activity,outer0,original_no_message,activity_config,lr0.0001_wd1e-06,0.053912250948454137,False
activity,outer0,original_no_message,activity_config,lr0.0001_wd0.0001,0.053912250948454137,False
activity,outer0,original_no_message,activity_config,lr0.0003_wd1e-06,0.05379383638751712,False
activity,outer0,original_no_message,activity_config,lr0.0003_wd0.0001,0.0537937218961101,True
activity,outer0,original_no_message,activity_config,lr0.001_wd1e-06,0.05403343828857523,False
activity,outer0,original_no_message,activity_config,lr0.001_wd0.0001,0.054032240964244894,False
activity,outer0,corrected_no_message,activity_config,lr0.0001_wd1e-06,0.053912250948454137,False
activity,outer0,corrected_no_message,activity_config,lr0.0001_wd0.0001,0.053912250948454137,False
activity,outer0,corrected_no_message,activity_config,lr0.0003_wd1e-06,0.05379383638751712,False
activity,outer0,corrected_no_message,activity_config,lr0.0003_wd0.0001,0.0537937218961101,True
activity,outer0,corrected_no_message,activity_config,lr0.001_wd1e-06,0.05403343828857523,False
activity,outer0,corrected_no_message,activity_config,lr0.001_wd0.0001,0.054032240964244894,False
activity,outer0,token_cnn,activity_config,lr0.0001_wd1e-06,0.054075389648510865,False
activity,outer0,token_cnn,activity_config,lr0.0001_wd0.0001,0.054075389648510865,False
activity,outer0,token_cnn,activity_config,lr0.0003_wd1e-06,0.05396366939351144,False
activity,outer0,token_cnn,activity_config,lr0.0003_wd0.0001,0.05396682306041192,False
activity,outer0,token_cnn,activity_config,lr0.001_wd1e-06,0.05385492222955223,False
activity,outer0,token_cnn,activity_config,lr0.001_wd0.0001,0.05382517603006296,True
activity,outer0,chemistry_tree,activity_config,leaf2,0.0580779979284711,True
activity,outer0,chemistry_tree,activity_config,leaf8,0.058466370035968336,False
activity,outer0,guide_ridge,activity_config,alpha0.1,0.06921281777253246,False
activity,outer0,guide_ridge,activity_config,alpha1,0.06877511575210475,False
activity,outer0,guide_ridge,activity_config,alpha10,0.0661405362782886,True
activity,outer0,pairwise_ridge,activity_config,alpha0.1,0.05893936770028526,False
activity,outer0,pairwise_ridge,activity_config,alpha1,0.058936857466545145,False
activity,outer0,pairwise_ridge,activity_config,alpha10,0.05891185144346638,True
activity,outer1,original_gnn,activity_config,lr0.0001_wd1e-06,0.05996636146320167,False
activity,outer1,original_gnn,activity_config,lr0.0001_wd0.0001,0.05996636146320167,True
activity,outer1,original_gnn,activity_config,lr0.0003_wd1e-06,0.06043658754792174,False
activity,outer1,original_gnn,activity_config,lr0.0003_wd0.0001,0.06048833251575566,False
activity,outer1,original_gnn,activity_config,lr0.001_wd1e-06,0.06328171105645598,False
activity,outer1,original_gnn,activity_config,lr0.001_wd0.0001,0.06323265032956675,False
activity,outer1,corrected_gnn,activity_config,lr0.0001_wd1e-06,0.059968869977285504,False
activity,outer1,corrected_gnn,activity_config,lr0.0001_wd0.0001,0.059968869977285504,True
activity,outer1,corrected_gnn,activity_config,lr0.0003_wd1e-06,0.06043831840179038,False
activity,outer1,corrected_gnn,activity_config,lr0.0003_wd0.0001,0.0604898992152371,False
activity,outer1,corrected_gnn,activity_config,lr0.001_wd1e-06,0.06328314867987993,False
activity,outer1,corrected_gnn,activity_config,lr0.001_wd0.0001,0.06323378778263487,False
activity,outer1,original_no_message,activity_config,lr0.0001_wd1e-06,0.060098243982158066,False
activity,outer1,original_no_message,activity_config,lr0.0001_wd0.0001,0.060098243982158066,True
activity,outer1,original_no_message,activity_config,lr0.0003_wd1e-06,0.06119086413221603,False
activity,outer1,original_no_message,activity_config,lr0.0003_wd0.0001,0.0611016637290305,False
activity,outer1,original_no_message,activity_config,lr0.001_wd1e-06,0.0619381408846035,False
activity,outer1,original_no_message,activity_config,lr0.001_wd0.0001,0.06156049686055139,False
activity,outer1,corrected_no_message,activity_config,lr0.0001_wd1e-06,0.0601000239607786,False
activity,outer1,corrected_no_message,activity_config,lr0.0001_wd0.0001,0.0601000239607786,True
activity,outer1,corrected_no_message,activity_config,lr0.0003_wd1e-06,0.061194407099930716,False
activity,outer1,corrected_no_message,activity_config,lr0.0003_wd0.0001,0.0611051531423584,False
activity,outer1,corrected_no_message,activity_config,lr0.001_wd1e-06,0.06193811181031784,False
activity,outer1,corrected_no_message,activity_config,lr0.001_wd0.0001,0.06156060058723308,False
activity,outer1,token_cnn,activity_config,lr0.0001_wd1e-06,0.06141861774302515,False
activity,outer1,token_cnn,activity_config,lr0.0001_wd0.0001,0.06141861774302515,False
activity,outer1,token_cnn,activity_config,lr0.0003_wd1e-06,0.06098053811050954,False
activity,outer1,token_cnn,activity_config,lr0.0003_wd0.0001,0.060912840188843236,False
activity,outer1,token_cnn,activity_config,lr0.001_wd1e-06,0.06083551968201778,True
activity,outer1,token_cnn,activity_config,lr0.001_wd0.0001,0.061166986096425596,False
activity,outer1,chemistry_tree,activity_config,leaf2,0.0753282777267583,False
activity,outer1,chemistry_tree,activity_config,leaf8,0.07301224791990625,True
activity,outer1,guide_ridge,activity_config,alpha0.1,0.09172620272834194,False
activity,outer1,guide_ridge,activity_config,alpha1,0.09139075124090461,False
activity,outer1,guide_ridge,activity_config,alpha10,0.08957007529803995,True
activity,outer1,pairwise_ridge,activity_config,alpha0.1,0.07369947546059498,False
activity,outer1,pairwise_ridge,activity_config,alpha1,0.07369574754708917,False
activity,outer1,pairwise_ridge,activity_config,alpha10,0.07365843091594802,True
activity,outer2,original_gnn,activity_config,lr0.0001_wd1e-06,0.05766576820535108,False
activity,outer2,original_gnn,activity_config,lr0.0001_wd0.0001,0.05766576820535108,True
activity,outer2,original_gnn,activity_config,lr0.0003_wd1e-06,0.05864898612285782,False
activity,outer2,original_gnn,activity_config,lr0.0003_wd0.0001,0.05854953114040378,False
activity,outer2,original_gnn,activity_config,lr0.001_wd1e-06,0.05935907711897117,False
activity,outer2,original_gnn,activity_config,lr0.001_wd0.0001,0.0591938093436547,False
activity,outer2,corrected_gnn,activity_config,lr0.0001_wd1e-06,0.05766573923087098,False
activity,outer2,corrected_gnn,activity_config,lr0.0001_wd0.0001,0.05766573923087098,True
activity,outer2,corrected_gnn,activity_config,lr0.0003_wd1e-06,0.058648858680614,False
activity,outer2,corrected_gnn,activity_config,lr0.0003_wd0.0001,0.05854941267768791,False
activity,outer2,corrected_gnn,activity_config,lr0.001_wd1e-06,0.059358957829196944,False
activity,outer2,corrected_gnn,activity_config,lr0.001_wd0.0001,0.05919369009673595,False
activity,outer2,original_no_message,activity_config,lr0.0001_wd1e-06,0.05767225144623172,False
activity,outer2,original_no_message,activity_config,lr0.0001_wd0.0001,0.05767225144623172,True
activity,outer2,original_no_message,activity_config,lr0.0003_wd1e-06,0.05848650113572248,False
activity,outer2,original_no_message,activity_config,lr0.0003_wd0.0001,0.05851727710291213,False
activity,outer2,original_no_message,activity_config,lr0.001_wd1e-06,0.05961389895762218,False
activity,outer2,original_no_message,activity_config,lr0.001_wd0.0001,0.05944279518962204,False
activity,outer2,corrected_no_message,activity_config,lr0.0001_wd1e-06,0.05767223753335953,False
activity,outer2,corrected_no_message,activity_config,lr0.0001_wd0.0001,0.05767223753335953,True
activity,outer2,corrected_no_message,activity_config,lr0.0003_wd1e-06,0.05848648047572658,False
activity,outer2,corrected_no_message,activity_config,lr0.0003_wd0.0001,0.05851726161065899,False
activity,outer2,corrected_no_message,activity_config,lr0.001_wd1e-06,0.059613791283248764,False
activity,outer2,corrected_no_message,activity_config,lr0.001_wd0.0001,0.059442716038178384,False
activity,outer2,token_cnn,activity_config,lr0.0001_wd1e-06,0.05831838531626946,False
activity,outer2,token_cnn,activity_config,lr0.0001_wd0.0001,0.05831838531626946,True
activity,outer2,token_cnn,activity_config,lr0.0003_wd1e-06,0.058534613111737605,False
activity,outer2,token_cnn,activity_config,lr0.0003_wd0.0001,0.05839318744160558,False
activity,outer2,token_cnn,activity_config,lr0.001_wd1e-06,0.059479314829400276,False
activity,outer2,token_cnn,activity_config,lr0.001_wd0.0001,0.05932356980011005,False
activity,outer2,chemistry_tree,activity_config,leaf2,0.06030347071625675,False
activity,outer2,chemistry_tree,activity_config,leaf8,0.06024021782260156,True
activity,outer2,guide_ridge,activity_config,alpha0.1,0.07367015567604257,True
activity,outer2,guide_ridge,activity_config,alpha1,0.07472310362635493,False
activity,outer2,guide_ridge,activity_config,alpha10,0.07929698053888433,False
activity,outer2,pairwise_ridge,activity_config,alpha0.1,0.06577198334879251,False
activity,outer2,pairwise_ridge,activity_config,alpha1,0.06576097141645251,False
activity,outer2,pairwise_ridge,activity_config,alpha10,0.06565650377880355,True
activity,outer3,original_gnn,activity_config,lr0.0001_wd1e-06,0.05662373582816727,False
activity,outer3,original_gnn,activity_config,lr0.0001_wd0.0001,0.05662373582816727,True
activity,outer3,original_gnn,activity_config,lr0.0003_wd1e-06,0.05866919742253746,False
activity,outer3,original_gnn,activity_config,lr0.0003_wd0.0001,0.05862633559436494,False
activity,outer3,original_gnn,activity_config,lr0.001_wd1e-06,0.059088508635506576,False
activity,outer3,original_gnn,activity_config,lr0.001_wd0.0001,0.05909046705506266,False
activity,outer3,corrected_gnn,activity_config,lr0.0001_wd1e-06,0.05662373582816727,False
activity,outer3,corrected_gnn,activity_config,lr0.0001_wd0.0001,0.05662373582816727,True
activity,outer3,corrected_gnn,activity_config,lr0.0003_wd1e-06,0.05866919742253746,False
activity,outer3,corrected_gnn,activity_config,lr0.0003_wd0.0001,0.05862633559436494,False
activity,outer3,corrected_gnn,activity_config,lr0.001_wd1e-06,0.059088508635506576,False
activity,outer3,corrected_gnn,activity_config,lr0.001_wd0.0001,0.05909046705506266,False
activity,outer3,original_no_message,activity_config,lr0.0001_wd1e-06,0.05702442729420385,False
activity,outer3,original_no_message,activity_config,lr0.0001_wd0.0001,0.05702442729420385,True
activity,outer3,original_no_message,activity_config,lr0.0003_wd1e-06,0.058629608304679226,False
activity,outer3,original_no_message,activity_config,lr0.0003_wd0.0001,0.05867261695121879,False
activity,outer3,original_no_message,activity_config,lr0.001_wd1e-06,0.05980314578714797,False
activity,outer3,original_no_message,activity_config,lr0.001_wd0.0001,0.059818877668193486,False
activity,outer3,corrected_no_message,activity_config,lr0.0001_wd1e-06,0.05702442729420385,False
activity,outer3,corrected_no_message,activity_config,lr0.0001_wd0.0001,0.05702442729420385,True
activity,outer3,corrected_no_message,activity_config,lr0.0003_wd1e-06,0.058629608304679226,False
activity,outer3,corrected_no_message,activity_config,lr0.0003_wd0.0001,0.05867261695121879,False
activity,outer3,corrected_no_message,activity_config,lr0.001_wd1e-06,0.05980314578714797,False
activity,outer3,corrected_no_message,activity_config,lr0.001_wd0.0001,0.059818877668193486,False
activity,outer3,token_cnn,activity_config,lr0.0001_wd1e-06,0.057331850021857346,False
activity,outer3,token_cnn,activity_config,lr0.0001_wd0.0001,0.057331850021857346,False
activity,outer3,token_cnn,activity_config,lr0.0003_wd1e-06,0.057187507344074434,True
activity,outer3,token_cnn,activity_config,lr0.0003_wd0.0001,0.05731178301725138,False
activity,outer3,token_cnn,activity_config,lr0.001_wd1e-06,0.059772903746753,False
activity,outer3,token_cnn,activity_config,lr0.001_wd0.0001,0.059430646176349855,False
activity,outer3,chemistry_tree,activity_config,leaf2,0.06077932663895857,False
activity,outer3,chemistry_tree,activity_config,leaf8,0.060693511821076795,True
activity,outer3,guide_ridge,activity_config,alpha0.1,0.07106980997666032,True
activity,outer3,guide_ridge,activity_config,alpha1,0.07162344508403162,False
activity,outer3,guide_ridge,activity_config,alpha10,0.07509672046061416,False
activity,outer3,pairwise_ridge,activity_config,alpha0.1,0.06688484340321685,False
activity,outer3,pairwise_ridge,activity_config,alpha1,0.0668743929624955,False
activity,outer3,pairwise_ridge,activity_config,alpha10,0.06677275959160175,True
activity,outer4,original_gnn,activity_config,lr0.0001_wd1e-06,0.051242532277359705,False
activity,outer4,original_gnn,activity_config,lr0.0001_wd0.0001,0.051242532277359705,False
activity,outer4,original_gnn,activity_config,lr0.0003_wd1e-06,0.050881726615111866,False
activity,outer4,original_gnn,activity_config,lr0.0003_wd0.0001,0.050641605842639374,True
activity,outer4,original_gnn,activity_config,lr0.001_wd1e-06,0.05158910863786987,False
activity,outer4,original_gnn,activity_config,lr0.001_wd0.0001,0.05164178675565365,False
activity,outer4,corrected_gnn,activity_config,lr0.0001_wd1e-06,0.051242532277359705,False
activity,outer4,corrected_gnn,activity_config,lr0.0001_wd0.0001,0.051242532277359705,False
activity,outer4,corrected_gnn,activity_config,lr0.0003_wd1e-06,0.050881726615111866,False
activity,outer4,corrected_gnn,activity_config,lr0.0003_wd0.0001,0.050641605842639374,True
activity,outer4,corrected_gnn,activity_config,lr0.001_wd1e-06,0.05158910863786987,False
activity,outer4,corrected_gnn,activity_config,lr0.001_wd0.0001,0.05164178675565365,False
activity,outer4,original_no_message,activity_config,lr0.0001_wd1e-06,0.051983765273782706,False
activity,outer4,original_no_message,activity_config,lr0.0001_wd0.0001,0.051983765273782706,False
activity,outer4,original_no_message,activity_config,lr0.0003_wd1e-06,0.05065693371410901,True
activity,outer4,original_no_message,activity_config,lr0.0003_wd0.0001,0.050794507545459944,False
activity,outer4,original_no_message,activity_config,lr0.001_wd1e-06,0.051029543735437805,False
activity,outer4,original_no_message,activity_config,lr0.001_wd0.0001,0.05151482408118898,False
activity,outer4,corrected_no_message,activity_config,lr0.0001_wd1e-06,0.051983765273782706,False
activity,outer4,corrected_no_message,activity_config,lr0.0001_wd0.0001,0.051983765273782706,False
activity,outer4,corrected_no_message,activity_config,lr0.0003_wd1e-06,0.05065693371410901,True
activity,outer4,corrected_no_message,activity_config,lr0.0003_wd0.0001,0.050794507545459944,False
activity,outer4,corrected_no_message,activity_config,lr0.001_wd1e-06,0.051029543735437805,False
activity,outer4,corrected_no_message,activity_config,lr0.001_wd0.0001,0.05151482408118898,False
activity,outer4,token_cnn,activity_config,lr0.0001_wd1e-06,0.05500480206644612,False
activity,outer4,token_cnn,activity_config,lr0.0001_wd0.0001,0.05500480206644612,False
activity,outer4,token_cnn,activity_config,lr0.0003_wd1e-06,0.05287989723345877,False
activity,outer4,token_cnn,activity_config,lr0.0003_wd0.0001,0.052865178060682895,False
activity,outer4,token_cnn,activity_config,lr0.001_wd1e-06,0.05200919027917372,False
activity,outer4,token_cnn,activity_config,lr0.001_wd0.0001,0.051970517965719186,True
activity,outer4,chemistry_tree,activity_config,leaf2,0.05871513027844589,False
activity,outer4,chemistry_tree,activity_config,leaf8,0.05731504722467878,True
activity,outer4,guide_ridge,activity_config,alpha0.1,0.09387465653053877,True
activity,outer4,guide_ridge,activity_config,alpha1,0.09411604976359211,False
activity,outer4,guide_ridge,activity_config,alpha10,0.09442539716066507,False
activity,outer4,pairwise_ridge,activity_config,alpha0.1,0.06102373570658629,True
activity,outer4,pairwise_ridge,activity_config,alpha1,0.0610243300734935,False
activity,outer4,pairwise_ridge,activity_config,alpha10,0.06102760924505698,False
activity,deployment,original_gnn,activity_config,lr0.0001_wd1e-06,0.05642608395281335,False
activity,deployment,original_gnn,activity_config,lr0.0001_wd0.0001,0.05642608395281335,True
activity,deployment,original_gnn,activity_config,lr0.0003_wd1e-06,0.058408945039068856,False
activity,deployment,original_gnn,activity_config,lr0.0003_wd0.0001,0.05838277281556934,False
activity,deployment,original_gnn,activity_config,lr0.001_wd1e-06,0.05838472555374627,False
activity,deployment,original_gnn,activity_config,lr0.001_wd0.0001,0.05815868017945988,False
activity,deployment,corrected_gnn,activity_config,lr0.0001_wd1e-06,0.05642608395281335,False
activity,deployment,corrected_gnn,activity_config,lr0.0001_wd0.0001,0.05642608395281335,True
activity,deployment,corrected_gnn,activity_config,lr0.0003_wd1e-06,0.058408945039068856,False
activity,deployment,corrected_gnn,activity_config,lr0.0003_wd0.0001,0.05838277281556934,False
activity,deployment,corrected_gnn,activity_config,lr0.001_wd1e-06,0.05838472555374627,False
activity,deployment,corrected_gnn,activity_config,lr0.001_wd0.0001,0.05815868017945988,False
activity,deployment,original_no_message,activity_config,lr0.0001_wd1e-06,0.05662067439993154,False
activity,deployment,original_no_message,activity_config,lr0.0001_wd0.0001,0.05662067439993154,True
activity,deployment,original_no_message,activity_config,lr0.0003_wd1e-06,0.05769604425858451,False
activity,deployment,original_no_message,activity_config,lr0.0003_wd0.0001,0.05764229247754352,False
activity,deployment,original_no_message,activity_config,lr0.001_wd1e-06,0.05864572596177415,False
activity,deployment,original_no_message,activity_config,lr0.001_wd0.0001,0.058955139035309335,False
activity,deployment,corrected_no_message,activity_config,lr0.0001_wd1e-06,0.05662067439993154,False
activity,deployment,corrected_no_message,activity_config,lr0.0001_wd0.0001,0.05662067439993154,True
activity,deployment,corrected_no_message,activity_config,lr0.0003_wd1e-06,0.05769604425858451,False
activity,deployment,corrected_no_message,activity_config,lr0.0003_wd0.0001,0.05764229247754352,False
activity,deployment,corrected_no_message,activity_config,lr0.001_wd1e-06,0.05864572596177415,False
activity,deployment,corrected_no_message,activity_config,lr0.001_wd0.0001,0.058955139035309335,False
activity,deployment,token_cnn,activity_config,lr0.0001_wd1e-06,0.056714487667490765,False
activity,deployment,token_cnn,activity_config,lr0.0001_wd0.0001,0.056714487667490765,True
activity,deployment,token_cnn,activity_config,lr0.0003_wd1e-06,0.05708919998659661,False
activity,deployment,token_cnn,activity_config,lr0.0003_wd0.0001,0.057068519553593634,False
activity,deployment,token_cnn,activity_config,lr0.001_wd1e-06,0.05911360749163721,False
activity,deployment,token_cnn,activity_config,lr0.001_wd0.0001,0.0590360432762865,False
activity,deployment,chemistry_tree,activity_config,leaf2,0.061005524337352936,True
activity,deployment,chemistry_tree,activity_config,leaf8,0.06140051159995913,False
activity,deployment,guide_ridge,activity_config,alpha0.1,0.07524843767677272,True
activity,deployment,guide_ridge,activity_config,alpha1,0.07602847107317141,False
activity,deployment,guide_ridge,activity_config,alpha10,0.08196852442841257,False
activity,deployment,pairwise_ridge,activity_config,alpha0.1,0.06457513186433395,False
activity,deployment,pairwise_ridge,activity_config,alpha1,0.06456768688753628,False
activity,deployment,pairwise_ridge,activity_config,alpha10,0.06449786674556499,True
pair,b2outer0,corrected_gnn,activity_config,lr0.0001_wd1e-06,0.22313334490961467,False
pair,b2outer0,corrected_gnn,activity_config,lr0.0001_wd0.0001,0.22313334490961467,False
pair,b2outer0,corrected_gnn,activity_config,lr0.0003_wd1e-06,0.21565020521652,False
pair,b2outer0,corrected_gnn,activity_config,lr0.0003_wd0.0001,0.21549329649359183,False
pair,b2outer0,corrected_gnn,activity_config,lr0.001_wd1e-06,0.21261944799494273,False
pair,b2outer0,corrected_gnn,activity_config,lr0.001_wd0.0001,0.21261840383433517,True
pair,b2outer0,corrected_gnn,pair_lambda,0.1,0.24844355575885438,False
pair,b2outer0,corrected_gnn,pair_lambda,1.0,0.2477477999535047,False
pair,b2outer0,corrected_gnn,pair_lambda,10.0,0.24715002510719208,True
pair,b2outer0,corrected_no_message,activity_config,lr0.0001_wd1e-06,0.22105491729228852,False
pair,b2outer0,corrected_no_message,activity_config,lr0.0001_wd0.0001,0.22105491729228852,False
pair,b2outer0,corrected_no_message,activity_config,lr0.0003_wd1e-06,0.214764380147228,False
pair,b2outer0,corrected_no_message,activity_config,lr0.0003_wd0.0001,0.21483601660817175,False
pair,b2outer0,corrected_no_message,activity_config,lr0.001_wd1e-06,0.20832642187842673,False
pair,b2outer0,corrected_no_message,activity_config,lr0.001_wd0.0001,0.20832416153611544,True
pair,b2outer0,corrected_no_message,pair_lambda,0.1,0.24751862565065297,False
pair,b2outer0,corrected_no_message,pair_lambda,1.0,0.24114388371340414,True
pair,b2outer0,corrected_no_message,pair_lambda,10.0,0.24623150438816385,False
pair,b2outer0,pair_ridge,activity_config,alpha0.1,0.3043150419868401,False
pair,b2outer0,pair_ridge,activity_config,alpha1,0.30422130618305043,False
pair,b2outer0,pair_ridge,activity_config,alpha10,0.3033186146433189,True
pair,b2outer0,pair_tree,activity_config,leaf2,0.32652955774488324,False
pair,b2outer0,pair_tree,activity_config,leaf8,0.31671461302505044,True
pair,b2outer1,corrected_gnn,activity_config,lr0.0001_wd1e-06,0.4302356522121135,False
pair,b2outer1,corrected_gnn,activity_config,lr0.0001_wd0.0001,0.4302356522121135,False
pair,b2outer1,corrected_gnn,activity_config,lr0.0003_wd1e-06,0.41543442177567486,False
pair,b2outer1,corrected_gnn,activity_config,lr0.0003_wd0.0001,0.41543446783929244,False
pair,b2outer1,corrected_gnn,activity_config,lr0.001_wd1e-06,0.3974238007657092,True
pair,b2outer1,corrected_gnn,activity_config,lr0.001_wd0.0001,0.3974238758761577,False
pair,b2outer1,corrected_gnn,pair_lambda,0.1,0.32974881298745795,True
pair,b2outer1,corrected_gnn,pair_lambda,1.0,0.3342737018935951,False
pair,b2outer1,corrected_gnn,pair_lambda,10.0,0.33659725573586247,False
pair,b2outer1,corrected_no_message,activity_config,lr0.0001_wd1e-06,0.43487590757584105,False
pair,b2outer1,corrected_no_message,activity_config,lr0.0001_wd0.0001,0.43487590757584105,False
pair,b2outer1,corrected_no_message,activity_config,lr0.0003_wd1e-06,0.415062682784999,False
pair,b2outer1,corrected_no_message,activity_config,lr0.0003_wd0.0001,0.41506270220327196,False
pair,b2outer1,corrected_no_message,activity_config,lr0.001_wd1e-06,0.3985618220922968,True
pair,b2outer1,corrected_no_message,activity_config,lr0.001_wd0.0001,0.3985878375985347,False
pair,b2outer1,corrected_no_message,pair_lambda,0.1,0.3320049961438499,True
pair,b2outer1,corrected_no_message,pair_lambda,1.0,0.3353430881444161,False
pair,b2outer1,corrected_no_message,pair_lambda,10.0,0.342572290634162,False
pair,b2outer1,pair_ridge,activity_config,alpha0.1,0.3716683236399332,True
pair,b2outer1,pair_ridge,activity_config,alpha1,0.3716894674136781,False
pair,b2outer1,pair_ridge,activity_config,alpha10,0.37185911907856656,False
pair,b2outer1,pair_tree,activity_config,leaf2,0.38192485244087243,False
pair,b2outer1,pair_tree,activity_config,leaf8,0.3728297365828161,True
pair,b2outer2,corrected_gnn,activity_config,lr0.0001_wd1e-06,0.3862011762477417,False
pair,b2outer2,corrected_gnn,activity_config,lr0.0001_wd0.0001,0.3862011762477417,False
pair,b2outer2,corrected_gnn,activity_config,lr0.0003_wd1e-06,0.3570774283753277,False
pair,b2outer2,corrected_gnn,activity_config,lr0.0003_wd0.0001,0.3570774340025233,False
pair,b2outer2,corrected_gnn,activity_config,lr0.001_wd1e-06,0.3556888271446767,True
pair,b2outer2,corrected_gnn,activity_config,lr0.001_wd0.0001,0.35568885965977,False
pair,b2outer2,corrected_gnn,pair_lambda,0.1,0.21820825853259632,False
pair,b2outer2,corrected_gnn,pair_lambda,1.0,0.2154746364807081,True
pair,b2outer2,corrected_gnn,pair_lambda,10.0,0.21730411546048012,False
pair,b2outer2,corrected_no_message,activity_config,lr0.0001_wd1e-06,0.38849049583500955,False
pair,b2outer2,corrected_no_message,activity_config,lr0.0001_wd0.0001,0.38849049583500955,False
pair,b2outer2,corrected_no_message,activity_config,lr0.0003_wd1e-06,0.3553190337357374,False
pair,b2outer2,corrected_no_message,activity_config,lr0.0003_wd0.0001,0.3553190584572399,False
pair,b2outer2,corrected_no_message,activity_config,lr0.001_wd1e-06,0.3496648516027087,True
pair,b2outer2,corrected_no_message,activity_config,lr0.001_wd0.0001,0.3496755051083123,False
pair,b2outer2,corrected_no_message,pair_lambda,0.1,0.21891865310548722,False
pair,b2outer2,corrected_no_message,pair_lambda,1.0,0.21755573498947875,False
pair,b2outer2,corrected_no_message,pair_lambda,10.0,0.21734018814154799,True
pair,b2outer2,pair_ridge,activity_config,alpha0.1,0.26097093195456317,False
pair,b2outer2,pair_ridge,activity_config,alpha1,0.26091178060814374,False
pair,b2outer2,pair_ridge,activity_config,alpha10,0.26032215179958423,True
pair,b2outer2,pair_tree,activity_config,leaf2,0.2520459558400085,False
pair,b2outer2,pair_tree,activity_config,leaf8,0.2510661142337897,True
pair,b2outer3,corrected_gnn,activity_config,lr0.0001_wd1e-06,0.35834377050791283,False
pair,b2outer3,corrected_gnn,activity_config,lr0.0001_wd0.0001,0.35834377050791283,False
pair,b2outer3,corrected_gnn,activity_config,lr0.0003_wd1e-06,0.3542038200651565,True
pair,b2outer3,corrected_gnn,activity_config,lr0.0003_wd0.0001,0.35420693912141193,False
pair,b2outer3,corrected_gnn,activity_config,lr0.001_wd1e-06,0.3546720302697903,False
pair,b2outer3,corrected_gnn,activity_config,lr0.001_wd0.0001,0.35778487248372226,False
pair,b2outer3,corrected_gnn,pair_lambda,0.1,0.30567834147850415,False
pair,b2outer3,corrected_gnn,pair_lambda,1.0,0.298289291975099,False
pair,b2outer3,corrected_gnn,pair_lambda,10.0,0.289490614065624,True
pair,b2outer3,corrected_no_message,activity_config,lr0.0001_wd1e-06,0.3631645677691999,False
pair,b2outer3,corrected_no_message,activity_config,lr0.0001_wd0.0001,0.3631645677691999,False
pair,b2outer3,corrected_no_message,activity_config,lr0.0003_wd1e-06,0.35411142654950173,False
pair,b2outer3,corrected_no_message,activity_config,lr0.0003_wd0.0001,0.35410351344502505,True
pair,b2outer3,corrected_no_message,activity_config,lr0.001_wd1e-06,0.35649960066930064,False
pair,b2outer3,corrected_no_message,activity_config,lr0.001_wd0.0001,0.35486348109846344,False
pair,b2outer3,corrected_no_message,pair_lambda,0.1,0.2991835957402015,False
pair,b2outer3,corrected_no_message,pair_lambda,1.0,0.2942463090784594,False
pair,b2outer3,corrected_no_message,pair_lambda,10.0,0.2874013501102366,True
pair,b2outer3,pair_ridge,activity_config,alpha0.1,0.28277269601467575,False
pair,b2outer3,pair_ridge,activity_config,alpha1,0.28275527261930306,False
pair,b2outer3,pair_ridge,activity_config,alpha10,0.28263523495832604,True
pair,b2outer3,pair_tree,activity_config,leaf2,0.28957952738394704,True
pair,b2outer3,pair_tree,activity_config,leaf8,0.32147646101974103,False
