fit,method,seed,total_scalars,inactive_input_scalars,inactive_readout_scalars,inactive_relation_scalars,structurally_inactive_scalars,train_reachable_upper_bound,qualification
activity/deployment/final/corrected_gnn/s11027,corrected_gnn,11027,153345,1120,33088,8192,42400,110945,"Upper bound on data-reachable scalars, not proof every remaining scalar has nonzero realized gradient"
activity/deployment/final/corrected_gnn/s1103,corrected_gnn,1103,153345,1120,33088,8192,42400,110945,"Upper bound on data-reachable scalars, not proof every remaining scalar has nonzero realized gradient"
activity/deployment/final/corrected_gnn/s2207,corrected_gnn,2207,153345,1120,33088,8192,42400,110945,"Upper bound on data-reachable scalars, not proof every remaining scalar has nonzero realized gradient"
activity/deployment/final/corrected_gnn/s3301,corrected_gnn,3301,153345,1120,33088,8192,42400,110945,"Upper bound on data-reachable scalars, not proof every remaining scalar has nonzero realized gradient"
activity/deployment/final/corrected_gnn/s4409,corrected_gnn,4409,153345,1120,33088,8192,42400,110945,"Upper bound on data-reachable scalars, not proof every remaining scalar has nonzero realized gradient"
activity/deployment/final/corrected_gnn/s5519,corrected_gnn,5519,153345,1120,33088,8192,42400,110945,"Upper bound on data-reachable scalars, not proof every remaining scalar has nonzero realized gradient"
activity/deployment/final/corrected_gnn/s6637,corrected_gnn,6637,153345,1120,33088,8192,42400,110945,"Upper bound on data-reachable scalars, not proof every remaining scalar has nonzero realized gradient"
activity/deployment/final/corrected_gnn/s7753,corrected_gnn,7753,153345,1120,33088,8192,42400,110945,"Upper bound on data-reachable scalars, not proof every remaining scalar has nonzero realized gradient"
activity/deployment/final/corrected_gnn/s8867,corrected_gnn,8867,153345,1120,33088,8192,42400,110945,"Upper bound on data-reachable scalars, not proof every remaining scalar has nonzero realized gradient"
activity/deployment/final/corrected_gnn/s9973,corrected_gnn,9973,153345,1120,33088,8192,42400,110945,"Upper bound on data-reachable scalars, not proof every remaining scalar has nonzero realized gradient"
activity/deployment/final/corrected_no_message/s11027,corrected_no_message,11027,153345,1120,33088,8192,42400,110945,"Upper bound on data-reachable scalars, not proof every remaining scalar has nonzero realized gradient"
activity/deployment/final/corrected_no_message/s1103,corrected_no_message,1103,153345,1120,33088,8192,42400,110945,"Upper bound on data-reachable scalars, not proof every remaining scalar has nonzero realized gradient"
activity/deployment/final/corrected_no_message/s2207,corrected_no_message,2207,153345,1120,33088,8192,42400,110945,"Upper bound on data-reachable scalars, not proof every remaining scalar has nonzero realized gradient"
activity/deployment/final/corrected_no_message/s3301,corrected_no_message,3301,153345,1120,33088,8192,42400,110945,"Upper bound on data-reachable scalars, not proof every remaining scalar has nonzero realized gradient"
activity/deployment/final/corrected_no_message/s4409,corrected_no_message,4409,153345,1120,33088,8192,42400,110945,"Upper bound on data-reachable scalars, not proof every remaining scalar has nonzero realized gradient"
activity/deployment/final/corrected_no_message/s5519,corrected_no_message,5519,153345,1120,33088,8192,42400,110945,"Upper bound on data-reachable scalars, not proof every remaining scalar has nonzero realized gradient"
activity/deployment/final/corrected_no_message/s6637,corrected_no_message,6637,153345,1120,33088,8192,42400,110945,"Upper bound on data-reachable scalars, not proof every remaining scalar has nonzero realized gradient"
activity/deployment/final/corrected_no_message/s7753,corrected_no_message,7753,153345,1120,33088,8192,42400,110945,"Upper bound on data-reachable scalars, not proof every remaining scalar has nonzero realized gradient"
activity/deployment/final/corrected_no_message/s8867,corrected_no_message,8867,153345,1120,33088,8192,42400,110945,"Upper bound on data-reachable scalars, not proof every remaining scalar has nonzero realized gradient"
activity/deployment/final/corrected_no_message/s9973,corrected_no_message,9973,153345,1120,33088,8192,42400,110945,"Upper bound on data-reachable scalars, not proof every remaining scalar has nonzero realized gradient"
activity/deployment/final/original_gnn/s11027,original_gnn,11027,153345,1120,33088,8192,42400,110945,"Upper bound on data-reachable scalars, not proof every remaining scalar has nonzero realized gradient"
activity/deployment/final/original_gnn/s1103,original_gnn,1103,153345,1120,33088,8192,42400,110945,"Upper bound on data-reachable scalars, not proof every remaining scalar has nonzero realized gradient"
activity/deployment/final/original_gnn/s2207,original_gnn,2207,153345,1120,33088,8192,42400,110945,"Upper bound on data-reachable scalars, not proof every remaining scalar has nonzero realized gradient"
activity/deployment/final/original_gnn/s3301,original_gnn,3301,153345,1120,33088,8192,42400,110945,"Upper bound on data-reachable scalars, not proof every remaining scalar has nonzero realized gradient"
activity/deployment/final/original_gnn/s4409,original_gnn,4409,153345,1120,33088,8192,42400,110945,"Upper bound on data-reachable scalars, not proof every remaining scalar has nonzero realized gradient"
activity/deployment/final/original_gnn/s5519,original_gnn,5519,153345,1120,33088,8192,42400,110945,"Upper bound on data-reachable scalars, not proof every remaining scalar has nonzero realized gradient"
activity/deployment/final/original_gnn/s6637,original_gnn,6637,153345,1120,33088,8192,42400,110945,"Upper bound on data-reachable scalars, not proof every remaining scalar has nonzero realized gradient"
activity/deployment/final/original_gnn/s7753,original_gnn,7753,153345,1120,33088,8192,42400,110945,"Upper bound on data-reachable scalars, not proof every remaining scalar has nonzero realized gradient"
activity/deployment/final/original_gnn/s8867,original_gnn,8867,153345,1120,33088,8192,42400,110945,"Upper bound on data-reachable scalars, not proof every remaining scalar has nonzero realized gradient"
activity/deployment/final/original_gnn/s9973,original_gnn,9973,153345,1120,33088,8192,42400,110945,"Upper bound on data-reachable scalars, not proof every remaining scalar has nonzero realized gradient"
activity/deployment/final/original_no_message/s11027,original_no_message,11027,153345,1120,33088,8192,42400,110945,"Upper bound on data-reachable scalars, not proof every remaining scalar has nonzero realized gradient"
activity/deployment/final/original_no_message/s1103,original_no_message,1103,153345,1120,33088,8192,42400,110945,"Upper bound on data-reachable scalars, not proof every remaining scalar has nonzero realized gradient"
activity/deployment/final/original_no_message/s2207,original_no_message,2207,153345,1120,33088,8192,42400,110945,"Upper bound on data-reachable scalars, not proof every remaining scalar has nonzero realized gradient"
activity/deployment/final/original_no_message/s3301,original_no_message,3301,153345,1120,33088,8192,42400,110945,"Upper bound on data-reachable scalars, not proof every remaining scalar has nonzero realized gradient"
activity/deployment/final/original_no_message/s4409,original_no_message,4409,153345,1120,33088,8192,42400,110945,"Upper bound on data-reachable scalars, not proof every remaining scalar has nonzero realized gradient"
activity/deployment/final/original_no_message/s5519,original_no_message,5519,153345,1120,33088,8192,42400,110945,"Upper bound on data-reachable scalars, not proof every remaining scalar has nonzero realized gradient"
activity/deployment/final/original_no_message/s6637,original_no_message,6637,153345,1120,33088,8192,42400,110945,"Upper bound on data-reachable scalars, not proof every remaining scalar has nonzero realized gradient"
activity/deployment/final/original_no_message/s7753,original_no_message,7753,153345,1120,33088,8192,42400,110945,"Upper bound on data-reachable scalars, not proof every remaining scalar has nonzero realized gradient"
activity/deployment/final/original_no_message/s8867,original_no_message,8867,153345,1120,33088,8192,42400,110945,"Upper bound on data-reachable scalars, not proof every remaining scalar has nonzero realized gradient"
activity/deployment/final/original_no_message/s9973,original_no_message,9973,153345,1120,33088,8192,42400,110945,"Upper bound on data-reachable scalars, not proof every remaining scalar has nonzero realized gradient"
activity/outer0/final/corrected_gnn/s11027,corrected_gnn,11027,153345,1408,33088,8192,42688,110657,"Upper bound on data-reachable scalars, not proof every remaining scalar has nonzero realized gradient"
activity/outer0/final/corrected_gnn/s1103,corrected_gnn,1103,153345,1408,33088,8192,42688,110657,"Upper bound on data-reachable scalars, not proof every remaining scalar has nonzero realized gradient"
activity/outer0/final/corrected_gnn/s2207,corrected_gnn,2207,153345,1408,33088,8192,42688,110657,"Upper bound on data-reachable scalars, not proof every remaining scalar has nonzero realized gradient"
activity/outer0/final/corrected_gnn/s3301,corrected_gnn,3301,153345,1408,33088,8192,42688,110657,"Upper bound on data-reachable scalars, not proof every remaining scalar has nonzero realized gradient"
activity/outer0/final/corrected_gnn/s4409,corrected_gnn,4409,153345,1408,33088,8192,42688,110657,"Upper bound on data-reachable scalars, not proof every remaining scalar has nonzero realized gradient"
activity/outer0/final/corrected_gnn/s5519,corrected_gnn,5519,153345,1408,33088,8192,42688,110657,"Upper bound on data-reachable scalars, not proof every remaining scalar has nonzero realized gradient"
activity/outer0/final/corrected_gnn/s6637,corrected_gnn,6637,153345,1408,33088,8192,42688,110657,"Upper bound on data-reachable scalars, not proof every remaining scalar has nonzero realized gradient"
activity/outer0/final/corrected_gnn/s7753,corrected_gnn,7753,153345,1408,33088,8192,42688,110657,"Upper bound on data-reachable scalars, not proof every remaining scalar has nonzero realized gradient"
activity/outer0/final/corrected_gnn/s8867,corrected_gnn,8867,153345,1408,33088,8192,42688,110657,"Upper bound on data-reachable scalars, not proof every remaining scalar has nonzero realized gradient"
activity/outer0/final/corrected_gnn/s9973,corrected_gnn,9973,153345,1408,33088,8192,42688,110657,"Upper bound on data-reachable scalars, not proof every remaining scalar has nonzero realized gradient"
activity/outer0/final/corrected_no_message/s11027,corrected_no_message,11027,153345,1408,33088,8192,42688,110657,"Upper bound on data-reachable scalars, not proof every remaining scalar has nonzero realized gradient"
activity/outer0/final/corrected_no_message/s1103,corrected_no_message,1103,153345,1408,33088,8192,42688,110657,"Upper bound on data-reachable scalars, not proof every remaining scalar has nonzero realized gradient"
activity/outer0/final/corrected_no_message/s2207,corrected_no_message,2207,153345,1408,33088,8192,42688,110657,"Upper bound on data-reachable scalars, not proof every remaining scalar has nonzero realized gradient"
activity/outer0/final/corrected_no_message/s3301,corrected_no_message,3301,153345,1408,33088,8192,42688,110657,"Upper bound on data-reachable scalars, not proof every remaining scalar has nonzero realized gradient"
activity/outer0/final/corrected_no_message/s4409,corrected_no_message,4409,153345,1408,33088,8192,42688,110657,"Upper bound on data-reachable scalars, not proof every remaining scalar has nonzero realized gradient"
activity/outer0/final/corrected_no_message/s5519,corrected_no_message,5519,153345,1408,33088,8192,42688,110657,"Upper bound on data-reachable scalars, not proof every remaining scalar has nonzero realized gradient"
activity/outer0/final/corrected_no_message/s6637,corrected_no_message,6637,153345,1408,33088,8192,42688,110657,"Upper bound on data-reachable scalars, not proof every remaining scalar has nonzero realized gradient"
activity/outer0/final/corrected_no_message/s7753,corrected_no_message,7753,153345,1408,33088,8192,42688,110657,"Upper bound on data-reachable scalars, not proof every remaining scalar has nonzero realized gradient"
activity/outer0/final/corrected_no_message/s8867,corrected_no_message,8867,153345,1408,33088,8192,42688,110657,"Upper bound on data-reachable scalars, not proof every remaining scalar has nonzero realized gradient"
activity/outer0/final/corrected_no_message/s9973,corrected_no_message,9973,153345,1408,33088,8192,42688,110657,"Upper bound on data-reachable scalars, not proof every remaining scalar has nonzero realized gradient"
activity/outer0/final/original_gnn/s11027,original_gnn,11027,153345,1408,33088,8192,42688,110657,"Upper bound on data-reachable scalars, not proof every remaining scalar has nonzero realized gradient"
activity/outer0/final/original_gnn/s1103,original_gnn,1103,153345,1408,33088,8192,42688,110657,"Upper bound on data-reachable scalars, not proof every remaining scalar has nonzero realized gradient"
activity/outer0/final/original_gnn/s2207,original_gnn,2207,153345,1408,33088,8192,42688,110657,"Upper bound on data-reachable scalars, not proof every remaining scalar has nonzero realized gradient"
activity/outer0/final/original_gnn/s3301,original_gnn,3301,153345,1408,33088,8192,42688,110657,"Upper bound on data-reachable scalars, not proof every remaining scalar has nonzero realized gradient"
activity/outer0/final/original_gnn/s4409,original_gnn,4409,153345,1408,33088,8192,42688,110657,"Upper bound on data-reachable scalars, not proof every remaining scalar has nonzero realized gradient"
activity/outer0/final/original_gnn/s5519,original_gnn,5519,153345,1408,33088,8192,42688,110657,"Upper bound on data-reachable scalars, not proof every remaining scalar has nonzero realized gradient"
activity/outer0/final/original_gnn/s6637,original_gnn,6637,153345,1408,33088,8192,42688,110657,"Upper bound on data-reachable scalars, not proof every remaining scalar has nonzero realized gradient"
activity/outer0/final/original_gnn/s7753,original_gnn,7753,153345,1408,33088,8192,42688,110657,"Upper bound on data-reachable scalars, not proof every remaining scalar has nonzero realized gradient"
activity/outer0/final/original_gnn/s8867,original_gnn,8867,153345,1408,33088,8192,42688,110657,"Upper bound on data-reachable scalars, not proof every remaining scalar has nonzero realized gradient"
activity/outer0/final/original_gnn/s9973,original_gnn,9973,153345,1408,33088,8192,42688,110657,"Upper bound on data-reachable scalars, not proof every remaining scalar has nonzero realized gradient"
activity/outer0/final/original_no_message/s11027,original_no_message,11027,153345,1408,33088,8192,42688,110657,"Upper bound on data-reachable scalars, not proof every remaining scalar has nonzero realized gradient"
activity/outer0/final/original_no_message/s1103,original_no_message,1103,153345,1408,33088,8192,42688,110657,"Upper bound on data-reachable scalars, not proof every remaining scalar has nonzero realized gradient"
activity/outer0/final/original_no_message/s2207,original_no_message,2207,153345,1408,33088,8192,42688,110657,"Upper bound on data-reachable scalars, not proof every remaining scalar has nonzero realized gradient"
activity/outer0/final/original_no_message/s3301,original_no_message,3301,153345,1408,33088,8192,42688,110657,"Upper bound on data-reachable scalars, not proof every remaining scalar has nonzero realized gradient"
activity/outer0/final/original_no_message/s4409,original_no_message,4409,153345,1408,33088,8192,42688,110657,"Upper bound on data-reachable scalars, not proof every remaining scalar has nonzero realized gradient"
activity/outer0/final/original_no_message/s5519,original_no_message,5519,153345,1408,33088,8192,42688,110657,"Upper bound on data-reachable scalars, not proof every remaining scalar has nonzero realized gradient"
activity/outer0/final/original_no_message/s6637,original_no_message,6637,153345,1408,33088,8192,42688,110657,"Upper bound on data-reachable scalars, not proof every remaining scalar has nonzero realized gradient"
activity/outer0/final/original_no_message/s7753,original_no_message,7753,153345,1408,33088,8192,42688,110657,"Upper bound on data-reachable scalars, not proof every remaining scalar has nonzero realized gradient"
activity/outer0/final/original_no_message/s8867,original_no_message,8867,153345,1408,33088,8192,42688,110657,"Upper bound on data-reachable scalars, not proof every remaining scalar has nonzero realized gradient"
activity/outer0/final/original_no_message/s9973,original_no_message,9973,153345,1408,33088,8192,42688,110657,"Upper bound on data-reachable scalars, not proof every remaining scalar has nonzero realized gradient"
activity/outer1/final/corrected_gnn/s11027,corrected_gnn,11027,153345,896,37248,10240,48384,104961,"Upper bound on data-reachable scalars, not proof every remaining scalar has nonzero realized gradient"
activity/outer1/final/corrected_gnn/s1103,corrected_gnn,1103,153345,896,37248,10240,48384,104961,"Upper bound on data-reachable scalars, not proof every remaining scalar has nonzero realized gradient"
activity/outer1/final/corrected_gnn/s2207,corrected_gnn,2207,153345,896,37248,10240,48384,104961,"Upper bound on data-reachable scalars, not proof every remaining scalar has nonzero realized gradient"
activity/outer1/final/corrected_gnn/s3301,corrected_gnn,3301,153345,896,37248,10240,48384,104961,"Upper bound on data-reachable scalars, not proof every remaining scalar has nonzero realized gradient"
activity/outer1/final/corrected_gnn/s4409,corrected_gnn,4409,153345,896,37248,10240,48384,104961,"Upper bound on data-reachable scalars, not proof every remaining scalar has nonzero realized gradient"
activity/outer1/final/corrected_gnn/s5519,corrected_gnn,5519,153345,896,37248,10240,48384,104961,"Upper bound on data-reachable scalars, not proof every remaining scalar has nonzero realized gradient"
activity/outer1/final/corrected_gnn/s6637,corrected_gnn,6637,153345,896,37248,10240,48384,104961,"Upper bound on data-reachable scalars, not proof every remaining scalar has nonzero realized gradient"
activity/outer1/final/corrected_gnn/s7753,corrected_gnn,7753,153345,896,37248,10240,48384,104961,"Upper bound on data-reachable scalars, not proof every remaining scalar has nonzero realized gradient"
activity/outer1/final/corrected_gnn/s8867,corrected_gnn,8867,153345,896,37248,10240,48384,104961,"Upper bound on data-reachable scalars, not proof every remaining scalar has nonzero realized gradient"
activity/outer1/final/corrected_gnn/s9973,corrected_gnn,9973,153345,896,37248,10240,48384,104961,"Upper bound on data-reachable scalars, not proof every remaining scalar has nonzero realized gradient"
activity/outer1/final/corrected_no_message/s11027,corrected_no_message,11027,153345,896,37248,10240,48384,104961,"Upper bound on data-reachable scalars, not proof every remaining scalar has nonzero realized gradient"
activity/outer1/final/corrected_no_message/s1103,corrected_no_message,1103,153345,896,37248,10240,48384,104961,"Upper bound on data-reachable scalars, not proof every remaining scalar has nonzero realized gradient"
activity/outer1/final/corrected_no_message/s2207,corrected_no_message,2207,153345,896,37248,10240,48384,104961,"Upper bound on data-reachable scalars, not proof every remaining scalar has nonzero realized gradient"
activity/outer1/final/corrected_no_message/s3301,corrected_no_message,3301,153345,896,37248,10240,48384,104961,"Upper bound on data-reachable scalars, not proof every remaining scalar has nonzero realized gradient"
activity/outer1/final/corrected_no_message/s4409,corrected_no_message,4409,153345,896,37248,10240,48384,104961,"Upper bound on data-reachable scalars, not proof every remaining scalar has nonzero realized gradient"
activity/outer1/final/corrected_no_message/s5519,corrected_no_message,5519,153345,896,37248,10240,48384,104961,"Upper bound on data-reachable scalars, not proof every remaining scalar has nonzero realized gradient"
activity/outer1/final/corrected_no_message/s6637,corrected_no_message,6637,153345,896,37248,10240,48384,104961,"Upper bound on data-reachable scalars, not proof every remaining scalar has nonzero realized gradient"
activity/outer1/final/corrected_no_message/s7753,corrected_no_message,7753,153345,896,37248,10240,48384,104961,"Upper bound on data-reachable scalars, not proof every remaining scalar has nonzero realized gradient"
activity/outer1/final/corrected_no_message/s8867,corrected_no_message,8867,153345,896,37248,10240,48384,104961,"Upper bound on data-reachable scalars, not proof every remaining scalar has nonzero realized gradient"
activity/outer1/final/corrected_no_message/s9973,corrected_no_message,9973,153345,896,37248,10240,48384,104961,"Upper bound on data-reachable scalars, not proof every remaining scalar has nonzero realized gradient"
activity/outer1/final/original_gnn/s11027,original_gnn,11027,153345,896,37248,10240,48384,104961,"Upper bound on data-reachable scalars, not proof every remaining scalar has nonzero realized gradient"
activity/outer1/final/original_gnn/s1103,original_gnn,1103,153345,896,37248,10240,48384,104961,"Upper bound on data-reachable scalars, not proof every remaining scalar has nonzero realized gradient"
activity/outer1/final/original_gnn/s2207,original_gnn,2207,153345,896,37248,10240,48384,104961,"Upper bound on data-reachable scalars, not proof every remaining scalar has nonzero realized gradient"
activity/outer1/final/original_gnn/s3301,original_gnn,3301,153345,896,37248,10240,48384,104961,"Upper bound on data-reachable scalars, not proof every remaining scalar has nonzero realized gradient"
activity/outer1/final/original_gnn/s4409,original_gnn,4409,153345,896,37248,10240,48384,104961,"Upper bound on data-reachable scalars, not proof every remaining scalar has nonzero realized gradient"
activity/outer1/final/original_gnn/s5519,original_gnn,5519,153345,896,37248,10240,48384,104961,"Upper bound on data-reachable scalars, not proof every remaining scalar has nonzero realized gradient"
activity/outer1/final/original_gnn/s6637,original_gnn,6637,153345,896,37248,10240,48384,104961,"Upper bound on data-reachable scalars, not proof every remaining scalar has nonzero realized gradient"
activity/outer1/final/original_gnn/s7753,original_gnn,7753,153345,896,37248,10240,48384,104961,"Upper bound on data-reachable scalars, not proof every remaining scalar has nonzero realized gradient"
activity/outer1/final/original_gnn/s8867,original_gnn,8867,153345,896,37248,10240,48384,104961,"Upper bound on data-reachable scalars, not proof every remaining scalar has nonzero realized gradient"
activity/outer1/final/original_gnn/s9973,original_gnn,9973,153345,896,37248,10240,48384,104961,"Upper bound on data-reachable scalars, not proof every remaining scalar has nonzero realized gradient"
activity/outer1/final/original_no_message/s11027,original_no_message,11027,153345,896,37248,10240,48384,104961,"Upper bound on data-reachable scalars, not proof every remaining scalar has nonzero realized gradient"
activity/outer1/final/original_no_message/s1103,original_no_message,1103,153345,896,37248,10240,48384,104961,"Upper bound on data-reachable scalars, not proof every remaining scalar has nonzero realized gradient"
activity/outer1/final/original_no_message/s2207,original_no_message,2207,153345,896,37248,10240,48384,104961,"Upper bound on data-reachable scalars, not proof every remaining scalar has nonzero realized gradient"
activity/outer1/final/original_no_message/s3301,original_no_message,3301,153345,896,37248,10240,48384,104961,"Upper bound on data-reachable scalars, not proof every remaining scalar has nonzero realized gradient"
activity/outer1/final/original_no_message/s4409,original_no_message,4409,153345,896,37248,10240,48384,104961,"Upper bound on data-reachable scalars, not proof every remaining scalar has nonzero realized gradient"
activity/outer1/final/original_no_message/s5519,original_no_message,5519,153345,896,37248,10240,48384,104961,"Upper bound on data-reachable scalars, not proof every remaining scalar has nonzero realized gradient"
activity/outer1/final/original_no_message/s6637,original_no_message,6637,153345,896,37248,10240,48384,104961,"Upper bound on data-reachable scalars, not proof every remaining scalar has nonzero realized gradient"
activity/outer1/final/original_no_message/s7753,original_no_message,7753,153345,896,37248,10240,48384,104961,"Upper bound on data-reachable scalars, not proof every remaining scalar has nonzero realized gradient"
activity/outer1/final/original_no_message/s8867,original_no_message,8867,153345,896,37248,10240,48384,104961,"Upper bound on data-reachable scalars, not proof every remaining scalar has nonzero realized gradient"
activity/outer1/final/original_no_message/s9973,original_no_message,9973,153345,896,37248,10240,48384,104961,"Upper bound on data-reachable scalars, not proof every remaining scalar has nonzero realized gradient"
activity/outer2/final/corrected_gnn/s11027,corrected_gnn,11027,153345,1120,33088,8192,42400,110945,"Upper bound on data-reachable scalars, not proof every remaining scalar has nonzero realized gradient"
activity/outer2/final/corrected_gnn/s1103,corrected_gnn,1103,153345,1120,33088,8192,42400,110945,"Upper bound on data-reachable scalars, not proof every remaining scalar has nonzero realized gradient"
activity/outer2/final/corrected_gnn/s2207,corrected_gnn,2207,153345,1120,33088,8192,42400,110945,"Upper bound on data-reachable scalars, not proof every remaining scalar has nonzero realized gradient"
activity/outer2/final/corrected_gnn/s3301,corrected_gnn,3301,153345,1120,33088,8192,42400,110945,"Upper bound on data-reachable scalars, not proof every remaining scalar has nonzero realized gradient"
activity/outer2/final/corrected_gnn/s4409,corrected_gnn,4409,153345,1120,33088,8192,42400,110945,"Upper bound on data-reachable scalars, not proof every remaining scalar has nonzero realized gradient"
activity/outer2/final/corrected_gnn/s5519,corrected_gnn,5519,153345,1120,33088,8192,42400,110945,"Upper bound on data-reachable scalars, not proof every remaining scalar has nonzero realized gradient"
activity/outer2/final/corrected_gnn/s6637,corrected_gnn,6637,153345,1120,33088,8192,42400,110945,"Upper bound on data-reachable scalars, not proof every remaining scalar has nonzero realized gradient"
activity/outer2/final/corrected_gnn/s7753,corrected_gnn,7753,153345,1120,33088,8192,42400,110945,"Upper bound on data-reachable scalars, not proof every remaining scalar has nonzero realized gradient"
activity/outer2/final/corrected_gnn/s8867,corrected_gnn,8867,153345,1120,33088,8192,42400,110945,"Upper bound on data-reachable scalars, not proof every remaining scalar has nonzero realized gradient"
activity/outer2/final/corrected_gnn/s9973,corrected_gnn,9973,153345,1120,33088,8192,42400,110945,"Upper bound on data-reachable scalars, not proof every remaining scalar has nonzero realized gradient"
activity/outer2/final/corrected_no_message/s11027,corrected_no_message,11027,153345,1120,33088,8192,42400,110945,"Upper bound on data-reachable scalars, not proof every remaining scalar has nonzero realized gradient"
activity/outer2/final/corrected_no_message/s1103,corrected_no_message,1103,153345,1120,33088,8192,42400,110945,"Upper bound on data-reachable scalars, not proof every remaining scalar has nonzero realized gradient"
activity/outer2/final/corrected_no_message/s2207,corrected_no_message,2207,153345,1120,33088,8192,42400,110945,"Upper bound on data-reachable scalars, not proof every remaining scalar has nonzero realized gradient"
activity/outer2/final/corrected_no_message/s3301,corrected_no_message,3301,153345,1120,33088,8192,42400,110945,"Upper bound on data-reachable scalars, not proof every remaining scalar has nonzero realized gradient"
activity/outer2/final/corrected_no_message/s4409,corrected_no_message,4409,153345,1120,33088,8192,42400,110945,"Upper bound on data-reachable scalars, not proof every remaining scalar has nonzero realized gradient"
activity/outer2/final/corrected_no_message/s5519,corrected_no_message,5519,153345,1120,33088,8192,42400,110945,"Upper bound on data-reachable scalars, not proof every remaining scalar has nonzero realized gradient"
activity/outer2/final/corrected_no_message/s6637,corrected_no_message,6637,153345,1120,33088,8192,42400,110945,"Upper bound on data-reachable scalars, not proof every remaining scalar has nonzero realized gradient"
activity/outer2/final/corrected_no_message/s7753,corrected_no_message,7753,153345,1120,33088,8192,42400,110945,"Upper bound on data-reachable scalars, not proof every remaining scalar has nonzero realized gradient"
activity/outer2/final/corrected_no_message/s8867,corrected_no_message,8867,153345,1120,33088,8192,42400,110945,"Upper bound on data-reachable scalars, not proof every remaining scalar has nonzero realized gradient"
activity/outer2/final/corrected_no_message/s9973,corrected_no_message,9973,153345,1120,33088,8192,42400,110945,"Upper bound on data-reachable scalars, not proof every remaining scalar has nonzero realized gradient"
activity/outer2/final/original_gnn/s11027,original_gnn,11027,153345,1120,33088,8192,42400,110945,"Upper bound on data-reachable scalars, not proof every remaining scalar has nonzero realized gradient"
activity/outer2/final/original_gnn/s1103,original_gnn,1103,153345,1120,33088,8192,42400,110945,"Upper bound on data-reachable scalars, not proof every remaining scalar has nonzero realized gradient"
activity/outer2/final/original_gnn/s2207,original_gnn,2207,153345,1120,33088,8192,42400,110945,"Upper bound on data-reachable scalars, not proof every remaining scalar has nonzero realized gradient"
activity/outer2/final/original_gnn/s3301,original_gnn,3301,153345,1120,33088,8192,42400,110945,"Upper bound on data-reachable scalars, not proof every remaining scalar has nonzero realized gradient"
activity/outer2/final/original_gnn/s4409,original_gnn,4409,153345,1120,33088,8192,42400,110945,"Upper bound on data-reachable scalars, not proof every remaining scalar has nonzero realized gradient"
activity/outer2/final/original_gnn/s5519,original_gnn,5519,153345,1120,33088,8192,42400,110945,"Upper bound on data-reachable scalars, not proof every remaining scalar has nonzero realized gradient"
activity/outer2/final/original_gnn/s6637,original_gnn,6637,153345,1120,33088,8192,42400,110945,"Upper bound on data-reachable scalars, not proof every remaining scalar has nonzero realized gradient"
activity/outer2/final/original_gnn/s7753,original_gnn,7753,153345,1120,33088,8192,42400,110945,"Upper bound on data-reachable scalars, not proof every remaining scalar has nonzero realized gradient"
activity/outer2/final/original_gnn/s8867,original_gnn,8867,153345,1120,33088,8192,42400,110945,"Upper bound on data-reachable scalars, not proof every remaining scalar has nonzero realized gradient"
activity/outer2/final/original_gnn/s9973,original_gnn,9973,153345,1120,33088,8192,42400,110945,"Upper bound on data-reachable scalars, not proof every remaining scalar has nonzero realized gradient"
activity/outer2/final/original_no_message/s11027,original_no_message,11027,153345,1120,33088,8192,42400,110945,"Upper bound on data-reachable scalars, not proof every remaining scalar has nonzero realized gradient"
activity/outer2/final/original_no_message/s1103,original_no_message,1103,153345,1120,33088,8192,42400,110945,"Upper bound on data-reachable scalars, not proof every remaining scalar has nonzero realized gradient"
activity/outer2/final/original_no_message/s2207,original_no_message,2207,153345,1120,33088,8192,42400,110945,"Upper bound on data-reachable scalars, not proof every remaining scalar has nonzero realized gradient"
activity/outer2/final/original_no_message/s3301,original_no_message,3301,153345,1120,33088,8192,42400,110945,"Upper bound on data-reachable scalars, not proof every remaining scalar has nonzero realized gradient"
activity/outer2/final/original_no_message/s4409,original_no_message,4409,153345,1120,33088,8192,42400,110945,"Upper bound on data-reachable scalars, not proof every remaining scalar has nonzero realized gradient"
activity/outer2/final/original_no_message/s5519,original_no_message,5519,153345,1120,33088,8192,42400,110945,"Upper bound on data-reachable scalars, not proof every remaining scalar has nonzero realized gradient"
activity/outer2/final/original_no_message/s6637,original_no_message,6637,153345,1120,33088,8192,42400,110945,"Upper bound on data-reachable scalars, not proof every remaining scalar has nonzero realized gradient"
activity/outer2/final/original_no_message/s7753,original_no_message,7753,153345,1120,33088,8192,42400,110945,"Upper bound on data-reachable scalars, not proof every remaining scalar has nonzero realized gradient"
activity/outer2/final/original_no_message/s8867,original_no_message,8867,153345,1120,33088,8192,42400,110945,"Upper bound on data-reachable scalars, not proof every remaining scalar has nonzero realized gradient"
activity/outer2/final/original_no_message/s9973,original_no_message,9973,153345,1120,33088,8192,42400,110945,"Upper bound on data-reachable scalars, not proof every remaining scalar has nonzero realized gradient"
activity/outer3/final/corrected_gnn/s11027,corrected_gnn,11027,153345,1120,33088,8192,42400,110945,"Upper bound on data-reachable scalars, not proof every remaining scalar has nonzero realized gradient"
activity/outer3/final/corrected_gnn/s1103,corrected_gnn,1103,153345,1120,33088,8192,42400,110945,"Upper bound on data-reachable scalars, not proof every remaining scalar has nonzero realized gradient"
activity/outer3/final/corrected_gnn/s2207,corrected_gnn,2207,153345,1120,33088,8192,42400,110945,"Upper bound on data-reachable scalars, not proof every remaining scalar has nonzero realized gradient"
activity/outer3/final/corrected_gnn/s3301,corrected_gnn,3301,153345,1120,33088,8192,42400,110945,"Upper bound on data-reachable scalars, not proof every remaining scalar has nonzero realized gradient"
activity/outer3/final/corrected_gnn/s4409,corrected_gnn,4409,153345,1120,33088,8192,42400,110945,"Upper bound on data-reachable scalars, not proof every remaining scalar has nonzero realized gradient"
activity/outer3/final/corrected_gnn/s5519,corrected_gnn,5519,153345,1120,33088,8192,42400,110945,"Upper bound on data-reachable scalars, not proof every remaining scalar has nonzero realized gradient"
activity/outer3/final/corrected_gnn/s6637,corrected_gnn,6637,153345,1120,33088,8192,42400,110945,"Upper bound on data-reachable scalars, not proof every remaining scalar has nonzero realized gradient"
activity/outer3/final/corrected_gnn/s7753,corrected_gnn,7753,153345,1120,33088,8192,42400,110945,"Upper bound on data-reachable scalars, not proof every remaining scalar has nonzero realized gradient"
activity/outer3/final/corrected_gnn/s8867,corrected_gnn,8867,153345,1120,33088,8192,42400,110945,"Upper bound on data-reachable scalars, not proof every remaining scalar has nonzero realized gradient"
activity/outer3/final/corrected_gnn/s9973,corrected_gnn,9973,153345,1120,33088,8192,42400,110945,"Upper bound on data-reachable scalars, not proof every remaining scalar has nonzero realized gradient"
activity/outer3/final/corrected_no_message/s11027,corrected_no_message,11027,153345,1120,33088,8192,42400,110945,"Upper bound on data-reachable scalars, not proof every remaining scalar has nonzero realized gradient"
activity/outer3/final/corrected_no_message/s1103,corrected_no_message,1103,153345,1120,33088,8192,42400,110945,"Upper bound on data-reachable scalars, not proof every remaining scalar has nonzero realized gradient"
activity/outer3/final/corrected_no_message/s2207,corrected_no_message,2207,153345,1120,33088,8192,42400,110945,"Upper bound on data-reachable scalars, not proof every remaining scalar has nonzero realized gradient"
activity/outer3/final/corrected_no_message/s3301,corrected_no_message,3301,153345,1120,33088,8192,42400,110945,"Upper bound on data-reachable scalars, not proof every remaining scalar has nonzero realized gradient"
activity/outer3/final/corrected_no_message/s4409,corrected_no_message,4409,153345,1120,33088,8192,42400,110945,"Upper bound on data-reachable scalars, not proof every remaining scalar has nonzero realized gradient"
activity/outer3/final/corrected_no_message/s5519,corrected_no_message,5519,153345,1120,33088,8192,42400,110945,"Upper bound on data-reachable scalars, not proof every remaining scalar has nonzero realized gradient"
activity/outer3/final/corrected_no_message/s6637,corrected_no_message,6637,153345,1120,33088,8192,42400,110945,"Upper bound on data-reachable scalars, not proof every remaining scalar has nonzero realized gradient"
activity/outer3/final/corrected_no_message/s7753,corrected_no_message,7753,153345,1120,33088,8192,42400,110945,"Upper bound on data-reachable scalars, not proof every remaining scalar has nonzero realized gradient"
activity/outer3/final/corrected_no_message/s8867,corrected_no_message,8867,153345,1120,33088,8192,42400,110945,"Upper bound on data-reachable scalars, not proof every remaining scalar has nonzero realized gradient"
activity/outer3/final/corrected_no_message/s9973,corrected_no_message,9973,153345,1120,33088,8192,42400,110945,"Upper bound on data-reachable scalars, not proof every remaining scalar has nonzero realized gradient"
activity/outer3/final/original_gnn/s11027,original_gnn,11027,153345,1120,33088,8192,42400,110945,"Upper bound on data-reachable scalars, not proof every remaining scalar has nonzero realized gradient"
activity/outer3/final/original_gnn/s1103,original_gnn,1103,153345,1120,33088,8192,42400,110945,"Upper bound on data-reachable scalars, not proof every remaining scalar has nonzero realized gradient"
activity/outer3/final/original_gnn/s2207,original_gnn,2207,153345,1120,33088,8192,42400,110945,"Upper bound on data-reachable scalars, not proof every remaining scalar has nonzero realized gradient"
activity/outer3/final/original_gnn/s3301,original_gnn,3301,153345,1120,33088,8192,42400,110945,"Upper bound on data-reachable scalars, not proof every remaining scalar has nonzero realized gradient"
activity/outer3/final/original_gnn/s4409,original_gnn,4409,153345,1120,33088,8192,42400,110945,"Upper bound on data-reachable scalars, not proof every remaining scalar has nonzero realized gradient"
activity/outer3/final/original_gnn/s5519,original_gnn,5519,153345,1120,33088,8192,42400,110945,"Upper bound on data-reachable scalars, not proof every remaining scalar has nonzero realized gradient"
activity/outer3/final/original_gnn/s6637,original_gnn,6637,153345,1120,33088,8192,42400,110945,"Upper bound on data-reachable scalars, not proof every remaining scalar has nonzero realized gradient"
activity/outer3/final/original_gnn/s7753,original_gnn,7753,153345,1120,33088,8192,42400,110945,"Upper bound on data-reachable scalars, not proof every remaining scalar has nonzero realized gradient"
activity/outer3/final/original_gnn/s8867,original_gnn,8867,153345,1120,33088,8192,42400,110945,"Upper bound on data-reachable scalars, not proof every remaining scalar has nonzero realized gradient"
activity/outer3/final/original_gnn/s9973,original_gnn,9973,153345,1120,33088,8192,42400,110945,"Upper bound on data-reachable scalars, not proof every remaining scalar has nonzero realized gradient"
activity/outer3/final/original_no_message/s11027,original_no_message,11027,153345,1120,33088,8192,42400,110945,"Upper bound on data-reachable scalars, not proof every remaining scalar has nonzero realized gradient"
activity/outer3/final/original_no_message/s1103,original_no_message,1103,153345,1120,33088,8192,42400,110945,"Upper bound on data-reachable scalars, not proof every remaining scalar has nonzero realized gradient"
activity/outer3/final/original_no_message/s2207,original_no_message,2207,153345,1120,33088,8192,42400,110945,"Upper bound on data-reachable scalars, not proof every remaining scalar has nonzero realized gradient"
activity/outer3/final/original_no_message/s3301,original_no_message,3301,153345,1120,33088,8192,42400,110945,"Upper bound on data-reachable scalars, not proof every remaining scalar has nonzero realized gradient"
activity/outer3/final/original_no_message/s4409,original_no_message,4409,153345,1120,33088,8192,42400,110945,"Upper bound on data-reachable scalars, not proof every remaining scalar has nonzero realized gradient"
activity/outer3/final/original_no_message/s5519,original_no_message,5519,153345,1120,33088,8192,42400,110945,"Upper bound on data-reachable scalars, not proof every remaining scalar has nonzero realized gradient"
activity/outer3/final/original_no_message/s6637,original_no_message,6637,153345,1120,33088,8192,42400,110945,"Upper bound on data-reachable scalars, not proof every remaining scalar has nonzero realized gradient"
activity/outer3/final/original_no_message/s7753,original_no_message,7753,153345,1120,33088,8192,42400,110945,"Upper bound on data-reachable scalars, not proof every remaining scalar has nonzero realized gradient"
activity/outer3/final/original_no_message/s8867,original_no_message,8867,153345,1120,33088,8192,42400,110945,"Upper bound on data-reachable scalars, not proof every remaining scalar has nonzero realized gradient"
activity/outer3/final/original_no_message/s9973,original_no_message,9973,153345,1120,33088,8192,42400,110945,"Upper bound on data-reachable scalars, not proof every remaining scalar has nonzero realized gradient"
activity/outer4/final/corrected_gnn/s11027,corrected_gnn,11027,153345,1120,33088,8192,42400,110945,"Upper bound on data-reachable scalars, not proof every remaining scalar has nonzero realized gradient"
activity/outer4/final/corrected_gnn/s1103,corrected_gnn,1103,153345,1120,33088,8192,42400,110945,"Upper bound on data-reachable scalars, not proof every remaining scalar has nonzero realized gradient"
activity/outer4/final/corrected_gnn/s2207,corrected_gnn,2207,153345,1120,33088,8192,42400,110945,"Upper bound on data-reachable scalars, not proof every remaining scalar has nonzero realized gradient"
activity/outer4/final/corrected_gnn/s3301,corrected_gnn,3301,153345,1120,33088,8192,42400,110945,"Upper bound on data-reachable scalars, not proof every remaining scalar has nonzero realized gradient"
activity/outer4/final/corrected_gnn/s4409,corrected_gnn,4409,153345,1120,33088,8192,42400,110945,"Upper bound on data-reachable scalars, not proof every remaining scalar has nonzero realized gradient"
activity/outer4/final/corrected_gnn/s5519,corrected_gnn,5519,153345,1120,33088,8192,42400,110945,"Upper bound on data-reachable scalars, not proof every remaining scalar has nonzero realized gradient"
activity/outer4/final/corrected_gnn/s6637,corrected_gnn,6637,153345,1120,33088,8192,42400,110945,"Upper bound on data-reachable scalars, not proof every remaining scalar has nonzero realized gradient"
activity/outer4/final/corrected_gnn/s7753,corrected_gnn,7753,153345,1120,33088,8192,42400,110945,"Upper bound on data-reachable scalars, not proof every remaining scalar has nonzero realized gradient"
activity/outer4/final/corrected_gnn/s8867,corrected_gnn,8867,153345,1120,33088,8192,42400,110945,"Upper bound on data-reachable scalars, not proof every remaining scalar has nonzero realized gradient"
activity/outer4/final/corrected_gnn/s9973,corrected_gnn,9973,153345,1120,33088,8192,42400,110945,"Upper bound on data-reachable scalars, not proof every remaining scalar has nonzero realized gradient"
activity/outer4/final/corrected_no_message/s11027,corrected_no_message,11027,153345,1120,33088,8192,42400,110945,"Upper bound on data-reachable scalars, not proof every remaining scalar has nonzero realized gradient"
activity/outer4/final/corrected_no_message/s1103,corrected_no_message,1103,153345,1120,33088,8192,42400,110945,"Upper bound on data-reachable scalars, not proof every remaining scalar has nonzero realized gradient"
activity/outer4/final/corrected_no_message/s2207,corrected_no_message,2207,153345,1120,33088,8192,42400,110945,"Upper bound on data-reachable scalars, not proof every remaining scalar has nonzero realized gradient"
activity/outer4/final/corrected_no_message/s3301,corrected_no_message,3301,153345,1120,33088,8192,42400,110945,"Upper bound on data-reachable scalars, not proof every remaining scalar has nonzero realized gradient"
activity/outer4/final/corrected_no_message/s4409,corrected_no_message,4409,153345,1120,33088,8192,42400,110945,"Upper bound on data-reachable scalars, not proof every remaining scalar has nonzero realized gradient"
activity/outer4/final/corrected_no_message/s5519,corrected_no_message,5519,153345,1120,33088,8192,42400,110945,"Upper bound on data-reachable scalars, not proof every remaining scalar has nonzero realized gradient"
activity/outer4/final/corrected_no_message/s6637,corrected_no_message,6637,153345,1120,33088,8192,42400,110945,"Upper bound on data-reachable scalars, not proof every remaining scalar has nonzero realized gradient"
activity/outer4/final/corrected_no_message/s7753,corrected_no_message,7753,153345,1120,33088,8192,42400,110945,"Upper bound on data-reachable scalars, not proof every remaining scalar has nonzero realized gradient"
activity/outer4/final/corrected_no_message/s8867,corrected_no_message,8867,153345,1120,33088,8192,42400,110945,"Upper bound on data-reachable scalars, not proof every remaining scalar has nonzero realized gradient"
activity/outer4/final/corrected_no_message/s9973,corrected_no_message,9973,153345,1120,33088,8192,42400,110945,"Upper bound on data-reachable scalars, not proof every remaining scalar has nonzero realized gradient"
activity/outer4/final/original_gnn/s11027,original_gnn,11027,153345,1120,33088,8192,42400,110945,"Upper bound on data-reachable scalars, not proof every remaining scalar has nonzero realized gradient"
activity/outer4/final/original_gnn/s1103,original_gnn,1103,153345,1120,33088,8192,42400,110945,"Upper bound on data-reachable scalars, not proof every remaining scalar has nonzero realized gradient"
activity/outer4/final/original_gnn/s2207,original_gnn,2207,153345,1120,33088,8192,42400,110945,"Upper bound on data-reachable scalars, not proof every remaining scalar has nonzero realized gradient"
activity/outer4/final/original_gnn/s3301,original_gnn,3301,153345,1120,33088,8192,42400,110945,"Upper bound on data-reachable scalars, not proof every remaining scalar has nonzero realized gradient"
activity/outer4/final/original_gnn/s4409,original_gnn,4409,153345,1120,33088,8192,42400,110945,"Upper bound on data-reachable scalars, not proof every remaining scalar has nonzero realized gradient"
activity/outer4/final/original_gnn/s5519,original_gnn,5519,153345,1120,33088,8192,42400,110945,"Upper bound on data-reachable scalars, not proof every remaining scalar has nonzero realized gradient"
activity/outer4/final/original_gnn/s6637,original_gnn,6637,153345,1120,33088,8192,42400,110945,"Upper bound on data-reachable scalars, not proof every remaining scalar has nonzero realized gradient"
activity/outer4/final/original_gnn/s7753,original_gnn,7753,153345,1120,33088,8192,42400,110945,"Upper bound on data-reachable scalars, not proof every remaining scalar has nonzero realized gradient"
activity/outer4/final/original_gnn/s8867,original_gnn,8867,153345,1120,33088,8192,42400,110945,"Upper bound on data-reachable scalars, not proof every remaining scalar has nonzero realized gradient"
activity/outer4/final/original_gnn/s9973,original_gnn,9973,153345,1120,33088,8192,42400,110945,"Upper bound on data-reachable scalars, not proof every remaining scalar has nonzero realized gradient"
activity/outer4/final/original_no_message/s11027,original_no_message,11027,153345,1120,33088,8192,42400,110945,"Upper bound on data-reachable scalars, not proof every remaining scalar has nonzero realized gradient"
activity/outer4/final/original_no_message/s1103,original_no_message,1103,153345,1120,33088,8192,42400,110945,"Upper bound on data-reachable scalars, not proof every remaining scalar has nonzero realized gradient"
activity/outer4/final/original_no_message/s2207,original_no_message,2207,153345,1120,33088,8192,42400,110945,"Upper bound on data-reachable scalars, not proof every remaining scalar has nonzero realized gradient"
activity/outer4/final/original_no_message/s3301,original_no_message,3301,153345,1120,33088,8192,42400,110945,"Upper bound on data-reachable scalars, not proof every remaining scalar has nonzero realized gradient"
activity/outer4/final/original_no_message/s4409,original_no_message,4409,153345,1120,33088,8192,42400,110945,"Upper bound on data-reachable scalars, not proof every remaining scalar has nonzero realized gradient"
activity/outer4/final/original_no_message/s5519,original_no_message,5519,153345,1120,33088,8192,42400,110945,"Upper bound on data-reachable scalars, not proof every remaining scalar has nonzero realized gradient"
activity/outer4/final/original_no_message/s6637,original_no_message,6637,153345,1120,33088,8192,42400,110945,"Upper bound on data-reachable scalars, not proof every remaining scalar has nonzero realized gradient"
activity/outer4/final/original_no_message/s7753,original_no_message,7753,153345,1120,33088,8192,42400,110945,"Upper bound on data-reachable scalars, not proof every remaining scalar has nonzero realized gradient"
activity/outer4/final/original_no_message/s8867,original_no_message,8867,153345,1120,33088,8192,42400,110945,"Upper bound on data-reachable scalars, not proof every remaining scalar has nonzero realized gradient"
activity/outer4/final/original_no_message/s9973,original_no_message,9973,153345,1120,33088,8192,42400,110945,"Upper bound on data-reachable scalars, not proof every remaining scalar has nonzero realized gradient"
pair/b2outer0/final/activity_gnn/s11027,corrected_gnn,11027,153345,1696,41408,2048,45152,108193,"Upper bound on data-reachable scalars, not proof every remaining scalar has nonzero realized gradient"
pair/b2outer0/final/activity_gnn/s1103,corrected_gnn,1103,153345,1696,41408,2048,45152,108193,"Upper bound on data-reachable scalars, not proof every remaining scalar has nonzero realized gradient"
pair/b2outer0/final/activity_gnn/s2207,corrected_gnn,2207,153345,1696,41408,2048,45152,108193,"Upper bound on data-reachable scalars, not proof every remaining scalar has nonzero realized gradient"
pair/b2outer0/final/activity_gnn/s3301,corrected_gnn,3301,153345,1696,41408,2048,45152,108193,"Upper bound on data-reachable scalars, not proof every remaining scalar has nonzero realized gradient"
pair/b2outer0/final/activity_gnn/s4409,corrected_gnn,4409,153345,1696,41408,2048,45152,108193,"Upper bound on data-reachable scalars, not proof every remaining scalar has nonzero realized gradient"
pair/b2outer0/final/activity_gnn/s5519,corrected_gnn,5519,153345,1696,41408,2048,45152,108193,"Upper bound on data-reachable scalars, not proof every remaining scalar has nonzero realized gradient"
pair/b2outer0/final/activity_gnn/s6637,corrected_gnn,6637,153345,1696,41408,2048,45152,108193,"Upper bound on data-reachable scalars, not proof every remaining scalar has nonzero realized gradient"
pair/b2outer0/final/activity_gnn/s7753,corrected_gnn,7753,153345,1696,41408,2048,45152,108193,"Upper bound on data-reachable scalars, not proof every remaining scalar has nonzero realized gradient"
pair/b2outer0/final/activity_gnn/s8867,corrected_gnn,8867,153345,1696,41408,2048,45152,108193,"Upper bound on data-reachable scalars, not proof every remaining scalar has nonzero realized gradient"
pair/b2outer0/final/activity_gnn/s9973,corrected_gnn,9973,153345,1696,41408,2048,45152,108193,"Upper bound on data-reachable scalars, not proof every remaining scalar has nonzero realized gradient"
pair/b2outer0/final/pair_gnn/s11027,corrected_gnn,11027,153345,1696,41408,2048,45152,108193,"Upper bound on data-reachable scalars, not proof every remaining scalar has nonzero realized gradient"
pair/b2outer0/final/pair_gnn/s1103,corrected_gnn,1103,153345,1696,41408,2048,45152,108193,"Upper bound on data-reachable scalars, not proof every remaining scalar has nonzero realized gradient"
pair/b2outer0/final/pair_gnn/s2207,corrected_gnn,2207,153345,1696,41408,2048,45152,108193,"Upper bound on data-reachable scalars, not proof every remaining scalar has nonzero realized gradient"
pair/b2outer0/final/pair_gnn/s3301,corrected_gnn,3301,153345,1696,41408,2048,45152,108193,"Upper bound on data-reachable scalars, not proof every remaining scalar has nonzero realized gradient"
pair/b2outer0/final/pair_gnn/s4409,corrected_gnn,4409,153345,1696,41408,2048,45152,108193,"Upper bound on data-reachable scalars, not proof every remaining scalar has nonzero realized gradient"
pair/b2outer0/final/pair_gnn/s5519,corrected_gnn,5519,153345,1696,41408,2048,45152,108193,"Upper bound on data-reachable scalars, not proof every remaining scalar has nonzero realized gradient"
pair/b2outer0/final/pair_gnn/s6637,corrected_gnn,6637,153345,1696,41408,2048,45152,108193,"Upper bound on data-reachable scalars, not proof every remaining scalar has nonzero realized gradient"
pair/b2outer0/final/pair_gnn/s7753,corrected_gnn,7753,153345,1696,41408,2048,45152,108193,"Upper bound on data-reachable scalars, not proof every remaining scalar has nonzero realized gradient"
pair/b2outer0/final/pair_gnn/s8867,corrected_gnn,8867,153345,1696,41408,2048,45152,108193,"Upper bound on data-reachable scalars, not proof every remaining scalar has nonzero realized gradient"
pair/b2outer0/final/pair_gnn/s9973,corrected_gnn,9973,153345,1696,41408,2048,45152,108193,"Upper bound on data-reachable scalars, not proof every remaining scalar has nonzero realized gradient"
pair/b2outer0/final/pair_no_message/s11027,corrected_no_message,11027,153345,1696,41408,2048,45152,108193,"Upper bound on data-reachable scalars, not proof every remaining scalar has nonzero realized gradient"
pair/b2outer0/final/pair_no_message/s1103,corrected_no_message,1103,153345,1696,41408,2048,45152,108193,"Upper bound on data-reachable scalars, not proof every remaining scalar has nonzero realized gradient"
pair/b2outer0/final/pair_no_message/s2207,corrected_no_message,2207,153345,1696,41408,2048,45152,108193,"Upper bound on data-reachable scalars, not proof every remaining scalar has nonzero realized gradient"
pair/b2outer0/final/pair_no_message/s3301,corrected_no_message,3301,153345,1696,41408,2048,45152,108193,"Upper bound on data-reachable scalars, not proof every remaining scalar has nonzero realized gradient"
pair/b2outer0/final/pair_no_message/s4409,corrected_no_message,4409,153345,1696,41408,2048,45152,108193,"Upper bound on data-reachable scalars, not proof every remaining scalar has nonzero realized gradient"
pair/b2outer0/final/pair_no_message/s5519,corrected_no_message,5519,153345,1696,41408,2048,45152,108193,"Upper bound on data-reachable scalars, not proof every remaining scalar has nonzero realized gradient"
pair/b2outer0/final/pair_no_message/s6637,corrected_no_message,6637,153345,1696,41408,2048,45152,108193,"Upper bound on data-reachable scalars, not proof every remaining scalar has nonzero realized gradient"
pair/b2outer0/final/pair_no_message/s7753,corrected_no_message,7753,153345,1696,41408,2048,45152,108193,"Upper bound on data-reachable scalars, not proof every remaining scalar has nonzero realized gradient"
pair/b2outer0/final/pair_no_message/s8867,corrected_no_message,8867,153345,1696,41408,2048,45152,108193,"Upper bound on data-reachable scalars, not proof every remaining scalar has nonzero realized gradient"
pair/b2outer0/final/pair_no_message/s9973,corrected_no_message,9973,153345,1696,41408,2048,45152,108193,"Upper bound on data-reachable scalars, not proof every remaining scalar has nonzero realized gradient"
pair/b2outer1/final/activity_gnn/s11027,corrected_gnn,11027,153345,1696,41408,2048,45152,108193,"Upper bound on data-reachable scalars, not proof every remaining scalar has nonzero realized gradient"
pair/b2outer1/final/activity_gnn/s1103,corrected_gnn,1103,153345,1696,41408,2048,45152,108193,"Upper bound on data-reachable scalars, not proof every remaining scalar has nonzero realized gradient"
pair/b2outer1/final/activity_gnn/s2207,corrected_gnn,2207,153345,1696,41408,2048,45152,108193,"Upper bound on data-reachable scalars, not proof every remaining scalar has nonzero realized gradient"
pair/b2outer1/final/activity_gnn/s3301,corrected_gnn,3301,153345,1696,41408,2048,45152,108193,"Upper bound on data-reachable scalars, not proof every remaining scalar has nonzero realized gradient"
pair/b2outer1/final/activity_gnn/s4409,corrected_gnn,4409,153345,1696,41408,2048,45152,108193,"Upper bound on data-reachable scalars, not proof every remaining scalar has nonzero realized gradient"
pair/b2outer1/final/activity_gnn/s5519,corrected_gnn,5519,153345,1696,41408,2048,45152,108193,"Upper bound on data-reachable scalars, not proof every remaining scalar has nonzero realized gradient"
pair/b2outer1/final/activity_gnn/s6637,corrected_gnn,6637,153345,1696,41408,2048,45152,108193,"Upper bound on data-reachable scalars, not proof every remaining scalar has nonzero realized gradient"
pair/b2outer1/final/activity_gnn/s7753,corrected_gnn,7753,153345,1696,41408,2048,45152,108193,"Upper bound on data-reachable scalars, not proof every remaining scalar has nonzero realized gradient"
pair/b2outer1/final/activity_gnn/s8867,corrected_gnn,8867,153345,1696,41408,2048,45152,108193,"Upper bound on data-reachable scalars, not proof every remaining scalar has nonzero realized gradient"
pair/b2outer1/final/activity_gnn/s9973,corrected_gnn,9973,153345,1696,41408,2048,45152,108193,"Upper bound on data-reachable scalars, not proof every remaining scalar has nonzero realized gradient"
pair/b2outer1/final/pair_gnn/s11027,corrected_gnn,11027,153345,1696,41408,2048,45152,108193,"Upper bound on data-reachable scalars, not proof every remaining scalar has nonzero realized gradient"
pair/b2outer1/final/pair_gnn/s1103,corrected_gnn,1103,153345,1696,41408,2048,45152,108193,"Upper bound on data-reachable scalars, not proof every remaining scalar has nonzero realized gradient"
pair/b2outer1/final/pair_gnn/s2207,corrected_gnn,2207,153345,1696,41408,2048,45152,108193,"Upper bound on data-reachable scalars, not proof every remaining scalar has nonzero realized gradient"
pair/b2outer1/final/pair_gnn/s3301,corrected_gnn,3301,153345,1696,41408,2048,45152,108193,"Upper bound on data-reachable scalars, not proof every remaining scalar has nonzero realized gradient"
pair/b2outer1/final/pair_gnn/s4409,corrected_gnn,4409,153345,1696,41408,2048,45152,108193,"Upper bound on data-reachable scalars, not proof every remaining scalar has nonzero realized gradient"
pair/b2outer1/final/pair_gnn/s5519,corrected_gnn,5519,153345,1696,41408,2048,45152,108193,"Upper bound on data-reachable scalars, not proof every remaining scalar has nonzero realized gradient"
pair/b2outer1/final/pair_gnn/s6637,corrected_gnn,6637,153345,1696,41408,2048,45152,108193,"Upper bound on data-reachable scalars, not proof every remaining scalar has nonzero realized gradient"
pair/b2outer1/final/pair_gnn/s7753,corrected_gnn,7753,153345,1696,41408,2048,45152,108193,"Upper bound on data-reachable scalars, not proof every remaining scalar has nonzero realized gradient"
pair/b2outer1/final/pair_gnn/s8867,corrected_gnn,8867,153345,1696,41408,2048,45152,108193,"Upper bound on data-reachable scalars, not proof every remaining scalar has nonzero realized gradient"
pair/b2outer1/final/pair_gnn/s9973,corrected_gnn,9973,153345,1696,41408,2048,45152,108193,"Upper bound on data-reachable scalars, not proof every remaining scalar has nonzero realized gradient"
pair/b2outer1/final/pair_no_message/s11027,corrected_no_message,11027,153345,1696,41408,2048,45152,108193,"Upper bound on data-reachable scalars, not proof every remaining scalar has nonzero realized gradient"
pair/b2outer1/final/pair_no_message/s1103,corrected_no_message,1103,153345,1696,41408,2048,45152,108193,"Upper bound on data-reachable scalars, not proof every remaining scalar has nonzero realized gradient"
pair/b2outer1/final/pair_no_message/s2207,corrected_no_message,2207,153345,1696,41408,2048,45152,108193,"Upper bound on data-reachable scalars, not proof every remaining scalar has nonzero realized gradient"
pair/b2outer1/final/pair_no_message/s3301,corrected_no_message,3301,153345,1696,41408,2048,45152,108193,"Upper bound on data-reachable scalars, not proof every remaining scalar has nonzero realized gradient"
pair/b2outer1/final/pair_no_message/s4409,corrected_no_message,4409,153345,1696,41408,2048,45152,108193,"Upper bound on data-reachable scalars, not proof every remaining scalar has nonzero realized gradient"
pair/b2outer1/final/pair_no_message/s5519,corrected_no_message,5519,153345,1696,41408,2048,45152,108193,"Upper bound on data-reachable scalars, not proof every remaining scalar has nonzero realized gradient"
pair/b2outer1/final/pair_no_message/s6637,corrected_no_message,6637,153345,1696,41408,2048,45152,108193,"Upper bound on data-reachable scalars, not proof every remaining scalar has nonzero realized gradient"
pair/b2outer1/final/pair_no_message/s7753,corrected_no_message,7753,153345,1696,41408,2048,45152,108193,"Upper bound on data-reachable scalars, not proof every remaining scalar has nonzero realized gradient"
pair/b2outer1/final/pair_no_message/s8867,corrected_no_message,8867,153345,1696,41408,2048,45152,108193,"Upper bound on data-reachable scalars, not proof every remaining scalar has nonzero realized gradient"
pair/b2outer1/final/pair_no_message/s9973,corrected_no_message,9973,153345,1696,41408,2048,45152,108193,"Upper bound on data-reachable scalars, not proof every remaining scalar has nonzero realized gradient"
pair/b2outer2/final/activity_gnn/s11027,corrected_gnn,11027,153345,1696,41408,2048,45152,108193,"Upper bound on data-reachable scalars, not proof every remaining scalar has nonzero realized gradient"
pair/b2outer2/final/activity_gnn/s1103,corrected_gnn,1103,153345,1696,41408,2048,45152,108193,"Upper bound on data-reachable scalars, not proof every remaining scalar has nonzero realized gradient"
pair/b2outer2/final/activity_gnn/s2207,corrected_gnn,2207,153345,1696,41408,2048,45152,108193,"Upper bound on data-reachable scalars, not proof every remaining scalar has nonzero realized gradient"
pair/b2outer2/final/activity_gnn/s3301,corrected_gnn,3301,153345,1696,41408,2048,45152,108193,"Upper bound on data-reachable scalars, not proof every remaining scalar has nonzero realized gradient"
pair/b2outer2/final/activity_gnn/s4409,corrected_gnn,4409,153345,1696,41408,2048,45152,108193,"Upper bound on data-reachable scalars, not proof every remaining scalar has nonzero realized gradient"
pair/b2outer2/final/activity_gnn/s5519,corrected_gnn,5519,153345,1696,41408,2048,45152,108193,"Upper bound on data-reachable scalars, not proof every remaining scalar has nonzero realized gradient"
pair/b2outer2/final/activity_gnn/s6637,corrected_gnn,6637,153345,1696,41408,2048,45152,108193,"Upper bound on data-reachable scalars, not proof every remaining scalar has nonzero realized gradient"
pair/b2outer2/final/activity_gnn/s7753,corrected_gnn,7753,153345,1696,41408,2048,45152,108193,"Upper bound on data-reachable scalars, not proof every remaining scalar has nonzero realized gradient"
pair/b2outer2/final/activity_gnn/s8867,corrected_gnn,8867,153345,1696,41408,2048,45152,108193,"Upper bound on data-reachable scalars, not proof every remaining scalar has nonzero realized gradient"
pair/b2outer2/final/activity_gnn/s9973,corrected_gnn,9973,153345,1696,41408,2048,45152,108193,"Upper bound on data-reachable scalars, not proof every remaining scalar has nonzero realized gradient"
pair/b2outer2/final/pair_gnn/s11027,corrected_gnn,11027,153345,1696,41408,2048,45152,108193,"Upper bound on data-reachable scalars, not proof every remaining scalar has nonzero realized gradient"
pair/b2outer2/final/pair_gnn/s1103,corrected_gnn,1103,153345,1696,41408,2048,45152,108193,"Upper bound on data-reachable scalars, not proof every remaining scalar has nonzero realized gradient"
pair/b2outer2/final/pair_gnn/s2207,corrected_gnn,2207,153345,1696,41408,2048,45152,108193,"Upper bound on data-reachable scalars, not proof every remaining scalar has nonzero realized gradient"
pair/b2outer2/final/pair_gnn/s3301,corrected_gnn,3301,153345,1696,41408,2048,45152,108193,"Upper bound on data-reachable scalars, not proof every remaining scalar has nonzero realized gradient"
pair/b2outer2/final/pair_gnn/s4409,corrected_gnn,4409,153345,1696,41408,2048,45152,108193,"Upper bound on data-reachable scalars, not proof every remaining scalar has nonzero realized gradient"
pair/b2outer2/final/pair_gnn/s5519,corrected_gnn,5519,153345,1696,41408,2048,45152,108193,"Upper bound on data-reachable scalars, not proof every remaining scalar has nonzero realized gradient"
pair/b2outer2/final/pair_gnn/s6637,corrected_gnn,6637,153345,1696,41408,2048,45152,108193,"Upper bound on data-reachable scalars, not proof every remaining scalar has nonzero realized gradient"
pair/b2outer2/final/pair_gnn/s7753,corrected_gnn,7753,153345,1696,41408,2048,45152,108193,"Upper bound on data-reachable scalars, not proof every remaining scalar has nonzero realized gradient"
pair/b2outer2/final/pair_gnn/s8867,corrected_gnn,8867,153345,1696,41408,2048,45152,108193,"Upper bound on data-reachable scalars, not proof every remaining scalar has nonzero realized gradient"
pair/b2outer2/final/pair_gnn/s9973,corrected_gnn,9973,153345,1696,41408,2048,45152,108193,"Upper bound on data-reachable scalars, not proof every remaining scalar has nonzero realized gradient"
pair/b2outer2/final/pair_no_message/s11027,corrected_no_message,11027,153345,1696,41408,2048,45152,108193,"Upper bound on data-reachable scalars, not proof every remaining scalar has nonzero realized gradient"
pair/b2outer2/final/pair_no_message/s1103,corrected_no_message,1103,153345,1696,41408,2048,45152,108193,"Upper bound on data-reachable scalars, not proof every remaining scalar has nonzero realized gradient"
pair/b2outer2/final/pair_no_message/s2207,corrected_no_message,2207,153345,1696,41408,2048,45152,108193,"Upper bound on data-reachable scalars, not proof every remaining scalar has nonzero realized gradient"
pair/b2outer2/final/pair_no_message/s3301,corrected_no_message,3301,153345,1696,41408,2048,45152,108193,"Upper bound on data-reachable scalars, not proof every remaining scalar has nonzero realized gradient"
pair/b2outer2/final/pair_no_message/s4409,corrected_no_message,4409,153345,1696,41408,2048,45152,108193,"Upper bound on data-reachable scalars, not proof every remaining scalar has nonzero realized gradient"
pair/b2outer2/final/pair_no_message/s5519,corrected_no_message,5519,153345,1696,41408,2048,45152,108193,"Upper bound on data-reachable scalars, not proof every remaining scalar has nonzero realized gradient"
pair/b2outer2/final/pair_no_message/s6637,corrected_no_message,6637,153345,1696,41408,2048,45152,108193,"Upper bound on data-reachable scalars, not proof every remaining scalar has nonzero realized gradient"
pair/b2outer2/final/pair_no_message/s7753,corrected_no_message,7753,153345,1696,41408,2048,45152,108193,"Upper bound on data-reachable scalars, not proof every remaining scalar has nonzero realized gradient"
pair/b2outer2/final/pair_no_message/s8867,corrected_no_message,8867,153345,1696,41408,2048,45152,108193,"Upper bound on data-reachable scalars, not proof every remaining scalar has nonzero realized gradient"
pair/b2outer2/final/pair_no_message/s9973,corrected_no_message,9973,153345,1696,41408,2048,45152,108193,"Upper bound on data-reachable scalars, not proof every remaining scalar has nonzero realized gradient"
pair/b2outer3/final/activity_gnn/s11027,corrected_gnn,11027,153345,1696,41408,2048,45152,108193,"Upper bound on data-reachable scalars, not proof every remaining scalar has nonzero realized gradient"
pair/b2outer3/final/activity_gnn/s1103,corrected_gnn,1103,153345,1696,41408,2048,45152,108193,"Upper bound on data-reachable scalars, not proof every remaining scalar has nonzero realized gradient"
pair/b2outer3/final/activity_gnn/s2207,corrected_gnn,2207,153345,1696,41408,2048,45152,108193,"Upper bound on data-reachable scalars, not proof every remaining scalar has nonzero realized gradient"
pair/b2outer3/final/activity_gnn/s3301,corrected_gnn,3301,153345,1696,41408,2048,45152,108193,"Upper bound on data-reachable scalars, not proof every remaining scalar has nonzero realized gradient"
pair/b2outer3/final/activity_gnn/s4409,corrected_gnn,4409,153345,1696,41408,2048,45152,108193,"Upper bound on data-reachable scalars, not proof every remaining scalar has nonzero realized gradient"
pair/b2outer3/final/activity_gnn/s5519,corrected_gnn,5519,153345,1696,41408,2048,45152,108193,"Upper bound on data-reachable scalars, not proof every remaining scalar has nonzero realized gradient"
pair/b2outer3/final/activity_gnn/s6637,corrected_gnn,6637,153345,1696,41408,2048,45152,108193,"Upper bound on data-reachable scalars, not proof every remaining scalar has nonzero realized gradient"
pair/b2outer3/final/activity_gnn/s7753,corrected_gnn,7753,153345,1696,41408,2048,45152,108193,"Upper bound on data-reachable scalars, not proof every remaining scalar has nonzero realized gradient"
pair/b2outer3/final/activity_gnn/s8867,corrected_gnn,8867,153345,1696,41408,2048,45152,108193,"Upper bound on data-reachable scalars, not proof every remaining scalar has nonzero realized gradient"
pair/b2outer3/final/activity_gnn/s9973,corrected_gnn,9973,153345,1696,41408,2048,45152,108193,"Upper bound on data-reachable scalars, not proof every remaining scalar has nonzero realized gradient"
pair/b2outer3/final/pair_gnn/s11027,corrected_gnn,11027,153345,1696,41408,2048,45152,108193,"Upper bound on data-reachable scalars, not proof every remaining scalar has nonzero realized gradient"
pair/b2outer3/final/pair_gnn/s1103,corrected_gnn,1103,153345,1696,41408,2048,45152,108193,"Upper bound on data-reachable scalars, not proof every remaining scalar has nonzero realized gradient"
pair/b2outer3/final/pair_gnn/s2207,corrected_gnn,2207,153345,1696,41408,2048,45152,108193,"Upper bound on data-reachable scalars, not proof every remaining scalar has nonzero realized gradient"
pair/b2outer3/final/pair_gnn/s3301,corrected_gnn,3301,153345,1696,41408,2048,45152,108193,"Upper bound on data-reachable scalars, not proof every remaining scalar has nonzero realized gradient"
pair/b2outer3/final/pair_gnn/s4409,corrected_gnn,4409,153345,1696,41408,2048,45152,108193,"Upper bound on data-reachable scalars, not proof every remaining scalar has nonzero realized gradient"
pair/b2outer3/final/pair_gnn/s5519,corrected_gnn,5519,153345,1696,41408,2048,45152,108193,"Upper bound on data-reachable scalars, not proof every remaining scalar has nonzero realized gradient"
pair/b2outer3/final/pair_gnn/s6637,corrected_gnn,6637,153345,1696,41408,2048,45152,108193,"Upper bound on data-reachable scalars, not proof every remaining scalar has nonzero realized gradient"
pair/b2outer3/final/pair_gnn/s7753,corrected_gnn,7753,153345,1696,41408,2048,45152,108193,"Upper bound on data-reachable scalars, not proof every remaining scalar has nonzero realized gradient"
pair/b2outer3/final/pair_gnn/s8867,corrected_gnn,8867,153345,1696,41408,2048,45152,108193,"Upper bound on data-reachable scalars, not proof every remaining scalar has nonzero realized gradient"
pair/b2outer3/final/pair_gnn/s9973,corrected_gnn,9973,153345,1696,41408,2048,45152,108193,"Upper bound on data-reachable scalars, not proof every remaining scalar has nonzero realized gradient"
pair/b2outer3/final/pair_no_message/s11027,corrected_no_message,11027,153345,1696,41408,2048,45152,108193,"Upper bound on data-reachable scalars, not proof every remaining scalar has nonzero realized gradient"
pair/b2outer3/final/pair_no_message/s1103,corrected_no_message,1103,153345,1696,41408,2048,45152,108193,"Upper bound on data-reachable scalars, not proof every remaining scalar has nonzero realized gradient"
pair/b2outer3/final/pair_no_message/s2207,corrected_no_message,2207,153345,1696,41408,2048,45152,108193,"Upper bound on data-reachable scalars, not proof every remaining scalar has nonzero realized gradient"
pair/b2outer3/final/pair_no_message/s3301,corrected_no_message,3301,153345,1696,41408,2048,45152,108193,"Upper bound on data-reachable scalars, not proof every remaining scalar has nonzero realized gradient"
pair/b2outer3/final/pair_no_message/s4409,corrected_no_message,4409,153345,1696,41408,2048,45152,108193,"Upper bound on data-reachable scalars, not proof every remaining scalar has nonzero realized gradient"
pair/b2outer3/final/pair_no_message/s5519,corrected_no_message,5519,153345,1696,41408,2048,45152,108193,"Upper bound on data-reachable scalars, not proof every remaining scalar has nonzero realized gradient"
pair/b2outer3/final/pair_no_message/s6637,corrected_no_message,6637,153345,1696,41408,2048,45152,108193,"Upper bound on data-reachable scalars, not proof every remaining scalar has nonzero realized gradient"
pair/b2outer3/final/pair_no_message/s7753,corrected_no_message,7753,153345,1696,41408,2048,45152,108193,"Upper bound on data-reachable scalars, not proof every remaining scalar has nonzero realized gradient"
pair/b2outer3/final/pair_no_message/s8867,corrected_no_message,8867,153345,1696,41408,2048,45152,108193,"Upper bound on data-reachable scalars, not proof every remaining scalar has nonzero realized gradient"
pair/b2outer3/final/pair_no_message/s9973,corrected_no_message,9973,153345,1696,41408,2048,45152,108193,"Upper bound on data-reachable scalars, not proof every remaining scalar has nonzero realized gradient"
