partition,study_group,rows,sequence_components,source_labels
7f94a8fe6dff,0120945e84e35bc5,57,1,21942264
7f94a8fe6dff,06dd52df7af5dfa8,20,1,23743442
7f94a8fe6dff,1a53f4532faaaf36,44,1,12408823|12923253|21687522
7f94a8fe6dff,2ae9f0ba619472e9,46,2,17264131|17616127
7f94a8fe6dff,51855d52922f7229,14,1,15545637
7f94a8fe6dff,69a320589986619e,52,1,25233814
7f94a8fe6dff,adc78afc5aca4800,594,132,"US20120088815A1, EP2415869A1"
7f94a8fe6dff,b8da497b24f5cfed,154,9,15653644|15919084|17150641|17924376|20485810
7f94a8fe6dff,bfae0743b7ffbb7e,22,1,16598842
429e99529369,0120945e84e35bc5,57,1,21942264
429e99529369,06dd52df7af5dfa8,20,1,23743442
429e99529369,1a53f4532faaaf36,44,1,12408823|12923253|21687522
429e99529369,2ae9f0ba619472e9,46,2,17264131|17616127
429e99529369,51855d52922f7229,14,1,15545637
429e99529369,59dde2a1f1d4bf70,1924,1,19282453
429e99529369,69a320589986619e,52,1,25233814
429e99529369,b8da497b24f5cfed,154,9,15653644|15919084|17150641|17924376|20485810
429e99529369,bfae0743b7ffbb7e,22,1,16598842
a62d87e0e45f,59dde2a1f1d4bf70,1924,1,19282453
a62d87e0e45f,adc78afc5aca4800,594,132,"US20120088815A1, EP2415869A1"
39cdf044cc74,0120945e84e35bc5,57,1,21942264
39cdf044cc74,06dd52df7af5dfa8,20,1,23743442
39cdf044cc74,1a53f4532faaaf36,44,1,12408823|12923253|21687522
39cdf044cc74,2ae9f0ba619472e9,46,2,17264131|17616127
39cdf044cc74,51855d52922f7229,14,1,15545637
39cdf044cc74,69a320589986619e,52,1,25233814
39cdf044cc74,b8da497b24f5cfed,154,9,15653644|15919084|17150641|17924376|20485810
39cdf044cc74,bfae0743b7ffbb7e,22,1,16598842
6dced3b339b9,0120945e84e35bc5,57,1,21942264
6dced3b339b9,06dd52df7af5dfa8,20,1,23743442
6dced3b339b9,2ae9f0ba619472e9,46,2,17264131|17616127
6dced3b339b9,51855d52922f7229,14,1,15545637
6dced3b339b9,69a320589986619e,52,1,25233814
6dced3b339b9,adc78afc5aca4800,594,132,"US20120088815A1, EP2415869A1"
6dced3b339b9,bfae0743b7ffbb7e,22,1,16598842
9caf89a0fe29,1a53f4532faaaf36,44,1,12408823|12923253|21687522
9caf89a0fe29,adc78afc5aca4800,594,132,"US20120088815A1, EP2415869A1"
9caf89a0fe29,b8da497b24f5cfed,154,9,15653644|15919084|17150641|17924376|20485810
cb9e32c50d9e,0120945e84e35bc5,57,1,21942264
cb9e32c50d9e,06dd52df7af5dfa8,20,1,23743442
cb9e32c50d9e,2ae9f0ba619472e9,46,2,17264131|17616127
cb9e32c50d9e,51855d52922f7229,14,1,15545637
cb9e32c50d9e,59dde2a1f1d4bf70,1924,1,19282453
cb9e32c50d9e,69a320589986619e,52,1,25233814
cb9e32c50d9e,bfae0743b7ffbb7e,22,1,16598842
835fd7f0ab06,1a53f4532faaaf36,44,1,12408823|12923253|21687522
835fd7f0ab06,59dde2a1f1d4bf70,1924,1,19282453
835fd7f0ab06,b8da497b24f5cfed,154,9,15653644|15919084|17150641|17924376|20485810
6f409bc7fc88,0120945e84e35bc5,57,1,21942264
6f409bc7fc88,06dd52df7af5dfa8,20,1,23743442
6f409bc7fc88,1a53f4532faaaf36,44,1,12408823|12923253|21687522
6f409bc7fc88,2ae9f0ba619472e9,46,2,17264131|17616127
6f409bc7fc88,51855d52922f7229,14,1,15545637
6f409bc7fc88,69a320589986619e,52,1,25233814
6f409bc7fc88,adc78afc5aca4800,594,132,"US20120088815A1, EP2415869A1"
6f409bc7fc88,bfae0743b7ffbb7e,22,1,16598842
ce6c6cadb284,0120945e84e35bc5,57,1,21942264
ce6c6cadb284,06dd52df7af5dfa8,20,1,23743442
ce6c6cadb284,1a53f4532faaaf36,44,1,12408823|12923253|21687522
ce6c6cadb284,2ae9f0ba619472e9,46,2,17264131|17616127
ce6c6cadb284,51855d52922f7229,14,1,15545637
ce6c6cadb284,59dde2a1f1d4bf70,1924,1,19282453
ce6c6cadb284,69a320589986619e,52,1,25233814
ce6c6cadb284,bfae0743b7ffbb7e,22,1,16598842
c068a8afa836,2ae9f0ba619472e9,46,2,17264131|17616127
c068a8afa836,51855d52922f7229,14,1,15545637
c068a8afa836,69a320589986619e,52,1,25233814
c068a8afa836,adc78afc5aca4800,594,132,"US20120088815A1, EP2415869A1"
c068a8afa836,b8da497b24f5cfed,154,9,15653644|15919084|17150641|17924376|20485810
c068a8afa836,bfae0743b7ffbb7e,22,1,16598842
d19a4e523670,2ae9f0ba619472e9,46,2,17264131|17616127
d19a4e523670,51855d52922f7229,14,1,15545637
d19a4e523670,59dde2a1f1d4bf70,1924,1,19282453
d19a4e523670,69a320589986619e,52,1,25233814
d19a4e523670,b8da497b24f5cfed,154,9,15653644|15919084|17150641|17924376|20485810
d19a4e523670,bfae0743b7ffbb7e,22,1,16598842
b4bfd536f04f,0120945e84e35bc5,57,1,21942264
b4bfd536f04f,06dd52df7af5dfa8,20,1,23743442
b4bfd536f04f,1a53f4532faaaf36,44,1,12408823|12923253|21687522
b4bfd536f04f,adc78afc5aca4800,594,132,"US20120088815A1, EP2415869A1"
b4bfd536f04f,b8da497b24f5cfed,154,9,15653644|15919084|17150641|17924376|20485810
5932f57e4f97,0120945e84e35bc5,57,1,21942264
5932f57e4f97,06dd52df7af5dfa8,20,1,23743442
5932f57e4f97,1a53f4532faaaf36,44,1,12408823|12923253|21687522
5932f57e4f97,59dde2a1f1d4bf70,1924,1,19282453
5932f57e4f97,b8da497b24f5cfed,154,9,15653644|15919084|17150641|17924376|20485810
d18682ba5419,4c6c8da894b86944,168,6,Alnylam_APP_2020_2022_related
9e2b10c35d6d,4c6c8da894b86944,180,7,Alnylam_APP_2020_2022_related
e245a445a0b9,4c6c8da894b86944,180,5,Alnylam_APP_2020_2022_related
6be235bf1da7,4c6c8da894b86944,144,7,Alnylam_APP_2020_2022_related
df6382401159,4c6c8da894b86944,144,6,Alnylam_APP_2020_2022_related
41d47f79b05c,4c6c8da894b86944,144,5,Alnylam_APP_2020_2022_related
3bcf538b361f,4c6c8da894b86944,144,7,Alnylam_APP_2020_2022_related
3109bb1b5319,4c6c8da894b86944,144,6,Alnylam_APP_2020_2022_related
9f79ccb1337c,4c6c8da894b86944,144,5,Alnylam_APP_2020_2022_related
5888a9ecb84b,4c6c8da894b86944,156,6,Alnylam_APP_2020_2022_related
cb1e80dbab74,4c6c8da894b86944,156,6,Alnylam_APP_2020_2022_related
f3c4e1017c56,4c6c8da894b86944,168,6,Alnylam_APP_2020_2022_related
