split,model,study_group,n,mse,spearman
test_internal,chemistry_tree,1a53f4532faaaf36,44,0.07252031443291873,0.334485434986017
test_internal,chemistry_tree,b8da497b24f5cfed,154,0.04582511704035054,0.39837140879772437
test_internal,gnn,1a53f4532faaaf36,44,0.07042567045342342,0.23212271727488099
test_internal,gnn,b8da497b24f5cfed,154,0.05757700659189545,0.3497477819472519
test_internal,gnn_no_chemistry,1a53f4532faaaf36,44,0.07182448802499793,0.42660910950357794
test_internal,gnn_no_chemistry,b8da497b24f5cfed,154,0.06508460074102371,0.28934000764112605
test_internal,guide_pairwise_ridge,1a53f4532faaaf36,44,0.09450295305264436,-0.30986446343674207
test_internal,guide_pairwise_ridge,b8da497b24f5cfed,154,0.057647519397957515,0.3407512445091503
test_internal,guide_ridge,1a53f4532faaaf36,44,0.11376871608329205,-0.30986446343674207
test_internal,guide_ridge,b8da497b24f5cfed,154,0.05907302715095126,0.27440855931158026
test_internal,nongraph,1a53f4532faaaf36,44,0.06717765342540488,0.30359662702973195
test_internal,nongraph,b8da497b24f5cfed,154,0.05319368832529076,0.4189374374249637
test_internal,token_cnn,1a53f4532faaaf36,44,0.07061631065716406,0.2727144724365031
test_internal,token_cnn,b8da497b24f5cfed,154,0.05229628877921217,0.5175781347848822
test_APP,chemistry_tree,4c6c8da894b86944,1839,0.16859690755653362,-0.139070318901669
test_APP,gnn,4c6c8da894b86944,1839,0.17472564435371676,-0.19805291109392353
test_APP,gnn_no_chemistry,4c6c8da894b86944,1839,0.20718936336642155,0.11854676087808047
test_APP,guide_pairwise_ridge,4c6c8da894b86944,1839,0.20801937029434975,0.1977870010173694
test_APP,guide_ridge,4c6c8da894b86944,1839,0.30129515600468426,0.1390621558491302
test_APP,nongraph,4c6c8da894b86944,1839,0.19560870164652022,-0.16216056778639118
test_APP,token_cnn,4c6c8da894b86944,1839,0.18628569724982594,-0.35900986310890415
