split,relation,name,edges
train,0,backbone_forward_PO,0
train,1,backbone_forward_PS,0
train,2,backbone_forward_unresolved,107525
train,3,backbone_reverse_PO,0
train,4,backbone_reverse_PS,0
train,5,backbone_reverse_unresolved,107525
train,6,antiparallel_canonical,100472
train,7,antiparallel_mismatch,2
validation,0,backbone_forward_PO,0
validation,1,backbone_forward_PS,0
validation,2,backbone_forward_unresolved,4120
validation,3,backbone_reverse_PO,0
validation,4,backbone_reverse_PS,0
validation,5,backbone_reverse_unresolved,4120
validation,6,antiparallel_canonical,3914
validation,7,antiparallel_mismatch,0
test_internal,0,backbone_forward_PO,0
test_internal,1,backbone_forward_PS,0
test_internal,2,backbone_forward_unresolved,7920
test_internal,3,backbone_reverse_PO,0
test_internal,4,backbone_reverse_PS,0
test_internal,5,backbone_reverse_unresolved,7920
test_internal,6,antiparallel_canonical,7506
test_internal,7,antiparallel_mismatch,18
test_APP,0,backbone_forward_PO,66006
test_APP,1,backbone_forward_PS,11232
test_APP,2,backbone_forward_unresolved,0
test_APP,3,backbone_reverse_PO,66006
test_APP,4,backbone_reverse_PS,11232
test_APP,5,backbone_reverse_unresolved,0
test_APP,6,antiparallel_canonical,77238
test_APP,7,antiparallel_mismatch,0
