phase,model,arm,seed,assay_id,n,spearman,top5_percentile,selected_activity,oracle_top5_activity,pool_mean_activity
deployment,chemistry_tree,all_ENsi_inner_selected,ensemble,US20220002724A1|Table17|Be(2)C cell line|0.1nM|24h,90,0.0609375643083508,0.7123595505617978,0.4000199999999999,0.73614,-0.0894766666666666
deployment,chemistry_tree,all_ENsi_inner_selected,ensemble,US20220002724A1|Table17|Be(2)C cell line|1.0nM|24h,90,0.0821750922964209,0.8112359550561798,0.8252799999999999,0.88264,0.62997
deployment,chemistry_tree,all_ENsi_inner_selected,ensemble,US20220002724A1|Table17|Be(2)C cell line|10.0nM|24h,90,0.0675556653084743,0.7640449438202247,0.84428,0.90824,0.6388777777777778
deployment,chemistry_tree,all_ENsi_inner_selected,ensemble,US20220002724A1|Table18|Neuro2A cell line|0.1nM|24h,90,0.0869490060501296,0.70561797752809,0.7581800000000001,0.8996600000000001,0.5979666666666668
deployment,chemistry_tree,all_ENsi_inner_selected,ensemble,US20220002724A1|Table18|Neuro2A cell line|1.0nM|24h,90,0.0827509569082602,0.8449438202247193,0.9513,0.98554,0.8122555555555553
deployment,chemistry_tree,all_ENsi_inner_selected,ensemble,US20220002724A1|Table18|Neuro2A cell line|10.0nM|24h,90,0.0339719712787758,0.6707865168539326,0.97526,0.9987,0.9060722222222224
deployment,chemistry_tree,all_ENsi_inner_selected,ensemble,US20220002724A1|Table4|Be(2)C cell line|0.1nM|24h,209,-0.0178870594732032,0.6721153846153846,0.3928,0.72,0.2440526315789473
deployment,chemistry_tree,all_ENsi_inner_selected,ensemble,US20220002724A1|Table4|Be(2)C cell line|10.0nM|24h,209,0.0133020832878251,0.6716346153846153,0.8058,0.9434,0.6744497607655503
deployment,chemistry_tree,all_ENsi_inner_selected,ensemble,US20220002724A1|Table4|Primary Cynomolgus Monkey Hepatocytes|0.1nM|24h,209,0.0179778545064835,0.7774038461538463,0.1308,0.3086,0.0525454545454545
deployment,chemistry_tree,all_ENsi_inner_selected,ensemble,US20220002724A1|Table4|Primary Cynomolgus Monkey Hepatocytes|10.0nM|24h,209,-0.0015353219346065,0.6634615384615385,0.5388000000000001,0.8301999999999999,0.388267942583732
deployment,chemistry_tree,all_ENsi_inner_selected,ensemble,US20220002724A1|Table7|Neuro2A cell line|0.1nM|24h,91,0.1861602165949992,0.5666666666666667,0.3022999999999999,0.6953799999999999,0.2634835164835165
deployment,chemistry_tree,all_ENsi_inner_selected,ensemble,US20220002724A1|Table7|Neuro2A cell line|10.0nM|24h,91,0.1522541497629115,0.5711111111111111,0.8530999999999999,0.99476,0.788976923076923
deployment,chemistry_tree,all_ENsi_inner_selected,ensemble,US20220002724A1|Table7|Primary mouse hepatocytes|0.1nM|24h,91,0.2115745257332328,0.5755555555555556,0.3968,0.8734,0.3282527472527472
deployment,chemistry_tree,all_ENsi_inner_selected,ensemble,US20220002724A1|Table7|Primary mouse hepatocytes|10.0nM|24h,91,0.2635539775360946,0.62,0.93,0.9884,0.8191538461538461
deployment,chemistry_tree,all_ENsi_inner_selected,ensemble,US20240117349A1|Table6|Be(2)C cell line|0.1nM|24h,33,-0.2391976673599259,0.378125,0.414,0.8400000000000001,0.4990909090909091
deployment,chemistry_tree,all_ENsi_inner_selected,ensemble,US20240117349A1|Table6|Be(2)C cell line|1.0nM|24h,33,-0.3104572702828067,0.38125,0.5860000000000001,0.948,0.6566666666666667
deployment,chemistry_tree,all_ENsi_inner_selected,ensemble,US20240117349A1|Table6|Be(2)C cell line|10.0nM|24h,33,-0.3305154724706986,0.3375,0.6119999999999999,0.956,0.7033333333333334
deployment,gnn,all_ENsi_inner_selected,ensemble,US20220002724A1|Table17|Be(2)C cell line|0.1nM|24h,90,0.1038893690579083,0.3415730337078652,-0.5793199999999998,0.73614,-0.0894766666666666
deployment,gnn,all_ENsi_inner_selected,ensemble,US20220002724A1|Table17|Be(2)C cell line|1.0nM|24h,90,0.0359552041621523,0.3168539325842696,0.43794,0.88264,0.62997
deployment,gnn,all_ENsi_inner_selected,ensemble,US20220002724A1|Table17|Be(2)C cell line|10.0nM|24h,90,-0.0139852656706589,0.2808988764044944,0.53022,0.90824,0.6388777777777778
deployment,gnn,all_ENsi_inner_selected,ensemble,US20220002724A1|Table18|Neuro2A cell line|0.1nM|24h,90,0.0202082561633123,0.2719101123595505,0.39736,0.8996600000000001,0.5979666666666668
deployment,gnn,all_ENsi_inner_selected,ensemble,US20220002724A1|Table18|Neuro2A cell line|1.0nM|24h,90,0.0015228217475408,0.3191011235955056,0.59562,0.98554,0.8122555555555553
deployment,gnn,all_ENsi_inner_selected,ensemble,US20220002724A1|Table18|Neuro2A cell line|10.0nM|24h,90,0.0616878974468491,0.3662921348314606,0.80306,0.9987,0.9060722222222224
deployment,gnn,all_ENsi_inner_selected,ensemble,US20220002724A1|Table4|Be(2)C cell line|0.1nM|24h,209,-0.0281506758881781,0.5942307692307691,0.3142,0.72,0.2440526315789473
deployment,gnn,all_ENsi_inner_selected,ensemble,US20220002724A1|Table4|Be(2)C cell line|10.0nM|24h,209,-0.065327366391293,0.660576923076923,0.8472,0.9434,0.6744497607655503
deployment,gnn,all_ENsi_inner_selected,ensemble,US20220002724A1|Table4|Primary Cynomolgus Monkey Hepatocytes|0.1nM|24h,209,-0.0540604134415706,0.5759615384615385,0.0713999999999999,0.3086,0.0525454545454545
deployment,gnn,all_ENsi_inner_selected,ensemble,US20220002724A1|Table4|Primary Cynomolgus Monkey Hepatocytes|10.0nM|24h,209,-0.0595798239272334,0.4552884615384615,0.3328,0.8301999999999999,0.388267942583732
deployment,gnn,all_ENsi_inner_selected,ensemble,US20220002724A1|Table7|Neuro2A cell line|0.1nM|24h,91,0.1145883102404841,0.4399999999999999,0.2143,0.6953799999999999,0.2634835164835165
deployment,gnn,all_ENsi_inner_selected,ensemble,US20220002724A1|Table7|Neuro2A cell line|10.0nM|24h,91,0.0887007831699305,0.3622222222222223,0.7024199999999999,0.99476,0.788976923076923
deployment,gnn,all_ENsi_inner_selected,ensemble,US20220002724A1|Table7|Primary mouse hepatocytes|0.1nM|24h,91,0.1685333758371839,0.5888888888888889,0.3933999999999999,0.8734,0.3282527472527472
deployment,gnn,all_ENsi_inner_selected,ensemble,US20220002724A1|Table7|Primary mouse hepatocytes|10.0nM|24h,91,0.1692893323602448,0.5755555555555556,0.9004000000000001,0.9884,0.8191538461538461
deployment,gnn,all_ENsi_inner_selected,ensemble,US20240117349A1|Table6|Be(2)C cell line|0.1nM|24h,33,0.0223986634704612,0.2875,0.2939999999999999,0.8400000000000001,0.4990909090909091
deployment,gnn,all_ENsi_inner_selected,ensemble,US20240117349A1|Table6|Be(2)C cell line|1.0nM|24h,33,-0.2402407632721557,0.13125,0.258,0.948,0.6566666666666667
deployment,gnn,all_ENsi_inner_selected,ensemble,US20240117349A1|Table6|Be(2)C cell line|10.0nM|24h,33,-0.2637091535670467,0.18125,0.26,0.956,0.7033333333333334
deployment,nongraph,all_ENsi_inner_selected,ensemble,US20220002724A1|Table17|Be(2)C cell line|0.1nM|24h,90,0.0701732724204634,0.2651685393258426,-0.6750999999999999,0.73614,-0.0894766666666666
deployment,nongraph,all_ENsi_inner_selected,ensemble,US20220002724A1|Table17|Be(2)C cell line|1.0nM|24h,90,-0.0017039210763657,0.3595505617977528,0.44964,0.88264,0.62997
deployment,nongraph,all_ENsi_inner_selected,ensemble,US20220002724A1|Table17|Be(2)C cell line|10.0nM|24h,90,-0.0684611268880931,0.249438202247191,0.50916,0.90824,0.6388777777777778
deployment,nongraph,all_ENsi_inner_selected,ensemble,US20220002724A1|Table18|Neuro2A cell line|0.1nM|24h,90,-0.0220850310737951,0.2831460674157303,0.4018,0.8996600000000001,0.5979666666666668
deployment,nongraph,all_ENsi_inner_selected,ensemble,US20220002724A1|Table18|Neuro2A cell line|1.0nM|24h,90,-0.0096719759641107,0.3078651685393258,0.5921200000000001,0.98554,0.8122555555555553
deployment,nongraph,all_ENsi_inner_selected,ensemble,US20220002724A1|Table18|Neuro2A cell line|10.0nM|24h,90,0.0308110221702103,0.3134831460674157,0.79688,0.9987,0.9060722222222224
deployment,nongraph,all_ENsi_inner_selected,ensemble,US20220002724A1|Table4|Be(2)C cell line|0.1nM|24h,209,-0.022451003657731,0.4764423076923076,0.2176,0.72,0.2440526315789473
deployment,nongraph,all_ENsi_inner_selected,ensemble,US20220002724A1|Table4|Be(2)C cell line|10.0nM|24h,209,-0.0628324452904192,0.6048076923076924,0.8301999999999999,0.9434,0.6744497607655503
deployment,nongraph,all_ENsi_inner_selected,ensemble,US20220002724A1|Table4|Primary Cynomolgus Monkey Hepatocytes|0.1nM|24h,209,-0.0428128345957602,0.4552884615384615,0.0445999999999999,0.3086,0.0525454545454545
deployment,nongraph,all_ENsi_inner_selected,ensemble,US20220002724A1|Table4|Primary Cynomolgus Monkey Hepatocytes|10.0nM|24h,209,-0.0795922458394057,0.3653846153846153,0.2564,0.8301999999999999,0.388267942583732
deployment,nongraph,all_ENsi_inner_selected,ensemble,US20220002724A1|Table7|Neuro2A cell line|0.1nM|24h,91,0.089775441949355,0.4399999999999999,0.2143,0.6953799999999999,0.2634835164835165
deployment,nongraph,all_ENsi_inner_selected,ensemble,US20220002724A1|Table7|Neuro2A cell line|10.0nM|24h,91,0.0862401904776324,0.3622222222222223,0.7024199999999999,0.99476,0.788976923076923
deployment,nongraph,all_ENsi_inner_selected,ensemble,US20220002724A1|Table7|Primary mouse hepatocytes|0.1nM|24h,91,0.1320937270075225,0.5888888888888888,0.3933999999999999,0.8734,0.3282527472527472
deployment,nongraph,all_ENsi_inner_selected,ensemble,US20220002724A1|Table7|Primary mouse hepatocytes|10.0nM|24h,91,0.1447774984621907,0.5755555555555556,0.9004,0.9884,0.8191538461538461
deployment,nongraph,all_ENsi_inner_selected,ensemble,US20240117349A1|Table6|Be(2)C cell line|0.1nM|24h,33,0.0429586306858846,0.2875,0.2939999999999999,0.8400000000000001,0.4990909090909091
deployment,nongraph,all_ENsi_inner_selected,ensemble,US20240117349A1|Table6|Be(2)C cell line|1.0nM|24h,33,-0.2293739229014597,0.13125,0.258,0.948,0.6566666666666667
deployment,nongraph,all_ENsi_inner_selected,ensemble,US20240117349A1|Table6|Be(2)C cell line|10.0nM|24h,33,-0.2732529134104255,0.18125,0.2599999999999999,0.956,0.7033333333333334
deployment,token_cnn,all_ENsi_inner_selected,ensemble,US20220002724A1|Table17|Be(2)C cell line|0.1nM|24h,90,0.3732394945878092,0.701123595505618,0.36042,0.73614,-0.0894766666666666
deployment,token_cnn,all_ENsi_inner_selected,ensemble,US20220002724A1|Table17|Be(2)C cell line|1.0nM|24h,90,0.3177360074768956,0.6044943820224719,0.68448,0.88264,0.62997
deployment,token_cnn,all_ENsi_inner_selected,ensemble,US20220002724A1|Table17|Be(2)C cell line|10.0nM|24h,90,0.2125118327365518,0.647191011235955,0.7771999999999999,0.90824,0.6388777777777778
deployment,token_cnn,all_ENsi_inner_selected,ensemble,US20220002724A1|Table18|Neuro2A cell line|0.1nM|24h,90,0.3056097460591842,0.6471910112359549,0.68516,0.8996600000000001,0.5979666666666668
deployment,token_cnn,all_ENsi_inner_selected,ensemble,US20220002724A1|Table18|Neuro2A cell line|1.0nM|24h,90,0.2442523768366464,0.555056179775281,0.8257999999999999,0.98554,0.8122555555555553
deployment,token_cnn,all_ENsi_inner_selected,ensemble,US20220002724A1|Table18|Neuro2A cell line|10.0nM|24h,90,0.3806144918798253,0.7168539325842697,0.92494,0.9987,0.9060722222222224
deployment,token_cnn,all_ENsi_inner_selected,ensemble,US20220002724A1|Table4|Be(2)C cell line|0.1nM|24h,209,0.1121879787859447,0.5302884615384615,0.249,0.72,0.2440526315789473
deployment,token_cnn,all_ENsi_inner_selected,ensemble,US20220002724A1|Table4|Be(2)C cell line|10.0nM|24h,209,0.0643336043511135,0.5802884615384615,0.8126,0.9434,0.6744497607655503
deployment,token_cnn,all_ENsi_inner_selected,ensemble,US20220002724A1|Table4|Primary Cynomolgus Monkey Hepatocytes|0.1nM|24h,209,-0.1101997196482496,0.3197115384615384,-0.061,0.3086,0.0525454545454545
deployment,token_cnn,all_ENsi_inner_selected,ensemble,US20220002724A1|Table4|Primary Cynomolgus Monkey Hepatocytes|10.0nM|24h,209,-0.0182450928530297,0.5235576923076923,0.4024,0.8301999999999999,0.388267942583732
deployment,token_cnn,all_ENsi_inner_selected,ensemble,US20220002724A1|Table7|Neuro2A cell line|0.1nM|24h,91,0.2097786271699315,0.4133333333333333,0.20872,0.6953799999999999,0.2634835164835165
deployment,token_cnn,all_ENsi_inner_selected,ensemble,US20220002724A1|Table7|Neuro2A cell line|10.0nM|24h,91,0.0055263797037374,0.4111111111111111,0.70854,0.99476,0.788976923076923
deployment,token_cnn,all_ENsi_inner_selected,ensemble,US20220002724A1|Table7|Primary mouse hepatocytes|0.1nM|24h,91,0.2901714081521047,0.4966666666666667,0.3238,0.8734,0.3282527472527472
deployment,token_cnn,all_ENsi_inner_selected,ensemble,US20220002724A1|Table7|Primary mouse hepatocytes|10.0nM|24h,91,0.148265537204019,0.5311111111111111,0.7837999999999999,0.9884,0.8191538461538461
deployment,token_cnn,all_ENsi_inner_selected,ensemble,US20240117349A1|Table6|Be(2)C cell line|0.1nM|24h,33,0.0685332240514113,0.378125,0.374,0.8400000000000001,0.4990909090909091
deployment,token_cnn,all_ENsi_inner_selected,ensemble,US20240117349A1|Table6|Be(2)C cell line|1.0nM|24h,33,-0.224692822434083,0.328125,0.45,0.948,0.6566666666666667
deployment,token_cnn,all_ENsi_inner_selected,ensemble,US20240117349A1|Table6|Be(2)C cell line|10.0nM|24h,33,-0.2601930315194861,0.284375,0.4639999999999999,0.956,0.7033333333333334
